Workshop UUID,Site UUID,Site Name,Modern Workshop Name,Ancient Site Name,Modern Site Name,Ancient Province,Modern Country,Modern State_Region,Geographical Area,Latitude,Longitude,Number of vats _ treading installations,Construction date _ start,Construction date _ end,Construction date _ century,constructed_by_AD200,Type Identification Certainty,Notes,Industry,Remains Visible,Comments on Visibility,Dates Visited,Pleiades ID,RAMPPA,DGPC ID,Basis for Industry Identification,Comments on Identification,More than one construction date?,Number of standalone vats _ treading installations,Number of contiguous vats _ treading installations,Number of rinsing basins,Number of standalone rinsing basins,Number of contiguous rinsing basins,Two or more vats _ stalls of same size,Vats _ stalls of differing sizes,Two or more treading tubs_vats of same size,Treading tubs_vats of differing sizes,Two or more rinsing basins of same size,Rinsing basins of differing sizes,Vats _ treading equipment or rinsing basins inside a building,Vats _ treading equipment or rinsing basins outside a building,Vat _ treading equipment arrangements,Vat _ treading equipment arrangement_primary,Vat _ treading equipment arrangement_entire,Rinsing basin locations,Courtyard present,Describe courtyard,Stairs into any vats,Describe stairs into any vats,Containers embedded near treading equipment,Describe containers embedded near treading equipment,Working floor in front of treading equipment,Describe working floor in front of treading equipment,Workshop relationship to other structures,Workshop relationship to human settlement,Site Notes,Site Pleiades ID,vat_sets,vats_in_vat_table,vat_shapes,vat_lining,construction_dated
E3E193E2-CF1D-43FD-B5A5-97CC323076C2,32C20DA9-B7E9-4E14-BF88-00B0B641FD98,Abdera (Adra),Workshop 1,Abdera,Adra,Hispania Baetica,Spain,Andalusia,Eastern Baetica,36.75073,-3.01046,10,-50,100.0,1.0,1.0,4,"Also called ""Cerro de Montecristo.""",Fish-salting,No,"Étienne and Mayet 2002 sound like it is not visible, found under the construction of a monastery.",,265762.0,http://ramppa.uca.es/cetaria/cerro-de-montecristo-i,,"Location (Resource Proximity)
Spatial Organization
Equipment Construction
Equipment Morphology",,,2.0,8.0,,,,Yes,Yes,,,,,Yes,Cannot,parallel,parallel,,,Yes,,No,,,,,,Cannot,Suburban,,265762.0,5,10,rectangle;rectangular (?);square,unknown,True
3E1892EF-D525-46CA-B02F-80F94FD6B453,32C20DA9-B7E9-4E14-BF88-00B0B641FD98,Abdera (Adra),Workshop 3,Abdera,Adra,Hispania Baetica,Spain,Andalusia,Eastern Baetica,36.75001,-3.00726,3,-100,200.0,2.0,1.0,3,,Fish-salting,Uncertain,,,,http://ramppa.uca.es/cetaria/cerro-de-montecristo-iii,,"Location (Resource Proximity)
Equipment Morphology
Equipment Construction",,,1.0,2.0,,,,Cannot,Cannot,,,,,Cannot,Cannot,unknown,unknown,,,Cannot,,Cannot,,,,,,Cannot,Suburban,,265762.0,2,3,rectangular (?),opus signinum,True
16570261-3F75-4D47-A8AA-A6E838EFDFED,32C20DA9-B7E9-4E14-BF88-00B0B641FD98,Abdera (Adra),Workshop 4,Abdera,Adra,Hispania Baetica,Spain,Andalusia,Eastern Baetica,36.75066,-3.00837,2,-100,100.0,1.0,1.0,3,,Fish-salting,Uncertain,,,,http://ramppa.uca.es/cetaria/cerro-de-montecristo-iv,,"Location (Resource Proximity)
Equipment Morphology
Equipment Construction",,,0.0,2.0,,,,Cannot,Cannot,,,,,Cannot,Cannot,joined,joined,,,Cannot,,Cannot,,,,,,Cannot,Suburban,,265762.0,1,2,rectangular (?),opus signinum,True
AD506971-0978-42DB-902D-8C66C4B673C4,6422197E-CD9C-40D7-B19F-F92792C84B62,Adro Vello,,,Adro Vello,Hispania Tarraconensis,Spain,Galicia,Northwestern Iberia,42.47771,-8.9312,4,,,,,4,,Fish-salting,Uncertain,not sure if the vats were backfilled. Probably worth visiting just to see.  BUT it looks like the site is FENCED OFF.,,,http://ramppa.uca.es/cetaria/adro-vello,,"Equipment Morphology
Equipment Construction
Spatial Organization
Ecofacts",Fish remains were found in some vats.,,1.0,3.0,,,,Yes,No,,,,,Yes,No,L-shaped,L-shaped,,,Yes,,No,,,,,,Cannot,Settlement,,93604430.0,1,4,square,opus signinum,False
82E08D3A-A0AF-49B9-999D-DBC1DA393DBC,EA18A748-75F0-4B10-900E-DA39D7269929,Alcabre,O Fiunchal,,Alcabre,Hispania Tarraconensis,Spain,Galicia,Northwestern Iberia,42.22351,-8.76269,3,101,200.0,2.0,1.0,3,,Fish-salting,No,,,,http://ramppa.uca.es/cetaria/o-fiunchal-alcabre,,"Location (Resource Proximity)
Equipment Morphology
Equipment Construction
Spatial Organization",,,0.0,3.0,,,,Cannot,Cannot,,,,,Yes,No,line,line,,,Yes,,No,,,,,,Cannot,Unknown,,,3,3,rectangle;rectangular (?),none survives;opus signinum,True
729C4948-ADD6-47AD-B1B0-D7FA1A4FDA4C,36BBCC1C-C545-46AE-B26E-4F894CC8D515,Aptouchou (Al-Haniya),Site 1,Aptouchou,Al-Haniya,Creta et Cyrenaica,Libya,,Cyrenaica,32.83559,21.50994,8,,,,,2,"Labeled as ""APSC13"" in Hesein 2014b.",Fish-salting,Yes,,,,,,"Equipment Morphology
Location (Resource Proximity)
Spatial Organization
Equipment Construction",,,8.0,0.0,,,,Yes,No,,,,,Yes,No,scattered,scattered,,,Yes,open areas on the surrounding rock surface,No,,,,,,Assoc w/ other,Rural,,373733.0,1,8,circle,opus signinum,False
D9FF451D-B8F4-4012-A782-C8B82435AA72,36BBCC1C-C545-46AE-B26E-4F894CC8D515,Aptouchou (Al-Haniya),Site 2,Aptouchou,Al-Haniya,Creta et Cyrenaica,Libya,,Cyrenaica,32.83526,21.50868,12,,,,,2,"Labeled as ""APSC14"" in Hesein 2014b.",Fish-salting,Yes,,,,,,"Location (Resource Proximity)
Equipment Morphology
Spatial Organization
Equipment Construction",,,12.0,0.0,,,,Yes,Yes,,,,,Yes,No,"line
scattered",line,,,Yes,open areas on the surrounding rock surface,No,,,,,,Just WS,Rural,,373733.0,1,12,circle,opus signinum,False
3681F11B-DBF7-4048-9A8D-B99E3AA5ADD8,1EF64C6A-0EBF-45F4-8162-7A12C4DCCC34,Aspis Clipea (Kelibia),,Aspis Clipea,Kelibia,Africa Proconsularis,Tunisia,,North-central Africa,36.83795,11.11224,8,151,250.0,3.0,1.0,3,A house was built on top of the workshop in the 5th century CE.,Fish-salting,Yes,,,314892.0,,,"Location (Resource Proximity)
Equipment Morphology
Equipment Construction
Spatial Organization",,,0.0,8.0,,,,Cannot,Yes,,,,,Yes,No,grid,grid,,,Yes,an opus signinum courtyard preceded the mosaic paving,No,,,,,,Assoc w/ other,Urban,,314892.0,3,8,irregular;rectangular (?);square,"opus figlinum
opus signinum",True
BC271579-2B9F-4337-BDC8-EE41D7E80BBE,E79FFFAF-6215-4EA3-A281-46A3C84DE3FC,Assa Musa,,,Assa Musa,Creta et Cyrenaica,Libya,,Cyrenaica,32.93907,21.72066,6,,,,,2,"Labeled as ""AMSC1"" in Hesein 2014b.",Fish-salting,Yes,,,,,,"Location (Resource Proximity)
Equipment Morphology
Spatial Organization
Equipment Construction",,,6.0,0.0,,,,Yes,Yes,,,,,Cannot,Cannot,scattered,scattered,,,Yes,open areas on the surrounding rock surface,No,,,,,,Just WS,Rural,Located about 1 km northwest of the Roman settlement at Sidi Aamer (Pleiades: ﻿373889). The vats are next to a natural anchorage.,,1,6,circle,unknown,False
6FAC0759-B744-412A-9745-177EC40241FA,1CFEBEC1-3407-4256-A867-D1E78381171A,Aveiros,,,Aveiros,Lusitania,Portugal,Algarve,Southern Portugal,37.08275,-8.23205,1,,,,,2,,Fish-salting,Uncertain,,,,http://ramppa.uca.es/cetaria/praia-de-aveiros,21461.0,"Location (Resource Proximity)
Equipment Morphology",,,1.0,0.0,,,,Cannot,Cannot,,,,,Cannot,Cannot,,,,,Cannot,,No,,,,,,Cannot,Rural,,,1,1,rectangle,unknown,False
A67D73E7-FA5F-479B-8F59-858E56E770CE,89C10FB1-49D6-4F56-A862-33067D098C6B,Baelo Claudia (Bolonia),Conjunto Industrial I,Baelo Claudia,Bolonia,Hispania Baetica,Spain,Andalusia,Strait of Gibraltar,36.0886,-5.77464,6,1,200.0,,1.0,4,The workshop has also been assigned numbers 5 (Ponsich and Tarradell 1965) and 6 (Ponsich 1988; Trakadas 2005). Vats 1 and 2 were rebuilt after the 1st century CE.,Fish-salting,Yes,,"June 19, 2016",256005.0,http://ramppa.uca.es/cetaria/baelo-claudia-i,,"Location (Resource Proximity)
Equipment Morphology
Equipment Construction
Spatial Organization",,Yes,0.0,6.0,,,,Yes,Yes,,,,,Yes,No,grid,grid,Yes,,Yes,includes a small rectangular basin with a cuvet at its bottom,No,,,,,,Just WS,Urban,"The numbering of workshops follows Arévalo and Bernal Casasola (2007a, 86–87, tables 1–2). The bibliography cited below covers all workshops except X–XII, which were excavated recently.",256005.0,2,6,rectangle,opus signinum,True
0BD7763E-3642-46FC-B39E-AC556C7DC3E1,89C10FB1-49D6-4F56-A862-33067D098C6B,Baelo Claudia (Bolonia),Conjunto Industrial IV,Baelo Claudia,Bolonia,Hispania Baetica,Spain,Andalusia,Strait of Gibraltar,36.08848,-5.775,9,101,400.0,,1.0,4,"Unlike the other workshops, the numbering of this facility has been consistent throughout all major scholarship. Two renovations were made at unknown dates. Vat 1 was created by merging two original vats. Separately, vats 8 and 9 were added; Arévalo and Bernal Casasola (2007a) proposed that they were built around the same time as the vats in Conjunto Industrial IV B, after the 2nd century CE.",Fish-salting,Yes,,"June 19, 2016",256005.0,http://ramppa.uca.es/cetaria/baelo-claudia-iv,,"Location (Resource Proximity)
Equipment Morphology
Spatial Organization
Equipment Construction",,Yes,0.0,9.0,,,,Yes,Yes,,,,,Yes,No,"grid
joined",grid,Yes,,Yes,,No,,,,,,Just WS,Urban,"The numbering of workshops follows Arévalo and Bernal Casasola (2007a, 86–87, tables 1–2). The bibliography cited below covers all workshops except X–XII, which were excavated recently.",256005.0,3,9,rectangle;square,opus signinum,True
ADDC9BC5-DA3B-49D1-BEB5-351509B43F78,89C10FB1-49D6-4F56-A862-33067D098C6B,Baelo Claudia (Bolonia),Conjunto Industrial IV B,Baelo Claudia,Bolonia,Hispania Baetica,Spain,Andalusia,Strait of Gibraltar,36.08843,-5.77496,2,201,400.0,4.0,0.0,4,Trakadas (2005) called it workshop 5.,Fish-salting,Yes,,"June 19, 2016",256005.0,,,"Location (Resource Proximity)
Equipment Morphology
Equipment Construction",,,0.0,2.0,,,,Yes,No,,,,,Yes,No,joined,joined,Yes,,Yes,,No,,,,,,Assoc w/ other,Urban,"The numbering of workshops follows Arévalo and Bernal Casasola (2007a, 86–87, tables 1–2). The bibliography cited below covers all workshops except X–XII, which were excavated recently.",256005.0,1,2,rectangle,opus signinum,True
D3A76572-3984-4674-AE50-2EB9E8854E38,89C10FB1-49D6-4F56-A862-33067D098C6B,Baelo Claudia (Bolonia),Conjunto Industrial V,Baelo Claudia,Bolonia,Hispania Baetica,Spain,Andalusia,Strait of Gibraltar,36.0884,-5.77526,10,1,200.0,2.0,1.0,4,The facility has also been numbered as workshop 2 (Ponsich and Tarradell 1965; Ponsich 1988; Trakadas 2005). Evidence of a second floor is preserved.,Fish-salting,Yes,,"June 19, 2016",256005.0,http://ramppa.uca.es/cetaria/baelo-claudia-v,,"Location (Resource Proximity)
Equipment Morphology
Spatial Organization
Equipment Construction",,,0.0,10.0,,,,Yes,Yes,,,,,Yes,No,L-shaped,L-shaped,Yes,,Yes,includes a cuvet,No,,,,,,Just WS,Urban,"The numbering of workshops follows Arévalo and Bernal Casasola (2007a, 86–87, tables 1–2). The bibliography cited below covers all workshops except X–XII, which were excavated recently.",256005.0,4,10,rectangle;square,opus signinum,True
06BD5DCB-F7FC-48E9-9A50-90E315C9F18B,89C10FB1-49D6-4F56-A862-33067D098C6B,Baelo Claudia (Bolonia),Conjunto Industrial VI,Baelo Claudia,Bolonia,Hispania Baetica,Spain,Andalusia,Strait of Gibraltar,36.08849,-5.7751,13,1,200.0,2.0,1.0,4,"The facility has also been numbered as workshop 3 (Ponsich and Tarradell 1965; Ponsich 1988, also assigning it number 5; Trakadas 2005).",Fish-salting,Yes,,"June 19, 2016",256005.0,http://ramppa.uca.es/cetaria/baelo-claudia-vi,,"Spatial Organization
Equipment Construction
Equipment Morphology
Location (Resource Proximity)",,,0.0,13.0,,,,Yes,Yes,,,,,Yes,No,U-shaped,U-shaped,Yes,,Yes,includes numerous cuvets in the courtyard,No,,,,,,Just WS,Urban,"The numbering of workshops follows Arévalo and Bernal Casasola (2007a, 86–87, tables 1–2). The bibliography cited below covers all workshops except X–XII, which were excavated recently.",256005.0,5,13,circle;rectangle;square,opus signinum,True
BDBA2935-9C28-4C38-9350-9A04BE6BFEC9,89C10FB1-49D6-4F56-A862-33067D098C6B,Baelo Claudia (Bolonia),Conjunto Industrial VII,Baelo Claudia,Bolonia,Hispania Baetica,Spain,Andalusia,Strait of Gibraltar,36.08844,-5.77543,6,1,200.0,2.0,1.0,4,The facility has also been numbered as workshop 1 (Ponsich and Tarradell 1965; Ponsich 1988; Trakadas 2005) or been left unnumbered (Sillières et al. 1995; Étienne and Mayet 2002).,Fish-salting,Yes,,"June 19, 2016",256005.0,http://ramppa.uca.es/cetaria/baelo-claudia-vii,,"Location (Resource Proximity)
Equipment Morphology
Spatial Organization
Equipment Construction",,,0.0,6.0,,,,Yes,Yes,,,,,Yes,No,"unknown
joined",joined,,,Cannot,,No,,,,,,Just WS,Urban,"The numbering of workshops follows Arévalo and Bernal Casasola (2007a, 86–87, tables 1–2). The bibliography cited below covers all workshops except X–XII, which were excavated recently.",256005.0,4,6,rectangular (?);square,opus signinum;unknown,True
EF25EF72-4F14-453E-AA17-A4F267ADB586,89C10FB1-49D6-4F56-A862-33067D098C6B,Baelo Claudia (Bolonia),Conjunto Industrial X,Baelo Claudia,Bolonia,Hispania Baetica,Spain,Andalusia,Strait of Gibraltar,36.08868,-5.774,3,1,50.0,1.0,1.0,4,,Fish-salting,Yes,,"June 19, 2016",256005.0,http://ramppa.uca.es/cetaria/baelo-claudia-x,,"Spatial Organization
Equipment Construction
Location (Resource Proximity)
Equipment Morphology
Ecofacts",Marine remains were found and are currently being studied.,,0.0,3.0,,,,Yes,No,,,,,Yes,No,line,line,,,Yes,includes a cuvet,No,,,,,,Just WS,Urban,"The numbering of workshops follows Arévalo and Bernal Casasola (2007a, 86–87, tables 1–2). The bibliography cited below covers all workshops except X–XII, which were excavated recently.",256005.0,2,3,square,opus signinum;unknown,True
E70EB48E-D34F-4B9C-BE03-A7CD54456100,89C10FB1-49D6-4F56-A862-33067D098C6B,Baelo Claudia (Bolonia),Conjunto Industrial XI,Baelo Claudia,Bolonia,Hispania Baetica,Spain,Andalusia,Strait of Gibraltar,36.08862,-5.77398,9,1,100.0,1.0,1.0,4,,Fish-salting,Yes,,"June 19, 2016",256005.0,http://ramppa.uca.es/cetaria/baelo-claudia-xi,,"Location (Resource Proximity)
Equipment Morphology
Spatial Organization
Equipment Construction
Ecofacts",Fish and other marine remains were found at the bottom of some vats and more remains were found in abandonment levels. The material is currently being studied.,,0.0,9.0,,,,Yes,No,,,,,Yes,No,U-shaped,U-shaped,,,Yes,,No,,,,,,Just WS,Urban,"The numbering of workshops follows Arévalo and Bernal Casasola (2007a, 86–87, tables 1–2). The bibliography cited below covers all workshops except X–XII, which were excavated recently.",256005.0,2,9,square,opus signinum,True
DB22BE38-59F6-41A5-91DE-4F0E33B755A7,89C10FB1-49D6-4F56-A862-33067D098C6B,Baelo Claudia (Bolonia),Conjunto Industrial XII,Baelo Claudia,Bolonia,Hispania Baetica,Spain,Andalusia,Strait of Gibraltar,36.08823,-5.7745,6,1,100.0,1.0,1.0,4,,Fish-salting,Yes,,"June 19, 2016",256005.0,http://ramppa.uca.es/cetaria/baelo-claudia-xii,,"Location (Resource Proximity)
Equipment Morphology
Spatial Organization
Equipment Construction
Ecofacts
Artifacts",Fish remains were found at the bottom of some vats. The material is currently being studied. Fishing equipment also was excavated.,,0.0,6.0,,,,Yes,Yes,,,,,Yes,No,parallel,parallel,,,Yes,,No,,,,,,Just WS,Urban,"The numbering of workshops follows Arévalo and Bernal Casasola (2007a, 86–87, tables 1–2). The bibliography cited below covers all workshops except X–XII, which were excavated recently.",256005.0,4,6,rectangle,opus signinum,True
C5375915-8BA5-45E4-A7CC-D90E2C04F386,89C10FB1-49D6-4F56-A862-33067D098C6B,Baelo Claudia (Bolonia),Workshop West of the Macellum,Baelo Claudia,Bolonia,Hispania Baetica,Spain,Andalusia,Strait of Gibraltar,36.08953,-5.77556,10,51,75.0,1.0,1.0,4,,Fish-salting,Yes,,"June 19, 2016",256005.0,http://ramppa.uca.es/cetaria/baelo-claudia-oeste-del-macellum,,"Location (Resource Proximity)
Equipment Morphology
Equipment Construction
Ecofacts",Marine remains were reported but have not been studied in detail.,,6.0,4.0,,,,Yes,Yes,,,,,Yes,No,"scattered
grid",scattered,Yes,,Yes,,No,,,,,,Just WS,Urban,"The numbering of workshops follows Arévalo and Bernal Casasola (2007a, 86–87, tables 1–2). The bibliography cited below covers all workshops except X–XII, which were excavated recently.",256005.0,6,10,rectangle;square,opus signinum,True
066CD8CB-3923-4CF8-9B53-694BE593E7B1,04AB5DC0-4544-4576-A3C1-C4AED1A16065,Baesippo (Barbate),Calle Brunete/Colón,Baesippo,Barbate,Hispania Baetica,Spain,Andalusia,Strait of Gibraltar,36.19022,-5.91788,1,251,350.0,4.0,0.0,3,,Fish-salting,No,,,,,,"Location (Resource Proximity)
Equipment Morphology
Equipment Construction
Artifacts
Ecofacts",A fish hook and tuna remains were found in the vat.,,1.0,0.0,,,,Cannot,Cannot,,,,,Cannot,Cannot,,,,,Cannot,,Cannot,,,,,,Cannot,Unknown,,256007.0,1,1,rectangle,opus signinum,True
F8AE9F04-7076-4263-BDAC-D86166FE656C,04AB5DC0-4544-4576-A3C1-C4AED1A16065,Baesippo (Barbate),Calle Castrillón,Baesippo,Barbate,Hispania Baetica,Spain,Andalusia,Strait of Gibraltar,36.19063,-5.91698,2,101,150.0,2.0,1.0,3,"Located at Calle Padre Castrillón 20, also called ""Calle Manuel Malia Bernal.""",Fish-salting,No,A building was constructed on top.,,,http://ramppa.uca.es/cetaria/calle-padre-castrillon,,"Location (Resource Proximity)
Equipment Morphology
Equipment Construction
Spatial Organization
Artifacts
Ecofacts",Fishing equipment and fish remains were found at the site.,,2.0,0.0,,,,Yes,No,,,,,Yes,No,unknown,unknown,,,Yes,,No,,,,,,Cannot,Unknown,,256007.0,1,2,rectangle,opus signinum,True
DB2818A5-53A7-4DC2-B0CC-7E90AFBB1228,D47BB1D0-CB1F-4DA1-9609-C12B1FAED0D6,Balsa (Tavira),Quinta das Antas,Balsa,Tavira,Lusitania,Portugal,Algarve,Southern Portugal,37.08578,-7.68962,2,,,,,4,"Several vats were reported but only one has been described, photographed, or drawn in any detail (Estácio de Veiga Affonso dos Santos 1971, 288–289). Since the precise number is unknown,  I have recorded only two vats at the site.",Fish-salting,Uncertain,"Partially or entirely submerged?? Étienne and Mayet (2002, p. 67) say that torrential rain uncovered a line of 18 basins that nobody could uncover or photograph!  At least some were visible in the early 1970s, when Estácio de Veiga Affonso dos Santos (1971, p. 288, figs. 115–116) photographed one.",,256013.0,,27930.0,"Location (Resource Proximity)
Equipment Morphology
Spatial Organization
Equipment Construction",Étienne et al. (1994) classified it as definitely a fish-salting workshop.,,1.0,0.0,,,,Cannot,Cannot,,,,,Cannot,Cannot,unknown,unknown,,,Cannot,,No,,,,,,Cannot,Suburban,,256013.0,1,1,square,opus signinum,False
16DCCE9B-0637-4D03-A6C3-4FD642C2374E,D47BB1D0-CB1F-4DA1-9609-C12B1FAED0D6,Balsa (Tavira),Torre de Aires,Balsa,Tavira,Lusitania,Portugal,Algarve,Southern Portugal,37.0833,-7.69561,11,,,,,4,,Fish-salting,No,,,,http://ramppa.uca.es/cetaria/quinta-de-torre-de-ares,,"Equipment Morphology
Location (Resource Proximity)
Spatial Organization
Equipment Construction",,,0.0,11.0,,,,Yes,Yes,,,,,Yes,No,"grid
U-shaped",U-shaped,,,Yes,,No,,,,,,Just WS,Urban,,256013.0,5,11,rectangle;rectangular (?);square,unknown,False
CA64AB2C-434D-462E-9A57-33CB1F3FC217,A6938BD5-52C2-4892-99C0-06991C681981,Banasa,Group 1,Banasa,,Mauretania Tingitana,Morocco,,Southern Mauretania Tingitana,34.60197,-6.1158,2,1,300.0,3.0,1.0,3,The configuration is identical to Group 5.,Fish-salting,Yes,Bing has a better satellite image than Google.,"June 14, 2016",,,,"Equipment Morphology
Equipment Construction
Location (Resource Proximity)","Not located near the sea, but near a river and modern salt pans. Trakadas (2015) classified it as probably a fish-salting workshop.",,0.0,2.0,,,,No,Yes,,,,,Yes,No,joined,joined,Yes,,Cannot,,No,,,,,,Assoc w/ other,Urban,The workshops are dated broadly to the Roman phase of the site (see Trakadas 2015).,275599.0,1,2,rectangle,opus signinum,True
04621448-3D1C-402F-ADE5-B4E8FF814AD7,A6938BD5-52C2-4892-99C0-06991C681981,Banasa,Group 2,Banasa,,Mauretania Tingitana,Morocco,,Southern Mauretania Tingitana,34.60153,-6.11591,1,1,300.0,3.0,1.0,3,,Fish-salting,Yes,,"June 14, 2016",,,,"Equipment Morphology
Equipment Construction
Location (Resource Proximity)","Not located near the sea, but near a river and modern salt pans. Trakadas (2015) classified it as probably a fish-salting workshop.",,1.0,0.0,,,,Cannot,Cannot,,,,,Cannot,Cannot,,,Yes,,Cannot,,No,,,,,,Cannot,Urban,The workshops are dated broadly to the Roman phase of the site (see Trakadas 2015).,275599.0,1,1,rectangle,opus signinum,True
E281C76B-31AD-46B2-A88B-F0CD042F15D2,A6938BD5-52C2-4892-99C0-06991C681981,Banasa,Group 4,Banasa,,Mauretania Tingitana,Morocco,,Southern Mauretania Tingitana,34.60249,-6.11522,1,1,300.0,3.0,1.0,3,,Fish-salting,Yes,,"June 14, 2016",,,,"Equipment Morphology
Equipment Construction
Location (Resource Proximity)","Not located near the sea, but near a river and modern salt pans. Trakadas (2015) classified it as probably a fish-salting workshop.",,1.0,0.0,,,,Cannot,Cannot,,,,,Cannot,Cannot,,,Yes,,Cannot,,Cannot,,,,,,Cannot,Urban,The workshops are dated broadly to the Roman phase of the site (see Trakadas 2015).,275599.0,1,1,rectangle,opus signinum,True
D4EB0365-E4D4-4961-B880-97A644E91143,A6938BD5-52C2-4892-99C0-06991C681981,Banasa,Group 5,Banasa,,Mauretania Tingitana,Morocco,,Southern Mauretania Tingitana,34.60275,-6.11465,2,1,300.0,3.0,1.0,3,The configuration is identical to Group 1. Cerri incorrectly lists one vat; Trakadas correctly identifies two.,Fish-salting,Yes,,"June 14, 2016",,,,"Equipment Morphology
Equipment Construction
Location (Resource Proximity)","Not located near the sea, but near a river and modern salt pans. Trakadas (2015) classified it as probably a fish-salting workshop.",,0.0,2.0,,,,No,Yes,,,,,Yes,No,joined,joined,Yes,,Cannot,,No,,,,,,Assoc w/ other,Urban,The workshops are dated broadly to the Roman phase of the site (see Trakadas 2015).,275599.0,1,2,rectangle,opus signinum,True
0FF72C3F-9CAA-4226-B3F2-93CCBD8BBD17,B0D70D43-F16C-4A67-9D6E-7A05610CA934,Baralha,,,Baralha,Lusitania,Portugal,Algarve,Southern Portugal,37.173,-8.542,2,,,,,2,,Fish-salting,Yes,,,,,,"Location (Resource Proximity)
Equipment Morphology
Equipment Construction",,,2.0,0.0,,,,Cannot,Cannot,,,,,Cannot,Cannot,unknown,unknown,,,Cannot,,No,,,,,,Cannot,Rural,,,2,2,rectangular (?),opus signinum,False
806D2EC2-6752-4858-AD19-21DBEAAEE4C8,4BF050F9-95E3-43F7-8713-8DBA01A4FC2C,Barcino (Barcelona),Fish-Salting Workshop,Barcino,Barcelona,Hispania Tarraconensis,Spain,Catalonia,S France and NE Iberia,41.38417,2.17731,12,276,300.0,3.0,0.0,3,"Located in the Plaça del Rei. The site includes a fish-salting workshop, winery, cloth dyer, and fullonica.",Fish-salting,Yes,Visible – see TripAdvisor,"June 15, 2017",,http://ramppa.uca.es/cetaria/plaza-del-rey,,"Equipment Morphology
Equipment Construction
Spatial Organization
Location (Resource Proximity)
Ecofacts
Artifacts",Fish remains and fishing equipment were found throughout the site.,,6.0,6.0,,,,Yes,Yes,,,,,Yes,No,"scattered
line",line,Yes,,Yes,,No,,,,,,Just WS,Urban,,246343.0,3,12,dolium;rectangle;square,opus signinum,True
3E2606A5-21EB-43C2-98A4-4555250C0721,1E4D19CF-CB42-4BB6-93D9-A46A6E52DC9A,Baria (Villaricos),Workshop 1,Baria,Villaricos,Hispania Tarraconensis,Spain,Andalusia,Southeastern Iberia,37.246,-1.77438,6,1,300.0,,1.0,4,In the 3rd century CE at least three new vats were added to the north (Workshop 1b).,Fish-salting,Uncertain,,,265820.0,http://ramppa.uca.es/cetaria/villaricos-i,,"Artifacts
Location (Resource Proximity)
Equipment Morphology
Equipment Construction
Spatial Organization",Fishing equipment was excavated in association with the vats.,Yes,1.0,5.0,,,,Yes,Yes,,,,,Yes,No,"grid
unknown",grid,,,Yes,,No,,,,,,Just WS,Urban,,265820.0,4,6,rectangle;rectangular (?),opus signinum,True
4E9ADF11-26F3-4292-9BF4-F399501F9C5B,1E4D19CF-CB42-4BB6-93D9-A46A6E52DC9A,Baria (Villaricos),Workshop 2,Baria,Villaricos,Hispania Tarraconensis,Spain,Andalusia,Southeastern Iberia,37.246,-1.77438,3,1,100.0,1.0,1.0,4,,Fish-salting,Uncertain,,,265820.0,http://ramppa.uca.es/cetaria/villaricos-ii,,"Artifacts
Equipment Morphology
Equipment Construction
Spatial Organization
Location (Resource Proximity)",Fish remains and fishing equipment were found in one of the vats.,,0.0,3.0,,,,Cannot,Cannot,,,,,Yes,No,grid,grid,,,Yes,,No,,,,,,Cannot,Urban,,265820.0,2,3,rectangle;rectangular (?),opus signinum,True
BB2CA7D5-EC1F-4416-B389-C45B75DEA408,1E4D19CF-CB42-4BB6-93D9-A46A6E52DC9A,Baria (Villaricos),Workshop 3,Baria,Villaricos,Hispania Tarraconensis,Spain,Andalusia,Southeastern Iberia,37.246,-1.77438,3,1,100.0,1.0,1.0,3,,Fish-salting,Uncertain,,,265820.0,http://ramppa.uca.es/cetaria/villaricos-iii,,"Location (Resource Proximity)
Equipment Morphology
Spatial Organization
Equipment Construction
Artifacts",Fishing equipment was found.,,3.0,0.0,,,,Cannot,Yes,,,,,Yes,No,scattered,scattered,,,Yes,,No,,,,,,Just WS,Urban,,265820.0,2,3,rectangle;rectangular (?),opus signinum,True
46A07DFC-FC77-4F93-9792-CE78E52F8AD3,1E4D19CF-CB42-4BB6-93D9-A46A6E52DC9A,Baria (Villaricos),Workshop 4,Baria,Villaricos,Hispania Tarraconensis,Spain,Andalusia,Southeastern Iberia,37.246,-1.77438,1,1,100.0,1.0,1.0,2,"It is unclear why the excavators interpreted the smaller (1.82 x 1.20 m) hydraulic feature as a water tank or cistern, while the larger one (3.20 x 1 m) was interpreted as a fish-salting vat.",Fish-salting,Uncertain,,,265820.0,http://ramppa.uca.es/cetaria/villaricos-iv,,"Location (Resource Proximity)
Equipment Morphology
Equipment Construction",The proximity of this workshop to the others at the site seems to have influenced its identification.,,1.0,0.0,,,,Cannot,Cannot,,,,,Yes,No,,,,,Cannot,,No,,,,,,Just WS,Urban,,265820.0,1,1,rectangle,type unknown,True
5A4B2E86-12AC-400E-9688-93D2A0EFC875,1E4D19CF-CB42-4BB6-93D9-A46A6E52DC9A,Baria (Villaricos),Workshop 5,Baria,Villaricos,Hispania Tarraconensis,Spain,Andalusia,Southeastern Iberia,37.246,-1.77438,6,1,100.0,1.0,1.0,3,,Fish-salting,Uncertain,,,265820.0,http://ramppa.uca.es/cetaria/villaricos-v,,"Location (Resource Proximity)
Equipment Morphology
Equipment Construction
Spatial Organization",,,0.0,6.0,,,,Yes,Cannot,,,,,Yes,No,grid,grid,,,Yes,,No,,,,,,Just WS,Urban,,265820.0,3,6,rectangle;rectangular (?);square,unknown,True
E71FD1FA-4E15-48F8-A33C-28B0C8B02FF1,1E4D19CF-CB42-4BB6-93D9-A46A6E52DC9A,Baria (Villaricos),Workshop 6,Baria,Villaricos,Hispania Tarraconensis,Spain,Andalusia,Southeastern Iberia,37.246,-1.77438,2,1,100.0,1.0,1.0,3,,Fish-salting,Uncertain,,,265820.0,http://ramppa.uca.es/cetaria/villaricos-vi,,"Location (Resource Proximity)
Equipment Morphology
Equipment Construction",,,2.0,0.0,,,,No,Yes,,,,,Yes,No,L-shaped,L-shaped,,,Yes,includes a cuvet,No,,,,,,Just WS,Urban,,265820.0,2,2,rectangle,opus signinum,True
E1822E01-674D-4111-A9EC-6E6FDA5AB61E,1E4D19CF-CB42-4BB6-93D9-A46A6E52DC9A,Baria (Villaricos),Workshop 7,Baria,Villaricos,Hispania Tarraconensis,Spain,Andalusia,Southeastern Iberia,37.2463,-1.7733,4,-225,-225.0,-3.0,1.0,2,The dating derives from ceramics found in the walls of the vat (see RAMPPA entry). López Castro et al. (2007) gave a slightly earlier date of the second half of the 4th century BCE based on material found below the vats. Three more vats were found nearby but they were almost completely destroyed; no images have been published.,Fish-salting,Uncertain,,,265820.0,http://ramppa.uca.es/cetaria/villaricos-vii,,"Equipment Morphology
Equipment Construction
Location (Resource Proximity)",,,1.0,0.0,,,,Cannot,Cannot,,,,,Cannot,Cannot,unknown,unknown,,,Cannot,,No,,,,,,Cannot,Urban,,265820.0,1,1,square,mortar without ceramics,True
39911FCB-1D80-42FF-B80F-CFD6443E6E7A,1E4D19CF-CB42-4BB6-93D9-A46A6E52DC9A,Baria (Villaricos),Workshop 9,Baria,Villaricos,Hispania Tarraconensis,Spain,Andalusia,Southeastern Iberia,37.247,-1.772,6,,,,,3,"Siret also reported three other groups of basins nearby, but did not provide details. Some vats were still visible in the 1980s but it is unknown to which of Siret's groups they corresponded; see Cara Barrionuevo et al. 1988, 67–69.",Fish-salting,Uncertain,Archaeological museum (prehistoric): http://www.turismo.cuevasdelalmanzora.es/,,265820.0,http://ramppa.uca.es/cetaria/villaricos-ix,,"Equipment Morphology
Equipment Construction
Spatial Organization
Location (Resource Proximity)
Ecofacts",Some of the vats contained fish remains.,,0.0,6.0,,,,Yes,Yes,,,,,Cannot,Cannot,L-shaped,L-shaped,,,Cannot,,No,,,,,,Cannot,Suburban,,265820.0,2,6,rectangle,unknown,False
B9316167-290A-4B02-BE59-416EC4A95D7D,DB255046-5DA4-4987-92EA-5F1B89150F84,Belém,,,Belém,Lusitania,Portugal,Lisboa,Lisbon,38.69488,-9.2146,33,1,200.0,2.0,1.0,4,"Located underneath the Palácio do Governador hotel. There were originally around 40 vats total but only 27 large ones appear on the plan, plus 6 smaller ones in the courtyard.",Fish-salting,Yes,Six vats are visible under the hotel entryway.,"June 5, 2016",,http://ramppa.uca.es/cetaria/casa-do-governador-da-torre-de-belem,18071.0,"Equipment Morphology
Location (Resource Proximity)
Equipment Construction
Spatial Organization
Ecofacts",Large quantities of fish remains were found in 17 of the vats.,,6.0,27.0,,,,Yes,Yes,,,,,Cannot,Cannot,rectangle,rectangle,Yes,,Yes,includes cuvets,No,,,,,,Just WS,Suburban,,,4,33,rectangle;square,opus signinum,True
FB219D9A-F79E-482B-B768-4C97CC20EB00,4D4C07BC-855C-4F8C-A6FC-BCE94CE36D79,Benalmádena,Torremuelle,,Benalmádena,Hispania Baetica,Spain,Andalusia,Eastern Baetica,36.57866,-4.57001,19,1,100.0,1.0,1.0,4,,Fish-salting,Uncertain,,,,http://ramppa.uca.es/cetaria/torremuelle,,"Location (Resource Proximity)
Equipment Morphology
Spatial Organization
Equipment Construction
Ecofacts",Fish remains were found in some vats and elsewhere on the site.,,0.0,19.0,,,,Yes,Yes,,,,,Cannot,Cannot,line,line,,,Cannot,,No,,,,,,Cannot,Rural,,,2,19,rectangle;square,opus signinum,True
3F00A8B9-1395-4D0F-A18A-7F249EF19C57,4D4C07BC-855C-4F8C-A6FC-BCE94CE36D79,Benalmádena,Villa romana de Benalmádena,,Benalmádena,Hispania Baetica,Spain,Andalusia,Eastern Baetica,36.58847,-4.5313,1,1,100.0,1.0,1.0,2,"Other vats have been found nearby but have not been published (Pineda de las Infantas Beato 2007, 300, 303–305).",Fish-salting,Yes,"Not accessible. Overgrown, nothing visible from outside the fence.","June 10, 2017",,http://ramppa.uca.es/cetaria/benalroma,,"Location (Resource Proximity)
Equipment Morphology
Equipment Construction",,,1.0,0.0,,,,Cannot,Cannot,,,,,Yes,No,,,Yes,,Yes,,No,,,,,,Assoc w/ villa,Rural,,,1,1,square,opus signinum,True
2BE497EB-CD9E-44E0-AB18-A8974E5A6FA3,71541E95-C15F-40D6-8049-986507FE99D2,Boca do Rio,,,Boca do Rio,Lusitania,Portugal,Algarve,Southern Portugal,37.06659,-8.81045,12,201,300.0,3.0,0.0,4,"Part of a maritime villa. The residential complex was occupied as early as the 1st century CE and continued into the 4th century CE. The factory was probably built in the 3rd century CE (Medeiros 2012, 208–212). Fish-salting vats were found in three areas, which suggests that the villa had a large productive area. Two other tanks (Bernardes et al. 2008: F and F'; Medeiros 2012: E1C and E1B), were found in the kitchen.",Fish-salting,No,"Nothing was visible during my visit on June 10, 2016. Nothing from Alves 1997 and nothing from Trakadas 2015, fig. 16.

Not much to see but there are ruins all over the beach.

See Alves 1990, pp. 465–466

""Walking in the Algarve"" says that just behind the huts by the parking area is an old Roman settlement that has never been excavated.  The crumbling remains of a Roman villa are supposedly visible in the cliffs to the right of the beach.","June 10, 2016",,http://ramppa.uca.es/cetaria/boca-do-rio-zona-3 ; http://ramppa.uca.es/cetaria/boca-do-rio-zona-4 ; http://ramppa.uca.es/cetaria/boca-do-rio-zona-8,,"Ecofacts
Location (Resource Proximity)
Equipment Morphology
Equipment Construction
Spatial Organization",A dolium full of fish remains was excavated. Étienne et al. (1994) classified it as definitely a fish-salting workshop.,,1.0,11.0,,,,Yes,Yes,,,,,Yes,Cannot,"scattered
grid",grid,,,Yes,preserved in zone 3,No,,,,,,Assoc w/ villa,Rural,,256027.0,7,12,rectangle;rectangular (?);square,opus signinum,True
83966659-A32F-4CE4-BAF2-13CFF7DE7DC9,1FF69C91-B980-48EE-A39C-AE53CF059272,Cacilhas,Largo Alfredo Dinis,,Cacilhas,Lusitania,Portugal,Lisboa,Lisbon,38.68693,-9.14771,7,-100,100.0,1.0,1.0,4,"Bugalhão (2001, 54) reports 10 vats.",Fish-salting,No,Largo Alfredo Dinis: excavated in 1981 and reburied,,,http://ramppa.uca.es/cetaria/largo-alfredo-dinis,2483.0,"Location (Resource Proximity)
Equipment Morphology
Equipment Construction
Spatial Organization
Ecofacts",Marine remains were found but have not been studied. Étienne et al. (1994) classified it as definitely a fish-salting workshop.,,0.0,7.0,,,,Yes,No,,,,,Yes,No,"parallel
unknown",parallel,,,Yes,,No,,,,,,Cannot,Suburban,,,4,7,rectangular (?);square,opus signinum,True
BD35A13B-45BA-4D7F-8331-9466417118AE,64EE0979-E70A-45D8-9311-40FF0387227E,Caetobriga (Setúbal),Praça do Bocage,Caetobriga,Setúbal,Lusitania,Portugal,Lisboa,Lisbon,38.52421,-8.89263,5,76,100.0,1.0,1.0,3,,Fish-salting,No,"Check location given on http://arqueologia.patrimoniocultural.pt/index.php?sid=sitios.resultados&subsid=47698

They talk about work that was done on them in 1999 and 2005, so maybe they are visible??",,256040.0,http://ramppa.uca.es/cetaria/praca-de-bocage,147.0,"Equipment Morphology
Location (Resource Proximity)
Equipment Construction
Spatial Organization",Étienne et al. (1994) classified it as definitely a fish-salting workshop.,,1.0,4.0,,,,Cannot,Yes,,,,,Yes,Cannot,"L-shaped
unknown",L-shaped,,,Yes,,No,,,,,,Cannot,Settlement,,256040.0,1,5,rectangular (?),none survives,True
A45F1F8C-5D28-417C-B221-9DA05D840427,64EE0979-E70A-45D8-9311-40FF0387227E,Caetobriga (Setúbal),Travessa de Frei Gaspar,Caetobriga,Setúbal,Lusitania,Portugal,Lisboa,Lisbon,38.52358,-8.89026,14,76,100.0,1.0,1.0,4,Located at Travessa de Frei Gaspar 10.,Fish-salting,Yes,visible through glass floor of tourist office,"June 7, 2016",256040.0,http://ramppa.uca.es/cetaria/travessa-frei-gaspar-no-10,128.0,"Location (Resource Proximity)
Equipment Morphology
Equipment Construction
Spatial Organization
Ecofacts",Fish remains were found in at least one vat. Étienne et al. (1994) classified it as definitely a fish-salting workshop.,,0.0,14.0,,,,Yes,Yes,,,,,Yes,No,L-shaped,L-shaped,,,Yes,,No,,,,,,Assoc w/ other,Settlement,,256040.0,6,14,rectangle;rectangular (?);square,"crushed stone and mortar;crushed stone and mortar
opus signinum;opus signinum",True
E92DDBA7-6D9B-43A7-990C-AC952DB7ABDC,ACB0EBBC-0898-441B-84EF-659A98633BF7,Camargue,Carrelet,,Camargue,Gallia Narbonensis,France,Provence-Alpes-Côte d'Azur,S France and NE Iberia,43.54173,4.48818,4,450,450.0,5.0,0.0,3,On the banks of the Étang du Vaccarès.,Fish-salting,Uncertain,"Can't really see it on satellite imagery, but there is a photo from the early 2000's",,,,,"Location (Resource Proximity)
Spatial Organization
Equipment Construction",,,0.0,4.0,,,,Yes,No,,,,,Yes,No,grid,grid,,,Yes,,No,,,,,,Assoc w/ villa,Rural,,,1,4,rectangle,type unknown,True
0A364B0C-5F37-4328-B4E5-CFD024BAF594,44F0D013-E7C7-4FCA-AAC7-DE61DA3DE61E,Cape of Phycus,,,Cape of Phycus,Creta et Cyrenaica,Libya,,Cyrenaica,32.93938,21.7086,8,,,,,2,"Labeled as ""CPSC2"" in Hesein 2014b. Three more possible vats (9, 10, and 11) are only partially visible and have not been included in the data set.",Fish-salting,Yes,,,,,,"Spatial Organization
Location (Resource Proximity)
Equipment Construction
Equipment Morphology",,,3.0,5.0,,,,Yes,Yes,,,,,Yes,No,"L-shaped
line
scattered",L-shaped,,,Yes,,No,,,,,,Assoc w/ other,Rural,,373873.0,3,8,oval;rectangle;square,opus signinum,False
B8431647-0469-4E74-98D9-4B83AA8C815F,1DF9299D-E0BB-4EE0-B057-2F44B091AD19,Capraria (Cabrera),Sa Plageta,Capraria,Cabrera,Hispania Tarraconensis,Spain,Balearic Islands,Balearic Islands,39.144,2.93621,3,1,100.0,1.0,1.0,2,"Features 5, 7, and 8 in Hernández et al. 1992 are vats A, B, and C, respectively, in Riera Frau and Riera Rullán 2004. The remaining features in Hernández et al. 1992 are quarry marks or other features unrelated to fish salting.",Fish-salting,Yes,,,,http://ramppa.uca.es/cetaria/pla-de-ses-figueres-sa-platjeta,,"Location (Resource Proximity)
Equipment Morphology
Equipment Construction",,,0.0,3.0,,,,Cannot,Yes,,,,,Cannot,Cannot,line,line,,,Cannot,,No,,,,,,Assoc w/ other,Rural,,265840.0,1,3,rectangle,opus signinum,True
4E6A05BB-96E3-441F-BFFF-188B64939600,2E389A91-E82C-49D4-87DA-118E62725C86,Cariño,,,Cariño,Hispania Tarraconensis,Spain,Galicia,Northwestern Iberia,43.47003,-8.31588,7,,,,,3,,Fish-salting,Uncertain,,,,http://ramppa.uca.es/cetaria/aldea-de-carino,,"Location (Resource Proximity)
Spatial Organization
Equipment Construction
Equipment Morphology",,,0.0,7.0,,,,Yes,Yes,,,,,Yes,No,line,line,,,Cannot,,No,,,,,,Assoc w/ other,Rural,,,1,7,rectangular (?),unknown,False
CF6602DE-9E06-4E14-8106-447DE4447FD4,B6E9B4A7-5A1D-46B1-B8E4-1B413F9EA400,Carteia (San Roque),"Arroyo de la Madre Vieja, Workshop 1",Carteia,San Roque,Hispania Baetica,Spain,Andalusia,Strait of Gibraltar,36.18427,-5.41474,3,50,50.0,1.0,1.0,4,"Also called ""C-I"" (Expósito Álvarez 2018). Workshops 1 and 2 were joined at an unknown time.",Fish-salting,No,,,,http://ramppa.uca.es/cetaria/arroyo-de-la-madre-vieja-i,,"Location (Resource Proximity)
Equipment Morphology
Equipment Construction
Spatial Organization
Artifacts",Fishing equipment was found at the site.,,0.0,3.0,,,,Cannot,Yes,,,,,Yes,No,line,line,,,Yes,,No,,,,,,Just WS,Suburban,,256063.0,3,3,rectangle;rectangular (?);square,opus signinum,True
D5A1862D-9606-4E0A-BC36-8DF50E561C19,B6E9B4A7-5A1D-46B1-B8E4-1B413F9EA400,Carteia (San Roque),"Arroyo de la Madre Vieja, Workshop 2",Carteia,San Roque,Hispania Baetica,Spain,Andalusia,Strait of Gibraltar,36.18427,-5.41474,5,50,50.0,1.0,1.0,4,"Also called ""C-II"" (Expósito Álvarez 2018). Workshops 1 and 2 were joined at an unknown time.",Fish-salting,No,,,,http://ramppa.uca.es/cetaria/arroyo-de-la-madre-vieja-ii,,"Location (Resource Proximity)
Equipment Morphology
Equipment Construction
Spatial Organization",Marine shells were found in abandonment layers.,,0.0,5.0,,,,Yes,Yes,,,,,Yes,No,parallel,parallel,,,Yes,,No,,,,,,Just WS,Suburban,,256063.0,3,5,rectangle;rectangular (?),opus signinum,True
ACA6804C-7735-4E7F-9C2E-63D8E5F17384,B6E9B4A7-5A1D-46B1-B8E4-1B413F9EA400,Carteia (San Roque),"Arroyo de la Madre Vieja, Workshop 3",Carteia,San Roque,Hispania Baetica,Spain,Andalusia,Strait of Gibraltar,36.18427,-5.41474,6,50,50.0,1.0,1.0,4,"Also called ""C-III"" (Expósito Álvarez 2018). Workshops 3 and 4 were joined at an unknown time. Vats 10 and 11 were later covered by an opus signinum floor.",Fish-salting,No,,,,http://ramppa.uca.es/cetaria/arroyo-de-la-madre-vieja-iii,,"Location (Resource Proximity)
Equipment Morphology
Equipment Construction
Spatial Organization
Artifacts",Fishing equipment was excavated and marine shells were found in abandonment layers.,,1.0,5.0,,,,Cannot,Yes,,,,,Yes,No,"scattered
grid",grid,,,Yes,,No,,,,,,Just WS,Suburban,,256063.0,4,6,rectangle;rectangular (?);square,opus signinum,True
C40C4567-5FD6-462C-8EF5-E55B1421922B,B6E9B4A7-5A1D-46B1-B8E4-1B413F9EA400,Carteia (San Roque),"Arroyo de la Madre Vieja, Workshop 4",Carteia,San Roque,Hispania Baetica,Spain,Andalusia,Strait of Gibraltar,36.18427,-5.41474,1,50,50.0,1.0,1.0,4,"Also called ""C-IV"" (Expósito Álvarez 2018). Workshops 3 and 4 were joined at an unknown time.",Fish-salting,No,,,,http://ramppa.uca.es/cetaria/arroyo-de-la-madre-vieja-iv,,"Location (Resource Proximity)
Equipment Morphology
Equipment Construction
Spatial Organization",Marine shells were found in abandonment layers.,,1.0,0.0,,,,Cannot,Cannot,,,,,Yes,No,,,,,Yes,,No,,,,,,Just WS,Suburban,,256063.0,1,1,rectangular (?),opus signinum,True
A7E11FE6-77D4-45C0-AC81-FAE5C486C146,B6E9B4A7-5A1D-46B1-B8E4-1B413F9EA400,Carteia (San Roque),"Arroyo de la Madre Vieja, Workshop 5",Carteia,San Roque,Hispania Baetica,Spain,Andalusia,Strait of Gibraltar,36.18427,-5.41474,6,1,200.0,2.0,1.0,4,"Also called ""C-V"" (Expósito Álvarez 2018).",Fish-salting,No,,,,http://ramppa.uca.es/cetaria/arroyo-de-la-madre-vieja-v,,"Location (Resource Proximity)
Equipment Morphology
Equipment Construction
Spatial Organization",,,0.0,6.0,,,,Cannot,Cannot,,,,,Yes,No,grid,grid,,,Cannot,,No,,,,,,Just WS,Suburban,,256063.0,1,6,rectangular (?),opus signinum,True
C1BF7F5A-5585-4C4F-A711-E69AB22FA1D5,B6E9B4A7-5A1D-46B1-B8E4-1B413F9EA400,Carteia (San Roque),Fundación Bryant Excavations,Carteia,San Roque,Hispania Baetica,Spain,Andalusia,Strait of Gibraltar,36.185,-5.4127,8,-150,100.0,,1.0,4,"Corte I, Sectors 3 (vats 1–4) and 9 (vats 5–8). Vat 1 was dated to the 1st century CE by materials excavated from its foundations. It was built on top of vats 2–4, which were installed after the middle of the 2nd century BCE.",Fish-salting,No,,,,http://ramppa.uca.es/cetaria/cetaria-de-woods,,"Location (Resource Proximity)
Artifacts
Equipment Morphology
Equipment Construction
Ecofacts",Fishing equipment was found in association with the vats. Fish remains were excavated from the bottom of vat 5.,Yes,1.0,7.0,,,,Yes,Yes,,,,,Cannot,Cannot,"grid
unknown",grid,,,Cannot,,No,,,,,,Cannot,Suburban,,256063.0,4,8,rectangular (?);square,opus signinum,True
50DDE760-EABC-4429-9C09-4485FEC49949,B6E9B4A7-5A1D-46B1-B8E4-1B413F9EA400,Carteia (San Roque),"Jardín Romántico, Workshop A",Carteia,San Roque,Hispania Baetica,Spain,Andalusia,Strait of Gibraltar,36.18199,-5.40989,7,,,,,4,"Also called ""C-VI"" (Expósito Álvarez 2018).",Fish-salting,Yes,,"June 11, 2017",,http://ramppa.uca.es/cetaria/jardin-romantico-de-carteia-a,,"Spatial Organization
Equipment Construction
Equipment Morphology
Location (Resource Proximity)",,,0.0,7.0,,,,Yes,Yes,,,,,Cannot,Cannot,parallel,parallel,,,Yes,,No,,,,,,Just WS,Suburban,,256063.0,1,7,rectangle,opus signinum,False
10E11135-5C3A-4128-BAB0-01FD05A7A574,B6E9B4A7-5A1D-46B1-B8E4-1B413F9EA400,Carteia (San Roque),"Jardín Romántico, Workshop B",Carteia,San Roque,Hispania Baetica,Spain,Andalusia,Strait of Gibraltar,36.18196,-5.40986,3,1,100.0,1.0,1.0,4,"Also called ""C-VII"" (Expósito Álvarez 2018).",Fish-salting,Yes,,"June 11, 2017",,http://ramppa.uca.es/cetaria/jardin-romantico-de-carteia-b,,"Location (Resource Proximity)
Equipment Morphology
Equipment Construction
Spatial Organization",,,0.0,3.0,,,,Yes,Cannot,,,,,Cannot,Cannot,grid,grid,,,Cannot,,No,,,,,,Just WS,Suburban,,256063.0,2,3,rectangle,opus signinum,True
C330D10C-AF37-418E-BB23-DAD8C7C90AED,B6E9B4A7-5A1D-46B1-B8E4-1B413F9EA400,Carteia (San Roque),"Jardín Romántico, Workshop C",Carteia,San Roque,Hispania Baetica,Spain,Andalusia,Strait of Gibraltar,36.182,-5.40997,3,,,,,4,"Also called ""C-VIII"" (Expósito Álvarez 2018).",Fish-salting,Yes,,"June 11, 2017",,http://ramppa.uca.es/cetaria/jardin-romantico-de-carteia-c,,"Equipment Morphology
Equipment Construction
Spatial Organization
Location (Resource Proximity)",,,0.0,3.0,,,,Cannot,Yes,,,,,Cannot,Cannot,line,line,,,Cannot,,No,,,,,,Just WS,Suburban,,256063.0,1,3,rectangle,opus signinum,False
46632759-65E7-43CB-BE6A-7E05E89286D8,B6E9B4A7-5A1D-46B1-B8E4-1B413F9EA400,Carteia (San Roque),Villa Victoria,Carteia,San Roque,Hispania Baetica,Spain,Andalusia,Strait of Gibraltar,36.17978,-5.38141,8,1,50.0,1.0,1.0,4,,Fish-salting,Uncertain,"Visible in old Google Maps imagery, but looks like it's been reburied but not built over",,,http://ramppa.uca.es/cetaria/villa-victoria,,"Equipment Morphology
Location (Resource Proximity)
Spatial Organization
Equipment Construction
Ecofacts",Abundant marine shells were found.,,0.0,8.0,,,,Yes,Yes,,,,,Yes,No,U-shaped,U-shaped,Yes,,Yes,,No,,,,,,Just WS,Suburban,,256063.0,2,8,rectangle;square,opus signinum,True
F31A3FA6-FE07-448C-8D04-9D84F193B654,B6E9B4A7-5A1D-46B1-B8E4-1B413F9EA400,Carteia (San Roque),Workshop on the Decumanus,Carteia,San Roque,Hispania Baetica,Spain,Andalusia,Strait of Gibraltar,36.1827,-5.40959,3,-25,25.0,1.0,1.0,2,"Located north of Torre El Rocadillo. The workshop was built in the Augustan period, based on comparison to similar structures at the site. Ceramic and numismatic finds in the fills of the vats indicate that they were put out of use between the mid-1st and mid-2nd centuries CE.",Fish-salting,Yes,"Étienne and Mayet (2002, p. 64) could not find them when they visited the site.  I have no idea why they couldn't find them, because they are clearly visible today.","June 11, 2017",256063.0,http://ramppa.uca.es/cetaria/decumanus-de-carteia-junto-a-la-domus-de-la-torre-del-rocadillo,,"Equipment Morphology
Equipment Construction
Spatial Organization
Location (Resource Proximity)","García Pantoja et al. (2009a, 256) expressed hesitation about the identification.",,0.0,3.0,,,,Yes,No,,,,,Yes,No,line,line,,,Yes,,No,,,,,,Assoc w/ other,Urban,,256063.0,1,3,rectangle,opus signinum,True
5AA32817-0DC7-4237-8C9E-8B25778B283F,E6F7D870-BD9D-4B96-AF0A-891F8AF73BC9,Cascais,Rua Marques Leal Pancada,,Cascais,Lusitania,Portugal,Lisboa,Lisbon,38.69638,-9.42087,7,51,100.0,1.0,1.0,4,Located near Rua Marques Leal Pancada 11–13.,Fish-salting,No,Reburied under the street,,,http://ramppa.uca.es/cetaria/cascais-rua-marques-leal-pancada,11271.0,"Equipment Morphology
Location (Resource Proximity)
Spatial Organization
Equipment Construction",,,0.0,7.0,,,,Yes,Yes,,,,,Cannot,Cannot,grid,grid,,,Cannot,,No,,,,,,Cannot,Unknown,,,1,7,rectangle,crushed stone and mortar,True
7FBD84B1-02FF-4EE0-B3DA-43CDBBB916EE,9CC602AB-44DA-438B-8C73-861E108B2C03,Cerro da Vila,Area A,,Cerro da Vila,Lusitania,Portugal,Algarve,Southern Portugal,37.0804,-8.12044,6,101,300.0,3.0,1.0,2,,Fish-salting,Yes,need to find out why Etienne and Mayet dismissed this in 1994 and 2002,"June 11, 2016",256092.0,,,"Location (Resource Proximity)
Equipment Morphology
Equipment Construction
Ecofacts","Few fish remains were recovered but over 2,000 marine mollusk shells were found at the site. Étienne et al. (1994) felt this site could not be securely identified as a fish-salting workshop but subsequent authors have been more optimistic. Teichner (2008b, 562) identified vats A66.6–8 as part of a fish-salting workshop; he did not discuss the function of vats A66.4, 5, or 9.",,3.0,3.0,,,,Yes,Yes,,,,,No,Yes,"scattered
grid",grid,Yes,,Yes,,Yes,vats A66.7 and A66.9,,,,,Assoc w/ other,Settlement,,256092.0,5,6,rectangle,"crushed stone and mortar
opus signinum;opus signinum;opus signinum
crushed stone and mortar;type unknown",True
7B114F4A-1A08-465C-B591-891C1F41A9E2,9CC602AB-44DA-438B-8C73-861E108B2C03,Cerro da Vila,Area J,,Cerro da Vila,Lusitania,Portugal,Algarve,Southern Portugal,37.08112,-8.11933,8,76,300.0,,1.0,2,,Fish-salting,No,Area J has been reburied.,"June 11, 2016",256092.0,http://ramppa.uca.es/cetaria/cerro-da-vila-compartimiento-j7 ; http://ramppa.uca.es/cetaria/cerro-da-vila-compartimento-j-25 ; http://ramppa.uca.es/cetaria/cerro-da-vila-compartimento-j-28 ; http://ramppa.uca.es/cetaria/cerro-da-vila-compartimento-j-31 ; http://ramppa.uca.es/cetaria/cerro-da-vila-compartimento-j-42 ; http://ramppa.uca.es/cetaria/cerro-da-vila-compartimento-j-49 ; http://ramppa.uca.es/cetaria/cerro-da-vila-compartimento-j-52-a-y-b,,"Location (Resource Proximity)
Equipment Construction
Equipment Morphology
Ecofacts","Few fish remains were recovered but over 2,000 marine mollusk shells were found at the site. Étienne et al. (1994) felt this site could not be securely identified as a fish-salting workshop but subsequent authors were slightly more optimistic. Most recently, Teichner (2005; 2006; 2007; 2008b, 562–570; 2008a) has identified these vats as part of a facility for making purple dye from murex snails. His identification is plausible, but I have chosen to include the vats in this data set to avoid prejudicing my analysis. His identification was based partly on a contrast between the isolated nature of these vats and the batteries found in a selective list of larger fish-salting facilities, but I have accepted other solitary and scattered vats into my set of possible salting workshops; he also cited the large numbers of murex shells found at the site, but such material also has been found at accepted salting facilities with many adjoining vats. Therefore, a priori it is not clear how reliable either criterion is as an indicator of dye-related activities; moreover, his identification of the salting vats in Area A provides reasonable doubt regarding the purpose of those in Area J. The results of this study, however, endorse a more skeptical approach to these ""salting"" vats in the future, thereby lending support to Teichner's final interpretation, if not to the details of his justification.",Yes,8.0,0.0,,,,Yes,Yes,,,,,Yes,No,"scattered
unknown",scattered,Yes,,Yes,,Yes,"vats J7, J25, J31, J42, and J52A",,,,,Assoc w/ other,Settlement,,256092.0,6,8,rectangle,opus signinum,True
9C24916D-4598-401D-91B1-D5198D0176C7,5A4DC47D-4A78-4FF4-A043-45A70558B2DC,Cerro del Trigo,,,Cerro del Trigo,Hispania Baetica,Spain,Andalusia,Western Baetica,36.88993,-6.39282,4,101,200.0,2.0,1.0,3,Bonsor (1928) reports four vats but it is unclear if his figures 2 and 3 show two identical pairs of vats or the same pair.,Fish-salting,No,,,,http://ramppa.uca.es/cetaria/cerro-del-trigo,,"Equipment Construction
Equipment Morphology
Location (Resource Proximity)","Expósito Álvarez (2011, 228) classified it as definitely a fish-salting workshop.",,0.0,4.0,,,,Yes,No,,,,,Cannot,Cannot,line,line,,,Cannot,,No,,,,,,Assoc w/ other,Rural,,,2,4,square,opus signinum;unknown,True
B1AFAFC9-A333-41C1-9569-2F277C00185A,AAC06BEA-560B-4F51-B0E6-B8EA321D9885,Chersonesos,Sector XV,Chersonesos,,Regnum Bospori,Crimea,,Crimea,44.61246,33.491,3,1,100.0,1.0,1.0,2,"Also called the ""Fishmonger's House,"" labeled as building ""I"" on the plans in Belov and Strželeckij 1953. In the 1st century CE this Hellenistic house was turned into a fish-salting workshop. Storerooms in the house contained pits for pithoi.",Fish-salting,Yes,,,226564.0,,,"Ecofacts
Location (Resource Proximity)
Equipment Construction
Literary/Epigraphic",Fish remains were found in the vats (Belov 1953).,,3.0,0.0,,,,No,Yes,,,,,Yes,No,scattered,scattered,Yes,,Yes,,No,,,,,,Assoc w/ other,Urban,"Over a hundred so-called fish-salting vats have been reported at the site; fish remains were found at the bottom of some (Romančuk 2005, 104). Few vats have been published in any detail and the features would benefit from a careful re-examination. The vat numbering employed here was adopted from Romančuk (1977), who published a table with basic identifying and descriptive information about many of the vats. The ""Agoranomos Inscription"" (see Semenov-Zuser 1947) has often been cited in support of an important fish salting industry at Chersonesos, but a recent review questions this conclusion (Bekker-Nielsen 2007). The scholarship cited below in the site bibliography speaks to fish-salting at the site generally. References to specific groups of vats can be found under their respective workshop entries.",226564.0,3,3,rectangle,opus signinum,True
6FAD21CE-D5F0-4BA3-A8F3-D99066F02A6A,AAC06BEA-560B-4F51-B0E6-B8EA321D9885,Chersonesos,Vat 86,Chersonesos,,Regnum Bospori,Crimea,,Crimea,44.61222,33.48941,1,1,600.0,,1.0,2,"When the vat was built in the 1st–2nd centuries CE, it was paved with a layer of thin tiles covered with mortar and the walls were coated with an unknown type of plaster. In the 5th–6th centuries CE it was repaved with bricks covered in mortar. This vat has been entered twice in order to allow the second lining to appear in statistical analyses of construction materials; in all other statistics, only the first phase has been counted.",Fish-salting,Uncertain,,,226564.0,,,"Location (Resource Proximity)
Equipment Morphology
Equipment Construction
Literary/Epigraphic",,Yes,1.0,0.0,,,,Cannot,Cannot,,,,,Cannot,Cannot,,,Yes,,Cannot,,No,,,,,,Cannot,Urban,"Over a hundred so-called fish-salting vats have been reported at the site; fish remains were found at the bottom of some (Romančuk 2005, 104). Few vats have been published in any detail and the features would benefit from a careful re-examination. The vat numbering employed here was adopted from Romančuk (1977), who published a table with basic identifying and descriptive information about many of the vats. The ""Agoranomos Inscription"" (see Semenov-Zuser 1947) has often been cited in support of an important fish salting industry at Chersonesos, but a recent review questions this conclusion (Bekker-Nielsen 2007). The scholarship cited below in the site bibliography speaks to fish-salting at the site generally. References to specific groups of vats can be found under their respective workshop entries.",226564.0,2,2,rectangle,other;type unknown,True
B4819F1C-E9DB-47CD-B68B-0D815953DA31,AAC06BEA-560B-4F51-B0E6-B8EA321D9885,Chersonesos,Vats 83–84,Chersonesos,,Regnum Bospori,Crimea,,Crimea,44.61283,33.49112,2,401,600.0,6.0,0.0,2,,Fish-salting,Uncertain,,,226564.0,,,"Location (Resource Proximity)
Equipment Morphology
Equipment Construction
Literary/Epigraphic",,,0.0,2.0,,,,Cannot,Cannot,,,,,Cannot,Cannot,unknown,unknown,,,Cannot,,No,,,,,,Cannot,Urban,"Over a hundred so-called fish-salting vats have been reported at the site; fish remains were found at the bottom of some (Romančuk 2005, 104). Few vats have been published in any detail and the features would benefit from a careful re-examination. The vat numbering employed here was adopted from Romančuk (1977), who published a table with basic identifying and descriptive information about many of the vats. The ""Agoranomos Inscription"" (see Semenov-Zuser 1947) has often been cited in support of an important fish salting industry at Chersonesos, but a recent review questions this conclusion (Bekker-Nielsen 2007). The scholarship cited below in the site bibliography speaks to fish-salting at the site generally. References to specific groups of vats can be found under their respective workshop entries.",226564.0,2,2,rectangle;rectangular (?),opus signinum,True
434DD180-A82E-4A47-9C01-46C7EAEEC694,67545259-5D1F-4826-9375-B812A69E413B,Combrit,Kerobistin,,Combrit,Gallia Lugdunensis,France,Brittany,Northwestern France,47.86924,-4.11571,6,,,,,4,,Fish-salting,No,,,,http://ramppa.uca.es/cetaria/kerobistin,,"Equipment Morphology
Equipment Construction
Spatial Organization
Ecofacts
Location (Resource Proximity)",The remains of fish and butchered cows were found at the site.,,0.0,6.0,,,,Yes,No,,,,,Cannot,Cannot,grid,grid,Yes,,Cannot,,No,,,,,,Cannot,Rural,,,1,6,square,opus signinum,False
7D40BFE6-81E5-481E-ABD7-74491F19CD8E,30A107A5-177C-4B6D-B06C-FC3D1C3673DB,Comenda,,,Comenda,Lusitania,Portugal,Lisboa,Lisbon,38.50765,-8.92681,2,1,400.0,4.0,1.0,3,Surface finds indicate a chronology from the 1st to 4th centuries CE.,Fish-salting,Yes,"Website shows them as visible in 2015, but really not much to see.  Might require some clearing of brush.","June 7, 2016",,http://ramppa.uca.es/cetaria/comenda,,"Equipment Morphology
Location (Resource Proximity)
Equipment Construction",Étienne et al. (1994) classified it as definitely a fish-salting workshop.,,2.0,0.0,,,,Cannot,Cannot,,,,,Cannot,Cannot,unknown,unknown,,,Cannot,,No,,,,,,Assoc w/ other,Rural,,,2,2,rectangle,opus signinum,True
4205467B-1434-4CE3-A39F-AD8645FCA703,12B7F1F1-6FFC-4386-9D86-AD6EA648CA5B,Cotta,,,Cotta,Mauretania Tingitana,Morocco,,Strait of Gibraltar,35.75513,-5.93596,16,50,50.0,1.0,1.0,4,Some features were identified by examining photos graciously provided by Andrew Wilson.,Fish-salting,Yes,"The site is closed; inaccessible since 2005. (Trakadas 2015, p. 41)

As for the plant salting Cotta, it is about five years integrated into the domain of private property. ... However, the site visit is not prohibited..."" (Cheddad 2007, p. 192)",,275615.0,http://ramppa.uca.es/cetaria/cotta,,"Equipment Morphology
Equipment Construction
Spatial Organization
Location (Resource Proximity)
Ecofacts",Fish bones and marine shells were found during excavation. Trakadas (2015) classified it as definitely a fish-salting workshop.,,0.0,16.0,,,,Yes,Yes,,,,,Yes,No,U-shaped,U-shaped,Yes,,Yes,,No,,,,,,"Attached to larger
Assoc w/ villa",Rural,,275615.0,3,16,rectangle;square,opus signinum,True
FEDCB0F2-EDAC-4EF5-93B4-38F6545C2544,68ADDEEC-2EC6-465F-829D-0F29083EAB79,Creiro,,,Creiro,Lusitania,Portugal,Lisboa,Lisbon,38.48155,-8.97689,11,1,100.0,1.0,1.0,4,"Vats 6 and 11 were added when the workshop was remodeled in the 1st–2nd centuries CE. These vats are shallower than the others and their linings are less impermeable; they may have been used as salt reservoirs (Tavares da Silva and Coelho-Soares 2016, 215).",Fish-salting,Yes,,"June 7, 2016",,http://ramppa.uca.es/cetaria/creiro,5552.0,"Location (Resource Proximity)
Equipment Morphology
Equipment Construction
Spatial Organization
Ecofacts",Some marine remains were found—some fish but mostly mollusks. Étienne et al. (1994) classified it as definitely a fish-salting workshop.,,0.0,11.0,,,,Yes,Yes,,,,,Yes,No,U-shaped,U-shaped,,,Yes,includes a cuvet added in the 4th century CE,No,,,,,,Assoc w/ villa,Rural,,,4,11,rectangle;square,crushed stone and mortar;unknown,True
25849365-2BD5-4173-BF37-FE54742BDD58,C187B9F4-A9B2-4049-8C74-973547CA9714,Douarnenez,"Le Ris, Workshop 1",,Douarnenez,Gallia Lugdunensis,France,Brittany,Northwestern France,48.0925,-4.2967,4,101,200.0,2.0,1.0,3,This is the only workshop that includes a ramp.,Fish-salting,Uncertain,,,,http://ramppa.uca.es/cetaria/le-ris-i,,"Equipment Morphology
Equipment Construction
Location (Resource Proximity)",,,0.0,4.0,,,,Yes,Yes,,,,,Cannot,Cannot,line,line,Yes,,Cannot,,No,,,,,,Assoc w/ other,Settlement,,69500.0,1,4,rectangle,unknown,True
817A6C8F-25BD-4F7D-AF5C-8BCB628CF11F,C187B9F4-A9B2-4049-8C74-973547CA9714,Douarnenez,"Le Ris, Workshop 2",,Douarnenez,Gallia Lugdunensis,France,Brittany,Northwestern France,48.0919,-4.29702,6,101,200.0,2.0,1.0,3,,Fish-salting,Uncertain,,,,http://ramppa.uca.es/cetaria/le-ris-ii,,"Location (Resource Proximity)
Spatial Organization
Equipment Construction
Equipment Morphology",,,0.0,6.0,,,,Yes,Yes,,,,,Cannot,Cannot,grid,grid,,,Cannot,,No,,,,,,Assoc w/ other,Settlement,,69500.0,1,6,rectangle,unknown,True
DBEFD4C6-297A-49D1-9E44-D2A4B5D9210B,C187B9F4-A9B2-4049-8C74-973547CA9714,Douarnenez,"Plomarc'h, Workshop 1",,Douarnenez,Gallia Lugdunensis,France,Brittany,Northwestern France,48.0914,-4.31308,6,,,,,4,Sanquer (1977) calls it number 1; Eveillard and Bardel (2007) call it number 3; Driard (2011) calls it unit A.,Fish-salting,Uncertain,,,,http://ramppa.uca.es/cetaria/plomarch-i,,"Location (Resource Proximity)
Equipment Morphology
Spatial Organization
Equipment Construction",Driard (2014) classified it as definitely a fish-salting workshop.,,0.0,6.0,,,,Yes,No,,,,,Yes,No,L-shaped,L-shaped,,,Yes,,No,,,,,,Assoc w/ other,Settlement,,69500.0,1,6,square,opus signinum,False
D3E2F494-56DF-4776-A352-FCE93E0482F5,C187B9F4-A9B2-4049-8C74-973547CA9714,Douarnenez,"Plomarc'h, Workshop 2",,Douarnenez,Gallia Lugdunensis,France,Brittany,Northwestern France,48.09127,-4.31283,15,101,150.0,2.0,1.0,4,"Sanquer (1977) calls it number 2; Eveillard and Bardel (2007) call it number 4; Driard (2011) calls it unit B. At least some of the vats are extremely deep (5 m). The bibliography below only covers this workshop; for more scholarship, see Workshop 1.",Fish-salting,Yes,,,,http://ramppa.uca.es/cetaria/plomarch-ii,,"Equipment Morphology
Spatial Organization
Ecofacts
Location (Resource Proximity)
Equipment Construction",Fish remains were found in some vats. Driard (2014) classified it as definitely a fish-salting workshop.,,0.0,15.0,,,,Yes,Yes,,,,,Yes,No,"U-shaped
L-shaped",U-shaped,Yes,,Yes,,No,,,,,,Assoc w/ other,Settlement,,69500.0,4,15,rectangle;square,opus signinum;unknown,True
7209CDCE-D680-47C9-A058-0FF868AE143F,C187B9F4-A9B2-4049-8C74-973547CA9714,Douarnenez,"Plomarc'h, Workshop 3",,Douarnenez,Gallia Lugdunensis,France,Brittany,Northwestern France,48.09072,-4.31173,7,,,,,4,Sanquer (1977) calls it number 3; Eveillard and Bardel (2007) call it number 2; Driard (2011) calls it unit D.,Fish-salting,Uncertain,,,,http://ramppa.uca.es/cetaria/plomarch-iii,,"Equipment Morphology
Spatial Organization
Location (Resource Proximity)
Equipment Construction",Driard (2014) classified it as definitely a fish-salting workshop.,,0.0,7.0,,,,Yes,Yes,,,,,Cannot,Cannot,L-shaped,L-shaped,,,Yes,,No,,,,,,Assoc w/ other,Settlement,,69500.0,1,7,square,unknown,False
0F2B87F2-73D0-4410-B636-1E66697AB7C5,C187B9F4-A9B2-4049-8C74-973547CA9714,Douarnenez,Port-Rhu,,Douarnenez,Gallia Lugdunensis,France,Brittany,Northwestern France,48.09159,-4.33262,10,,,,,3,,Fish-salting,No,,,,http://ramppa.uca.es/cetaria/port-rhu,,"Location (Resource Proximity)
Equipment Morphology
Equipment Construction
Spatial Organization",,,0.0,10.0,,,,Yes,Cannot,,,,,Cannot,Cannot,parallel,parallel,,,Yes,,No,,,,,,Cannot,Settlement,,69500.0,2,10,rectangular (?);square,opus signinum,False
0637C3CD-D78A-40E4-BC17-CFD74CCBE4B0,C187B9F4-A9B2-4049-8C74-973547CA9714,Douarnenez,Rue du Guet,,Douarnenez,Gallia Lugdunensis,France,Brittany,Northwestern France,48.0968,-4.3347,11,,,,,4,"Also called the ""Boulevard Camille-Réaud"" (Galliou 2010). Note that this site is different from the nearby ""Point du Guet."" The workshop included at least 11 and probably 12 vats. The original description (Peuziat 1981) stated that there were seven or eight vats in the north-south branch of the U-shaped complex, plus four more vats—two on each side—projecting toward the west from the ends of the central branch. That description and vat count has been repeated by most scholars (Sanquer 1981; 1983; Galliou 2010); Leroy (2002; 2003) and Driard (2011), however, seem to have misread the earlier descriptions, causing them to assign only eight vats to the facility. I have drawn a new reconstructed plan of the workshop, based on the original description provided by Peuziat 1981.",Fish-salting,Uncertain,"Driard (2011, p. 192) says that it is partly visible in the basement of a building. He may simply be repeating the comment in Sanquer 1981, p. 54.",,,http://ramppa.uca.es/cetaria/rue-du-guet-boulevard-camille-reaud,,"Ecofacts
Spatial Organization
Equipment Morphology
Location (Resource Proximity)
Equipment Construction",Fish remains were found in three vats. There is also evidence that meat was salted in the same vats.,,0.0,11.0,,,,Yes,No,,,,,Yes,No,U-shaped,U-shaped,Yes,,Yes,,No,,,,,,Cannot,Settlement,,69500.0,1,11,square,"type unknown
opus signinum",False
EA6DC2C8-E5A3-479D-9198-3059C51B68D3,9D20FB93-344D-48F1-8981-FFE58E4F35A6,El Arraijanal,,,El Arraijanal,Hispania Baetica,Spain,Andalusia,Eastern Baetica,36.66175,-4.4658,5,1,100.0,1.0,1.0,3,,Fish-salting,Uncertain,,,,http://ramppa.uca.es/cetaria/arraijanal,,"Location (Resource Proximity)
Equipment Morphology
Spatial Organization
Equipment Construction",,,0.0,5.0,,,,Yes,Yes,,,,,Yes,No,grid,grid,,,Yes,,No,,,,,,Assoc w/ villa,Suburban,,,2,5,rectangle;rectangular (?),opus signinum,True
5A459028-CB15-4418-AA71-04FF5902EF22,F5AECFE3-FD38-472D-959E-1BE223D06EBD,El Puerto de Santa María,Las Redes,,El Puerto de Santa María,Hispania Baetica,Spain,Andalusia,Strait of Gibraltar,36.5954,-6.2727,2,-430,-401.0,-5.0,1.0,2,"The ""Las Redes"" workshop combines the P-3, P-4, and P-6 sites.",Fish-salting,No,rescue excavations; the site has been destroyed,,,http://ramppa.uca.es/cetaria/las-redes-puerto-3,,"Location (Resource Proximity)
Artifacts",Fishing equipment was found in room 4.,,0.0,2.0,,,,No,Yes,,,,,Yes,No,joined,joined,,,Yes,,No,,,,,,Cannot,Unknown,,255955.0,2,2,rectangle;square,unknown,True
458183A6-9EB1-4C12-B22F-FBF315B7EABC,F5AECFE3-FD38-472D-959E-1BE223D06EBD,El Puerto de Santa María,Puerto-19,,El Puerto de Santa María,Hispania Baetica,Spain,Andalusia,Strait of Gibraltar,36.5961,-6.24427,2,-525,-401.0,-5.0,1.0,3,"Also called ""Pinar Hondo."" In the late 6th–late 5th centuries BCE a small, quadrangular workshop with two oval vats was built. An adjoining room had a lime mortar pavement and a furnace was located outside to the north. In the 4th–3rd centuries BCE a smaller building was erected over part of the workshop. The site was abandoned in the late 3rd century BCE.",Fish-salting,No,,,,http://ramppa.uca.es/cetaria/puerto-19,,"Ecofacts
Location (Resource Proximity)
Equipment Construction
Artifacts",Few fish remains but many mollusk remains were found in association with phases of activity. Fishing equipment was also found.,,2.0,0.0,,,,Yes,No,,,,,Yes,No,L-shaped,L-shaped,,,Yes,,No,,,,,,Cannot,Unknown,,255955.0,1,2,rectangle,mortar without ceramics,True
8FD2FB17-D024-427F-85EE-FAF86A8A542D,422AE73E-C5DF-4051-81B9-8A749035B63A,Emporiae (Empúries),Fish-Salting Workshop,Emporiae,Empúries,Hispania Tarraconensis,Spain,Catalonia,S France and NE Iberia,42.13442,3.12087,4,1,100.0,1.0,1.0,4,,Fish-salting,Yes,,"June 18, 2017",,http://ramppa.uca.es/cetaria/ampurias,,"Location (Resource Proximity)
Equipment Morphology
Equipment Construction
Spatial Organization",,,2.0,2.0,,,,No,Yes,,,,,Yes,No,L-shaped,L-shaped,Yes,,Yes,,No,,,,,,Just WS,Urban,,246382.0,3,4,rectangle;square,opus signinum,True
DB0567DC-8DB3-48F3-BB31-8F91355D1D05,DF101313-CDD9-4600-B3AA-4D4F72700659,Es Seguia,,,Es Seguia,Africa Proconsularis,Tunisia,,North-central Africa,36.915,11.105,3,101,500.0,5.0,1.0,3,"The workshop is located 3.5 km from the nearest ancient town, Kerkouane. There appear to be at least three vats in the photograph but there are probably more, as they were reported to extend for several tens of meters. The only datable ceramics came from surface scatters (2nd–5th centuries CE).",Fish-salting,Yes,,,,,,"Location (Resource Proximity)
Spatial Organization
Equipment Construction",,,0.0,3.0,,,,Cannot,Cannot,,,,,Cannot,Cannot,"line
unknown",line,,,Cannot,,Cannot,,,,,,Cannot,Rural,,,1,3,rectangular (?),none survives,True
B2E9AAE5-648E-4C48-9302-2943D8DFBB21,E34B1E78-9832-4F31-8B43-C71E1E73AF14,Espasante,,,Espasante,Hispania Tarraconensis,Spain,Galicia,Northwestern Iberia,43.722,-7.809,10,,,,,4,The site has never been located precisely but the property parcel has been identified (Trevín Pita et al. 2015).,Fish-salting,No,,,,http://ramppa.uca.es/cetaria/espasante,,"Equipment Morphology
Equipment Construction
Spatial Organization
Location (Resource Proximity)",,,0.0,10.0,,,,Yes,No,,,,,Yes,No,L-shaped,L-shaped,,,Yes,,No,,,,,,Cannot,Unknown,,,2,10,rectangle;square,opus signinum,False
629114E6-0CCA-490E-A7BA-D5A76290B33D,35D2E688-933B-4680-A2A5-938EA0DCD1CD,Estepona,Arroyo Vaquero,,Estepona,Hispania Baetica,Spain,Andalusia,Strait of Gibraltar,36.4035,-5.1934,1,301,400.0,4.0,0.0,2,,Fish-salting,No,,,,http://ramppa.uca.es/cetaria/arroyo-vaquero,,"Equipment Morphology
Equipment Construction",,,1.0,0.0,,,,Cannot,Cannot,,,,,Cannot,Cannot,,,,,Cannot,,No,,,,,,Cannot,Unknown,,,1,1,rectangular (?),opus signinum,True
CE3D91C9-C954-4BEB-AC0A-6E3006111168,28EE753B-5924-4290-9ACB-36727F935C71,Étel,,,Étel,Gallia Lugdunensis,France,Brittany,Northwestern France,47.65029,-3.20402,4,,,,,4,"There may have been 14 vats total (Driard 2011, 264) but only four to five have been confirmed. The only datable material came from the fill of the vats (3rd century CE).",Fish-salting,No,,,,http://ramppa.uca.es/cetaria/la-falaise,,"Equipment Morphology
Equipment Construction
Spatial Organization
Ecofacts
Location (Resource Proximity)",Fish remains were found in bottom of some vats. Driard (2014) classified it as definitely a fish-salting workshop.,,0.0,4.0,,,,Yes,No,,,,,Yes,No,line,line,,,Yes,,No,,,,,,Cannot,Rural,,,1,4,rectangle,opus signinum,False
2D70C545-6112-4AC9-8A72-ECC15AD21646,BA62C58B-5F3C-4BB8-BF9A-642CAB80C1DC,Favignana,,,Favignana,Sicilia,Italy,Sicily,Western Sicily,37.9347,12.3463,2,,,,,2,,Fish-salting,Uncertain,,,462084.0,,,"Location (Resource Proximity)
Equipment Morphology
Equipment Construction",The vats are poorly preserved and recorded. There is much uncertainty about their identification.,,2.0,0.0,,,,Cannot,Cannot,,,,,Cannot,Cannot,unknown,unknown,,,Cannot,,No,,,,,,Cannot,Rural,"Also called ""San Nicola"" (Curtis 1991).",462084.0,1,2,rectangular (?),opus signinum,False
EB2F0C4E-F5BD-45BE-8EAA-1B730B523CF5,802D8969-FF7C-4612-AFC1-675D650C0D4D,Gades (Cádiz),Calle Huerta del Obispo,Gades,Cádiz,Hispania Baetica,Spain,Andalusia,Strait of Gibraltar,36.51649,-6.28055,3,-300,-201.0,-3.0,1.0,3,,Fish-salting,No,,,,http://ramppa.uca.es/cetaria/calle-huerta-del-obispo-no-10,,"Ecofacts
Equipment Construction
Equipment Morphology
Location (Resource Proximity)",Large amounts of fish remains were found nearby.,,3.0,0.0,,,,Yes,No,,,,,Yes,No,scattered,scattered,,,Cannot,,No,,,,,,Assoc w/ other,Suburban,,256177.0,1,3,rectangle,type unknown,True
7216BDC4-D4F5-488E-8697-E302204667B3,802D8969-FF7C-4612-AFC1-675D650C0D4D,Gades (Cádiz),Calle San Bartolomé,Gades,Cádiz,Hispania Baetica,Spain,Andalusia,Strait of Gibraltar,36.51312,-6.28155,4,-200,-101.0,-2.0,1.0,2,"Also called ""Los Chinchorros.""",Fish-salting,Uncertain,,,,http://ramppa.uca.es/cetaria/calle-san-bartolome-los-chinchorros,,"Location (Resource Proximity)
Equipment Construction",,,1.0,2.0,,,,Yes,No,,,,,Cannot,Cannot,scattered,scattered,,,Yes,,No,,,,,,Cannot,Suburban,,256177.0,1,3,oval,none survives,True
C31B161A-3617-42C1-9B3E-F0CC12D08EEA,802D8969-FF7C-4612-AFC1-675D650C0D4D,Gades (Cádiz),Castillo de Santa Catalina,Gades,Cádiz,Hispania Baetica,Spain,Andalusia,Strait of Gibraltar,36.53279,-6.30797,1,-100,-51.0,-1.0,1.0,4,,Fish-salting,No,,,,http://ramppa.uca.es/cetaria/castillo-de-santa-catalina,,"Location (Resource Proximity)
Equipment Morphology
Equipment Construction
Ecofacts",Marine shells were found in the vat. Expósito Álvarez (2004; 2007) classified it as definitely a fish-salting workshop.,,1.0,0.0,,,,Cannot,Cannot,,,,,Cannot,Cannot,,,,,Cannot,,No,,,,,,Cannot,Suburban,,256177.0,1,1,rectangular (?),opus signinum,True
DE43C765-7CB7-45FE-8CA2-9B65573AEFC4,802D8969-FF7C-4612-AFC1-675D650C0D4D,Gades (Cádiz),La Caleta,Gades,Cádiz,Hispania Baetica,Spain,Andalusia,Strait of Gibraltar,36.53204,-6.30612,1,-100,100.0,1.0,1.0,3,,Fish-salting,No,,,,http://ramppa.uca.es/cetaria/club-nautico-la-caleta,,"Equipment Morphology
Equipment Construction
Location (Resource Proximity)","Although only one vat has been exposed and there is little direct evidence for its use in salting fish, there were at least a dozen vats visible here in the 17th century, suggesting the existence of a large factory. Expósito Álvarez (2004; 2007) classified it as definitely a fish-salting workshop.",,1.0,0.0,,,,Cannot,Cannot,,,,,Cannot,Cannot,,,,,Yes,,No,,,,,,Cannot,Suburban,,256177.0,1,1,rectangle,opus signinum,True
2F913E97-DBA2-4DE0-B0AA-FE6640A4E95D,802D8969-FF7C-4612-AFC1-675D650C0D4D,Gades (Cádiz),"Plaza de Asdrúbal, Workshop 2",Gades,Cádiz,Hispania Baetica,Spain,Andalusia,Strait of Gibraltar,36.51669,-6.28488,4,-100,-1.0,-1.0,1.0,3,"The workshop was excavated in 1997–1998. It has not been fully published, so there is uncertainty surrounding the dating and other aspects of the site. The most authoritative account of the dating is Niveau de Villedary y Mariñas 2007, who reviewed the unpublished excavation report and consulted the director of the excavation.",Fish-salting,No,,,,http://ramppa.uca.es/cetaria/plaza-de-asdrubal-esquina-a-avenida-amilcar-barca-edificio-de-la-junta-de-andalucia,,"Location (Resource Proximity)
Equipment Construction
Equipment Morphology
Spatial Organization
Ecofacts",Fish and mollusk remains were found.,,0.0,4.0,,,,Yes,Yes,,,,,Yes,No,unknown,unknown,,,Yes,,No,,,,,,Just WS,Suburban,,256177.0,3,4,irregular;oval;rectangle,unknown,True
7DC797F7-3758-432E-817E-00468CDA1819,802D8969-FF7C-4612-AFC1-675D650C0D4D,Gades (Cádiz),Teatro Andalucía,Gades,Cádiz,Hispania Baetica,Spain,Andalusia,Strait of Gibraltar,36.53145,-6.29757,25,-100,-1.0,-1.0,1.0,4,The workshop may have been part of a cluster of fish-salting factories that included the one at Teatro de Títeres La Tía Norica. The workshops' vats have virtually identical morphologies.,Fish-salting,Yes,"Teatro Andalucía is preserved in the basement of the modern building.

Open Mon–Fri, 10-2

See ""Turismo - Ancient Roman Salting Factory""","June 17, 2016",,http://ramppa.uca.es/cetaria/teatro-andalucia,,"Location (Resource Proximity)
Equipment Morphology
Equipment Construction
Spatial Organization
Ecofacts","Fish remains, including a large amount of tuna, were found inside the vats. Expósito Álvarez (2004; 2007) classified it as definitely a fish-salting workshop.",,1.0,24.0,,,,Yes,Yes,,,,,Yes,No,"U-shaped
grid",U-shaped,,,Yes,,No,,,,,,Just WS,Urban,,256177.0,5,25,irregular;rectangle;rectangular (?);square,unknown,True
B76B2AB5-878D-49FC-85C6-23B52EC2FA83,802D8969-FF7C-4612-AFC1-675D650C0D4D,Gades (Cádiz),Teatro de Títeres La Tía Norica,Gades,Cádiz,Hispania Baetica,Spain,Andalusia,Strait of Gibraltar,36.5321,-6.29783,8,-25,25.0,1.0,1.0,4,"Also called ""Yacimiento Arqueológico Gadir"" and ""Cine Cómico"" (Expósito Álvarez 2011). This site has not been fully published. It is not far from the workshop at Teatro Andalucía; the two sites may have been part of a cluster of fish-salting facilities. The workshops' vats have virtually identical morphologies.",Fish-salting,Yes,,"June 18, 2016",,http://ramppa.uca.es/cetaria/teatro-comico,,"Equipment Morphology
Location (Resource Proximity)
Equipment Construction
Spatial Organization
Ecofacts",A deposit of barnacle shells was found in one of the vats. Expósito Álvarez (2011) classified it as definitely a fish-salting workshop.,,0.0,8.0,,,,Yes,No,,,,,Cannot,Cannot,grid,grid,,,Cannot,,No,,,,,,Just WS,Urban,,256177.0,1,8,rectangle,opus signinum,True
FD85AB5C-E90C-4D68-81EB-FDAC1861FE17,EF351FB3-0432-4410-B72E-101CFF835E8E,Giannutri,,,Giannutri,Italia,Italy,Tuscany,Northern Italy,42.25373,11.09612,6,76,100.0,1.0,1.0,3,Along the southwest and northwest sides of Room I.,Fish-salting,Uncertain,,,403192.0,http://ramppa.uca.es/cetaria/giannutri,,"Equipment Morphology
Equipment Construction
Spatial Organization
Location (Resource Proximity)",,,0.0,6.0,,,,Yes,Yes,,,,,Yes,No,L-shaped,L-shaped,Yes,,Yes,,No,,,,,,Assoc w/ villa,Rural,,403192.0,3,6,rectangle;rectangular (?),opus signinum,True
5FB560FE-CF6E-4879-B7D8-072E0160DB13,3AEAF383-772B-43D6-BEF8-AE2B1C7A1EA0,Gigia (Gijón),,Gigia,Gijón,Hispania Tarraconensis,Spain,Asturias,Northwestern Iberia,43.54524,-5.6633,4,1,100.0,1.0,1.0,4,"Fernández Ochoa (1994, 145) mentions five vats; the fifth must be the small tank connected to floor channels in room 1, which is probably related to oil pressing.",Fish-salting,No,Reburied under the Plaza del Marqués,,,http://ramppa.uca.es/cetaria/plaza-del-marques,,"Spatial Organization
Equipment Construction
Equipment Morphology
Location (Resource Proximity)
Ecofacts","Fish, mollusk, and terrestrial mammal remains were found.",,0.0,4.0,,,,Yes,Cannot,,,,,Yes,No,line,line,,,Yes,a series of shallow cuvets and channels converge on a small tank set into the floor of room 1,No,,,,,,Cannot,Suburban,,236475.0,2,4,rectangle;rectangular (?),opus signinum,True
67E7167D-2170-46B1-BE1F-8FBF7BCAAEAD,C79FD58D-98AA-4D57-A088-1685CEEC1AFA,Guelta,,,Guelta,Mauretania Caesariensis,Algeria,,Mauretania Caesariensis,36.3613,0.8308,9,,,,,4,"It has been suggested (see RAMPPA entry) that the workshop may date to the 3rd century CE, based on a comparison to the rounded corners and the construction style used to build vat walls in Workshop A at Tipasa and at the possible fish-salting workshop of Iol Caesarea/Cherchell: Les Trois Îlots (see Appendix E). The facility was abandoned by the 4th–5th centuries CE, based on a coin hoard found near the cistern opening.",Fish-salting,Yes,Only vats E and F are visible today (RAMPPA).,,,http://ramppa.uca.es/cetaria/el-guelta,,"Location (Resource Proximity)
Equipment Morphology
Equipment Construction
Spatial Organization
Ecofacts",A layer of fish remains was found on the floor of vat G.,,0.0,9.0,,,,Yes,Yes,,,,,Yes,No,U-shaped,U-shaped,Yes,,Yes,includes two cuvets,No,,,,,,Cannot,Rural,"Located 5 km from the nearest ancient town, Arsennaria (Pleiades: 22137).",,1,9,rectangle,crushed stone and mortar,False
656A1E9B-0F78-494C-873D-3B27D047DB5E,A5BF6D6D-90D1-47C9-8825-FC415B114C45,Guéthary,,,Guéthary,Gallia Aquitania,France,Nouvelle-Aquitaine,Gallia Aquitania,43.42532,-1.61055,7,-20,-20.0,-1.0,1.0,4,"Tobie and Chansac observed eight vats, three of which were excavated. When Ephrem returned to excavate them in the 2000s, only seven were visible. An inscription was found in the fill of one of the vats (Étienne 2006). It is unlikely that such an inscription would have been set up in the countryside, so there may have been a small settlement here.",Fish-salting,Uncertain,,,,http://ramppa.uca.es/cetaria/jardin-du-chef-de-gare,,"Equipment Morphology
Equipment Construction
Spatial Organization
Location (Resource Proximity)",,,0.0,7.0,,,,Yes,Cannot,,,,,Cannot,Cannot,grid,grid,,,Cannot,,No,,,,,,Cannot,Settlement,Also called Oiasso.,,2,7,rectangle;rectangular (?),opus signinum,True
298B1FF5-8285-403A-B0C9-A37BC916FA1B,8A8275C7-4D05-4244-8AC3-EE799CCD3B96,Guincho,Casais Velho,,Guincho,Lusitania,Portugal,Lisboa,Lisbon,38.72644,-9.46424,2,101,400.0,4.0,1.0,2,"Also called ""Casais Velhos"" (Etienne et al. 1994; Bugalhao 2001). The configuration of the vats is very similar to Groups 1 and 5 at Banasa. Ceramics found on the surface range in date from the 2nd through 4th centuries CE.",Fish-salting,Yes,,"June 23, 2017",,,5.0,"Location (Resource Proximity)
Equipment Morphology
Equipment Construction",Étienne et al. (1994) initially felt that this site could not be securely identified as a fish-salting workshop but new information prompted them to change their opinion and recognize it as a salting facility (Étienne and Mayet 2002). Teichner (2007) argued that it was a dye production site.,,0.0,2.0,,,,No,Yes,,,,,Yes,No,joined,joined,Yes,,Yes,,No,,,,,,Assoc w/ villa,Rural,,,2,2,rectangle;square,"opus signinum
mortar without ceramics",True
DF6A6D24-5A40-481D-AFEB-A0A1C16D531F,9BB9D770-053F-4A70-B5FD-1D6C5016825C,Hispalis (Seville),Museo Antiquarium,Hispalis,Seville,Hispania Baetica,Spain,Andalusia,Western Baetica,37.39314,-5.9921,4,21,40.0,1.0,1.0,4,In the Plaza de la Encarnación.,Fish-salting,Yes,,"June 12, 2016",,http://ramppa.uca.es/cetaria/plaza-de-la-encarnacion,,"Location (Resource Proximity)
Equipment Morphology
Equipment Construction
Spatial Organization
Ecofacts",Abundant fish remains were found in the vats.,,0.0,4.0,,,,Yes,No,,,,,Yes,No,line,line,Yes,,Yes,includes a rectangular cuvet or basin,No,,,,,,Assoc w/ other,Urban,,256210.0,1,4,square,type unknown,True
EF451294-8F88-40A3-B1AA-3C78753A031C,7C522815-080E-4204-89BD-FDCD51BA2B8C,Igilium (Giglio),,Igilium,Giglio,Italia,Italy,Tuscany,Northern Italy,42.36937,10.88059,3,1,200.0,2.0,1.0,3,,Fish-salting,Yes,There are some beautiful resorts there,,,http://ramppa.uca.es/cetaria/isola-del-giglio,,"Equipment Morphology
Equipment Construction
Spatial Organization
Location (Resource Proximity)",,,0.0,3.0,,,,Cannot,Cannot,,,,,Cannot,Cannot,grid,grid,,,Cannot,,No,,,,,,Cannot,Rural,,403221.0,2,3,rectangle;rectangular (?),opus signinum,True
95F1BAE7-C6EA-4026-8226-EB708C9DDB53,B268C56B-4AC1-4A24-968C-61492A4881BF,Igresiña Nerga,,,Igresiña Nerga,Hispania Tarraconensis,Spain,Galicia,Northwestern Iberia,42.25572,-8.83377,2,,,,,3,"The excavators suspected the workshop was in use since the 2nd century CE, but the only datable material is from its abandonment in the 4th or 5th centuries.",Fish-salting,Uncertain,,,,http://ramppa.uca.es/cetaria/igrexina-nerga,,"Ecofacts
Location (Resource Proximity)
Equipment Morphology
Equipment Construction
Spatial Organization",Abundant terrestrial faunal remains were found but only a few fish remains.,,0.0,2.0,,,,Cannot,Cannot,,,,,Cannot,Cannot,joined,joined,,,Cannot,,No,,,,,,Cannot,Rural,,,2,2,rectangular (?),none survives;opus signinum,False
C5E58A8B-4CDA-4B9E-ACBC-F61C55155287,0D8FBBC5-117B-4974-BF05-2DDA2135EDD3,Isla de Saltés,,,Isla de Saltés,Hispania Baetica,Spain,Andalusia,Western Baetica,37.20899,-6.97344,2,1,100.0,1.0,1.0,3,,Fish-salting,Uncertain,"On satellite imagery it looks like there may be a gate at the start of the road, so it could be inaccessible",,256201.0,http://ramppa.uca.es/cetaria/isla-saltes-el-almendral,,"Equipment Morphology
Location (Resource Proximity)
Equipment Construction
Ecofacts",A large deposit of shells was found.,,2.0,0.0,,,,Yes,No,,,,,Cannot,Cannot,joined,joined,,,Cannot,,No,,,,,,Cannot,Rural,,256201.0,1,2,rectangle,unknown,True
596F3363-637B-4F23-BD03-49944F12707B,92C1F1D6-A880-4978-8474-B981BAFB1151,Isola delle Femmine,,,Isola delle Femmine,Sicilia,Italy,Sicily,Western Sicily,38.21048,13.23718,9,,,,,3,"Surface scatters of ceramics indicate occupation from the 4th century BCE to the 4th century CE. Due to the breadth of this range, I have chosen not to record a date for the workshop.",Fish-salting,Yes,,,462407.0,,,"Location (Resource Proximity)
Equipment Construction
Artifacts
Equipment Morphology
Spatial Organization","A cluster of ancient anchors just offshore to the northeast may be evidence of fixed-net fishing (see La Rocca 2005, fig. 12).",,6.0,3.0,,,,Cannot,Yes,,,,,Yes,Cannot,"grid
scattered",grid,,,Yes,,No,,,,,,Assoc w/ other,Rural,,462407.0,2,9,rectangle;rectangular (?),opus signinum,False
21C54C34-AE75-416E-A933-8FB816AF7B27,B448AC3F-6964-4F25-A507-BD08871859E4,Iulia Traducta (Algeciras),"Calle San Nicolás 1, Workshop A",Iulia Traducta,Algeciras,Hispania Baetica,Spain,Andalusia,Strait of Gibraltar,36.12541,-5.44388,9,1,50.0,1.0,1.0,4,,Fish-salting,No,calle San Nicolás: partially visible in satellite photos. Doesn't look like they are accessible in Google StreetView from 2015.,,256235.0,http://ramppa.uca.es/cetaria/iulia-traducta-a-c-san-nicolas-1,,"Location (Resource Proximity)
Equipment Morphology
Equipment Construction
Spatial Organization
Ecofacts",Abundant fish and malacofaunal remains were found.,,0.0,9.0,,,,Yes,Yes,,,,,Yes,No,grid,grid,,,Yes,,No,,,,,,Just WS,Urban,,256235.0,3,9,rectangle;rectangular (?),opus signinum,True
28BFE7C5-782A-422F-9351-1444E7E3DF25,B448AC3F-6964-4F25-A507-BD08871859E4,Iulia Traducta (Algeciras),"Calle San Nicolás 1, Workshop B",Iulia Traducta,Algeciras,Hispania Baetica,Spain,Andalusia,Strait of Gibraltar,36.12541,-5.44388,6,1,50.0,1.0,1.0,4,,Fish-salting,No,,,256235.0,http://ramppa.uca.es/cetaria/iulia-traducta-b-c-san-nicolas-1,,"Location (Resource Proximity)
Equipment Morphology
Equipment Construction
Spatial Organization
Ecofacts",Fish and mollusk remains were recovered.,,0.0,6.0,,,,Yes,No,,,,,Yes,No,grid,grid,Yes,,Yes,,No,,,,,,Just WS,Urban,,256235.0,2,6,square,opus signinum,True
D1302868-10D0-4497-AAED-9213287173B7,B448AC3F-6964-4F25-A507-BD08871859E4,Iulia Traducta (Algeciras),"Calle San Nicolás 1, Workshop C/D",Iulia Traducta,Algeciras,Hispania Baetica,Spain,Andalusia,Strait of Gibraltar,36.12541,-5.44388,6,1,50.0,1.0,1.0,4,,Fish-salting,No,,,256235.0,http://ramppa.uca.es/cetaria/iulia-traducta-c-d-c-san-nicolas-1,,"Location (Resource Proximity)
Equipment Morphology
Equipment Construction
Spatial Organization
Ecofacts",Fish and mollusk remains were recovered.,,1.0,5.0,,,,Yes,Cannot,,,,,Yes,No,unknown,unknown,,,Yes,,No,,,,,,Just WS,Urban,,256235.0,3,6,rectangle;rectangular (?),opus signinum,True
A7ED0F7E-2D22-4789-91A8-58F7BEAE71FE,B448AC3F-6964-4F25-A507-BD08871859E4,Iulia Traducta (Algeciras),"Calle San Nicolás 3–5, Workshop 1",Iulia Traducta,Algeciras,Hispania Baetica,Spain,Andalusia,Strait of Gibraltar,36.12528,-5.44435,28,1,50.0,1.0,1.0,4,"I have not quantified features 19, 29, 35, or 37 because it is not clear to me that they are vats.",Fish-salting,No,,,256235.0,http://ramppa.uca.es/cetaria/iulia-traducta-i-c-san-nicolas-3-5,,"Location (Resource Proximity)
Equipment Morphology
Equipment Construction
Spatial Organization
Ecofacts",Abundant fish and mollusk remains were found in some vats.,,0.0,28.0,,,,Yes,Yes,,,,,Yes,No,U-shaped,U-shaped,,,Yes,,No,,,,,,Just WS,Urban,,256235.0,10,28,rectangle;rectangular (?),opus signinum,True
7664D773-92B0-465C-9AB2-0522C2173C07,B448AC3F-6964-4F25-A507-BD08871859E4,Iulia Traducta (Algeciras),"Calle San Nicolás 3–5, Workshop 2",Iulia Traducta,Algeciras,Hispania Baetica,Spain,Andalusia,Strait of Gibraltar,36.12528,-5.44435,15,1,50.0,1.0,1.0,4,,Fish-salting,No,,,256235.0,http://ramppa.uca.es/cetaria/iulia-traducta-ii-c-san-nicolas-3-5,,"Location (Resource Proximity)
Equipment Morphology
Equipment Construction
Spatial Organization
Ecofacts",Abundant fish and mollusk remains were found.,,0.0,15.0,,,,Yes,Yes,,,,,Yes,No,grid,grid,,,Cannot,,No,,,,,,Just WS,Urban,,256235.0,5,15,rectangle;rectangular (?),opus signinum,True
B576FCAF-1906-47CE-9414-01E764E54DA7,B448AC3F-6964-4F25-A507-BD08871859E4,Iulia Traducta (Algeciras),Calle San Nicolás 7,Iulia Traducta,Algeciras,Hispania Baetica,Spain,Andalusia,Strait of Gibraltar,36.12505,-5.44562,2,1,100.0,1.0,1.0,4,,Fish-salting,No,,,256235.0,http://ramppa.uca.es/cetaria/iulia-traducta-c-san-nicolas-7,,"Location (Resource Proximity)
Equipment Morphology
Equipment Construction
Spatial Organization
Ecofacts",Abundant fish and mollusk remains were found.,,0.0,2.0,,,,Cannot,Cannot,,,,,Yes,No,joined,joined,,,Yes,,Cannot,,,,,,Just WS,Urban,,256235.0,1,2,rectangular (?),opus signinum,True
440EF9A2-A8BA-49B8-9B17-F1D300118867,452C00FC-226C-4C41-B70B-2DDC8C7EC71E,Kerlaz,Lanévry,,Kerlaz,Gallia Lugdunensis,France,Brittany,Northwestern France,48.10323,-4.28708,8,101,200.0,2.0,1.0,4,"Early reports cited 13 vats but only eight have been confirmed. The six vats shown in Sanquer and Galliou (1972, fig. 14) could be the same as those excavated by Driard or they could be different ones; to be safe, I have omitted them from the data set.",Fish-salting,Uncertain,,,,http://ramppa.uca.es/cetaria/lanevry,,"Equipment Morphology
Equipment Construction
Spatial Organization
Location (Resource Proximity)
Ecofacts","Fish remains were found in some vats (Driard 2011, 410). Driard (2014) classified it as definitely a fish-salting workshop.",,0.0,8.0,,,,Yes,No,,,,,Cannot,Cannot,L-shaped,L-shaped,,,Cannot,,No,,,,,,Cannot,Settlement,,,1,8,square,opus signinum,True
C06ABDF7-6F77-4911-BF8D-E4E1C80D4A52,D29DBF61-4759-42C0-B624-665210EDE5CB,Ksar es Seghir,,,Ksar es Seghir,Mauretania Tingitana,Morocco,,Strait of Gibraltar,35.84569,-5.5518,12,1,100.0,1.0,1.0,4,,Fish-salting,No,Cheddad 2007 says they have all been destroyed,,275659.0,http://ramppa.uca.es/cetaria/qsar-es-sghir,,"Spatial Organization
Equipment Construction
Equipment Morphology
Location (Resource Proximity)",Trakadas (2015) classified it as definitely a fish-salting workshop.,,0.0,12.0,,,,Yes,Yes,,,,,Yes,No,grid,grid,,,Yes,,No,,,,,,Assoc w/ other,Rural,"Also transliterated as ""Alcazarsegher"" (Trakadas 2005). Cheddad (2007) mentioned a recent excavation that uncovered another fish-salting workshop but this work does not seem to have been published yet.",275659.0,1,12,rectangle,unknown,True
7BC24F54-ECF3-4EAE-A7D8-E043FAB20FA7,2100BC62-22E3-4D21-8DF0-CDE88971FAB5,Lacobriga (Lagos),Rua 25 de Abril 53–55/57–71/Rua Silva Lopes 2,Lacobriga,Lagos,Lusitania,Portugal,Algarve,Southern Portugal,37.10137,-8.67182,7,101,200.0,2.0,1.0,3,"Several vats were identified during soundings along the street (for maps, see Filipe et al. 2010, figs. 2, 3). There are three vats near Rua 25 de Abril 53–55: vats 1 and 2 (Sondage 2) and vat 3 (Sondage 1). There are reportedly five vats near Rua 25 de Abril 57–71 (Gonçalves 2010; Medeiros 2012) but I can only be sure of three: vats 4 and 5 (Sondage 5) and vat 6 (Caixa de Visita 2). There is one vat near Rua Silva Lopes 2: vat 7 (Sondage 11 or 18).",Fish-salting,No,,,,http://ramppa.uca.es/cetaria/rua-25-de-abril-no-57-71,2437734403.0,"Location (Resource Proximity)
Equipment Morphology
Equipment Construction",,,3.0,4.0,,,,Cannot,Cannot,,,,,Cannot,Cannot,unknown,unknown,,,Cannot,,No,,,,,,Cannot,Settlement,,256255.0,3,7,rectangular (?),unknown,True
FE8FF791-FC1F-4C44-9BF3-73833AD0EA09,2100BC62-22E3-4D21-8DF0-CDE88971FAB5,Lacobriga (Lagos),Rua Silva Lopes 4–8,Lacobriga,Lagos,Lusitania,Portugal,Algarve,Southern Portugal,37.10057,-8.67163,15,51,150.0,2.0,1.0,4,"The corner of another vat was found nearby (see the entry for Rua 25 de Abril 53–55/57–71/Rua Silva Lopes 2; Filipe et al. 2010, fig. 16).",Fish-salting,No,,,,http://ramppa.uca.es/cetaria/rua-silva-lopes-no-4-8,3087.0,"Equipment Morphology
Location (Resource Proximity)
Spatial Organization
Equipment Construction
Ecofacts",Marine remains were found but have not yet been studied.,,0.0,15.0,,,,Yes,Yes,,,,,Yes,No,"grid
U-shaped",U-shaped,Yes,,Yes,"includes two shallow, rectangular depressions or cuvets",No,,,,,,Cannot,Settlement,,256255.0,5,15,rectangle;rectangular (?);square,opus signinum,True
8E3363B5-377E-4081-9638-375EF1270109,939EE576-C2FF-4FB0-B0B2-A58FE6F0FBEF,Lacobriga (Monte Molião),Workshop 1,Lacobriga,Monte Molião,Lusitania,Portugal,Algarve,Southern Portugal,37.11384,-8.67506,2,1,100.0,1.0,1.0,3,Three more vats were excavated nearby but have not been published.,Fish-salting,No,,,,http://ramppa.uca.es/cetaria/estacao-arqueologica-do-monte-moliao-i,,"Ecofacts
Location (Resource Proximity)
Equipment Morphology
Equipment Construction
Spatial Organization",Fish remains were found in the vats.,,0.0,2.0,,,,Yes,No,,,,,Cannot,Cannot,joined,joined,,,Cannot,,No,,,,,,Cannot,Settlement,,256246.0,1,2,square,opus signinum,True
AFBC8F2A-116D-4C2E-9BF3-458E38F2214C,517921AA-0DFD-4EF7-B2B7-7DDAC678895E,Lanester,,,Lanester,Gallia Lugdunensis,France,Brittany,Northwestern France,47.77416,-3.29058,4,,,,,3,The workshop's construction has not been dated but it was abandoned at the end of the 3rd century CE.,Fish-salting,Uncertain,,,,http://ramppa.uca.es/cetaria/le-resto,,"Location (Resource Proximity)
Equipment Morphology
Equipment Construction
Spatial Organization",,,0.0,4.0,,,,Yes,Yes,,,,,Yes,No,line,line,Yes,,Yes,,No,,,,,,Cannot,Rural,,,2,4,rectangle,none survives;opus signinum,False
DE5B7BCE-89B6-4C3C-95BD-EAAB283092BC,782DE02D-17D3-444D-9409-B856E1C004CF,Le Gua,Bel-Air,,Le Gua,Gallia Aquitania,France,Nouvelle-Aquitaine,Gallia Aquitania,45.728,-0.967,4,,,,,2,,Fish-salting,No,,,,,,"Equipment Morphology
Equipment Construction
Location (Resource Proximity)",,,,,,,,Yes,No,,,,,Yes,No,unknown,unknown,,,Cannot,,No,,,,,,Cannot,Rural,,,1,4,rectangle,type unknown,False
7E631CB4-B3DC-4124-A375-D89BD1F64E0D,782DE02D-17D3-444D-9409-B856E1C004CF,Le Gua,Fief de Châlons,,Le Gua,Gallia Aquitania,France,Nouvelle-Aquitaine,Gallia Aquitania,45.729,-0.964,4,,,,,2,,Fish-salting,No,,,,,,"Location (Resource Proximity)
Equipment Construction
Equipment Morphology",,,2.0,2.0,,,,No,Yes,,,,,Yes,No,scattered,scattered,,,Yes,,No,,,,,,Cannot,Rural,,,4,4,irregular;rectangle,opus signinum,False
37FF8A18-1C75-45C8-8CD5-E71CA032BD70,BB7CA38C-962B-4987-A5AB-B3FE72FAE9CC,Levanzo,,,Levanzo,Sicilia,Italy,Sicily,Western Sicily,37.99328,12.35145,21,-200,-101.0,-2.0,1.0,4,"Located on Cala Minnola, in the southeast corner of the island. Bergonzoni identified eight vats. When Botte excavated the site fully, he revealed that the workshop actually consisted of 24 vats: 20 (vats 1–18, 20–21) were at least partially excavated; three (vats 22–24) are thought to be under the bush in the south of the group and have not been included in the data set; one (vat 19) was found 40 meters west of this group. The date of construction was inferred from ceramics found on the site but not directly associated with the building of the vats. The workshop's abandonment is securely dated to no later than the 2nd century CE.",Fish-salting,Yes,,,462428.0,http://ramppa.uca.es/cetaria/levanzo,,"Equipment Morphology
Equipment Construction
Spatial Organization
Location (Resource Proximity)",,,1.0,20.0,,,,Yes,Yes,,,,,Cannot,Cannot,grid,grid,Yes,,No,,No,,,,,,Just WS,Rural,,462428.0,3,21,rectangle;rectangular (?);square,opus signinum,True
C0D5854C-E54A-4AF0-ABB1-524178F24C96,31AD3A42-BE0A-4E19-B503-E0813C5195D0,Lixus,Group 1,Lixus,,Mauretania Tingitana,Morocco,,Strait of Gibraltar,35.19683,-6.11207,23,40,40.0,1.0,1.0,4,"The three rooms south of the vats have been identified as shops. There is debate about whether to date the workshop's construction to the end of the 1st century BCE (RAMPPA) or to the middle of the 1st century CE (Habibi 2007). Some vats were subdivided at a later, unknown date.",Fish-salting,Yes,,"June 14, 2016",275666.0,http://ramppa.uca.es/cetaria/lixus-ensemble-i,,"Location (Resource Proximity)
Equipment Morphology
Equipment Construction
Spatial Organization",Trakadas (2015) classified it as definitely a fish-salting workshop.,,1.0,22.0,,,,Yes,Yes,,,,,Yes,No,grid,grid,Yes,,Yes,includes a rectangular cuvet in the southeast corner,No,,,,,,Assoc w/ other,Suburban,,275666.0,3,23,rectangle,"opus signinum
crushed stone and mortar",True
15FA92B0-8B44-4201-95F5-CBA289204752,31AD3A42-BE0A-4E19-B503-E0813C5195D0,Lixus,Group 10,Lixus,,Mauretania Tingitana,Morocco,,Strait of Gibraltar,35.19696,-6.11042,4,1,100.0,1.0,1.0,4,Finds from the excavation are unpublished and their location is unknown. The chronology is assumed to be similar to other workshops at Lixus.,Fish-salting,Yes,,"June 14, 2016",275666.0,http://ramppa.uca.es/cetaria/lixus-ensemble-x,,"Location (Resource Proximity)
Equipment Morphology
Equipment Construction
Spatial Organization",Trakadas (2015) classified it as definitely a fish-salting workshop.,,0.0,4.0,,,,Yes,Yes,,,,,Yes,No,L-shaped,L-shaped,Yes,,Yes,,No,,,,,,Assoc w/ other,Suburban,,275666.0,3,4,square,opus signinum;unknown,True
7AC4E2DA-17CA-4019-9EB4-7D6741927278,31AD3A42-BE0A-4E19-B503-E0813C5195D0,Lixus,Group 2,Lixus,,Mauretania Tingitana,Morocco,,Strait of Gibraltar,35.19682,-6.11187,4,51,100.0,1.0,1.0,4,"Vats 3 and 4 may have been joined at one point—there is a lip of opus signinum running along the outside of the western edge of vat 3. Vat 5 is probably not a fish-salting vat. It has larger, more squared stones in courses, with no visible mortar, and it reportedly has one or two drains in its north side. The workshop was remodeled in the mid- to late 2nd century CE, dividing the eastern room into three parts.",Fish-salting,Yes,,"June 14, 2016",275666.0,http://ramppa.uca.es/cetaria/lixus-ensemble-ii,,"Location (Resource Proximity)
Equipment Morphology
Equipment Construction",Trakadas (2015) classified it as definitely a fish-salting workshop.,,4.0,0.0,,,,Yes,Yes,,,,,Yes,No,scattered,scattered,Yes,,Yes,,No,,,,,,Just WS,Suburban,,275666.0,1,4,rectangle,"crushed stone and mortar
opus signinum",True
7B9F00FA-A0AB-4FF6-8B6F-90AEA8556B73,31AD3A42-BE0A-4E19-B503-E0813C5195D0,Lixus,Group 3,Lixus,,Mauretania Tingitana,Morocco,,Strait of Gibraltar,35.1969,-6.11176,7,1,100.0,1.0,1.0,4,"Vat 7 is much smaller than the others; it may have been used for cleaning or for another preparatory or secondary process. Ponsich and Tarradell (1965, fig. 7) show two more ephemeral vats at the top of the staircase. The workshop was remodeled in the 4th–6th centuries CE.",Fish-salting,Yes,,"June 14, 2016",275666.0,http://ramppa.uca.es/cetaria/lixus-ensemble-iii,,"Equipment Construction
Equipment Morphology
Location (Resource Proximity)
Spatial Organization",Trakadas (2015) classified it as definitely a fish-salting workshop.,,1.0,6.0,,,,Yes,Yes,,,,,Yes,No,"line
L-shaped",L-shaped,Yes,,Yes,,No,,,,,,Just WS,Suburban,,275666.0,4,7,irregular;rectangle;square,"opus signinum
crushed stone and mortar",True
61D3B509-19EE-4441-8D09-88B8F6CA70DB,31AD3A42-BE0A-4E19-B503-E0813C5195D0,Lixus,Group 4,Lixus,,Mauretania Tingitana,Morocco,,Strait of Gibraltar,35.19692,-6.11152,12,1,100.0,1.0,1.0,4,The workshop was remodeled several times.,Fish-salting,Yes,,"June 14, 2016",275666.0,http://ramppa.uca.es/cetaria/lixus-ensemble-iv,,"Location (Resource Proximity)
Spatial Organization
Equipment Construction
Equipment Morphology",Trakadas (2015) classified it as definitely a fish-salting workshop.,,1.0,10.0,,,,Yes,Yes,,,,,Yes,No,"scattered
grid",grid,Yes,,Yes,"includes a shallow, square basin or cuvet next to vat 11",No,,,,,,Just WS,Suburban,,275666.0,5,12,circle;rectangle;square,"opus signinum;opus signinum
crushed stone and mortar;unknown",True
273ADBB8-455C-439F-8B57-28D9AC0E4814,31AD3A42-BE0A-4E19-B503-E0813C5195D0,Lixus,Group 5,Lixus,,Mauretania Tingitana,Morocco,,Strait of Gibraltar,35.19694,-6.11135,10,1,100.0,1.0,1.0,4,The workshop was remodeled in the 3rd century CE; vats 1–6 were filled and separated from vats 7–10.,Fish-salting,Yes,,"June 14, 2016",275666.0,http://ramppa.uca.es/cetaria/lixus-ensemble-v,,"Equipment Morphology
Equipment Construction
Location (Resource Proximity)
Spatial Organization",Trakadas (2015) classified it as definitely a fish-salting workshop.,,0.0,10.0,,,,Yes,Yes,,,,,Yes,No,U-shaped,U-shaped,Yes,,Yes,,No,,,,,,Just WS,Suburban,,275666.0,2,10,rectangle,opus signinum,True
1847148B-4B60-4179-BCA3-902A20574B47,31AD3A42-BE0A-4E19-B503-E0813C5195D0,Lixus,Group 6,Lixus,,Mauretania Tingitana,Morocco,,Strait of Gibraltar,35.19688,-6.11116,27,1,33.0,1.0,1.0,4,The workshop was remodeled heavily in the late 6th/early 7th centuries CE: some vats were paved or otherwise built over and the two cisterns in the southeast corner were built (Habibi 2007).,Fish-salting,Yes,,"June 14, 2016",275666.0,http://ramppa.uca.es/cetaria/lixus-ensemble-vi,,"Equipment Construction
Equipment Morphology
Location (Resource Proximity)
Spatial Organization",Trakadas (2015) classified it as definitely a fish-salting workshop.,,3.0,24.0,,,,Yes,Yes,,,,,Yes,No,"grid
L-shaped
parallel
joined",L-shaped,Yes,,Yes,,No,,,,,,Just WS,Suburban,,275666.0,7,27,irregular;rectangle;square,opus signinum;unknown,True
95AA973A-0390-4B4D-A7DD-90E822DB1204,31AD3A42-BE0A-4E19-B503-E0813C5195D0,Lixus,Group 7,Lixus,,Mauretania Tingitana,Morocco,,Strait of Gibraltar,35.19693,-6.11096,12,1,100.0,1.0,1.0,4,The workshop was remodeled in the early 4th century CE.,Fish-salting,Yes,,"June 14, 2016",275666.0,http://ramppa.uca.es/cetaria/lixus-ensemble-vii,,"Location (Resource Proximity)
Equipment Morphology
Equipment Construction",Trakadas (2015) classified it as definitely a fish-salting workshop.,,0.0,12.0,,,,Yes,Yes,,,,,Yes,No,line,line,Yes,,Yes,,No,,,,,,Just WS,Suburban,,275666.0,4,12,rectangle;square,opus signinum;unknown,True
B6B1632B-C2C9-4FD8-8307-F74F7CE8E5C9,31AD3A42-BE0A-4E19-B503-E0813C5195D0,Lixus,Group 8,Lixus,,Mauretania Tingitana,Morocco,,Strait of Gibraltar,35.19681,-6.11095,20,1,100.0,1.0,1.0,4,The workshop has not been excavated fully; it continues south under the modern road. Vats 5–7 communicate through arched passages in their walls. They probably were used as a cistern but they may originally have been fish-salting vats. The ceramics and other finds from the excavation have not been published and their location is unknown. The chronology is thought to be similar to the other workshops at Lixus.,Fish-salting,Yes,,"June 14, 2016",275666.0,http://ramppa.uca.es/cetaria/lixus-ensemble-viii,,"Equipment Morphology
Equipment Construction
Location (Resource Proximity)
Spatial Organization",Trakadas (2015) classified it as definitely a fish-salting workshop.,,0.0,20.0,,,,Yes,Yes,,,,,Yes,No,grid,grid,,,Cannot,,No,,,,,,Just WS,Suburban,,275666.0,1,20,rectangle,opus signinum,True
E9EC7C8E-C007-486D-B46E-D4E568BC1C18,31AD3A42-BE0A-4E19-B503-E0813C5195D0,Lixus,Group 9,Lixus,,Mauretania Tingitana,Morocco,,Strait of Gibraltar,35.19689,-6.11074,22,60,60.0,1.0,1.0,4,"The workshop was remodeled several times starting in the first half of the 5th century CE: vat 5 was partially filled to reduce its depth, then later covered entirely before finally being excavated again to create vat 6. Perhaps around the same time, a new north-south wall divided the eastern room in half.",Fish-salting,Yes,,"June 14, 2016",275666.0,http://ramppa.uca.es/cetaria/lixus-ensemble-ix,,"Location (Resource Proximity)
Spatial Organization
Equipment Construction
Equipment Morphology",Trakadas (2015) classified it as definitely a fish-salting workshop.,,0.0,22.0,,,,Yes,Yes,,,,,Yes,No,"grid
U-shaped",U-shaped,Yes,,Yes,,No,,,,,,Just WS,Suburban,,275666.0,3,22,rectangle;square,opus signinum,True
CC4AD892-6D82-43A4-ADAC-69A2B3D3A225,63A8FBE6-A2CD-4BD5-8917-A53668313E4B,Londinium (London),Peninsular House,Londinium,London,Britannia,England,,Britain,51.5096,-0.08518,1,1,100.0,1.0,1.0,2,"The vat could have been a wooden salting vat or just a holding tank for domestic products manufactured elsewhere in Britain, such as the Thames estuary (see the site at the Stanford Wharf Nature Reserve, Appendix E). The vat was dated by dendrochronological analysis to the 1st century CE. The deposit of fish remains was dated to the first half of the 3rd century CE.",Fish-salting,No,,,,,,"Location (Resource Proximity)
Ecofacts","Abundant, compacted remains of local fish were the primary evidence for fish-salting activities at the site (Milne 1985, 87; Locker 2007).",,1.0,0.0,,,,Cannot,Cannot,,,,,Cannot,Cannot,,,,,Yes,,No,,,,,,Just WS,Suburban,,79574.0,1,1,rectangular (?),other,True
63F49DED-B369-42CF-8C45-9C8EE5AF93F3,CC177D9C-A3F4-498F-BDB7-441DDADBE0E5,Lopadusa (Lampedusa),,Lopadusa,Lampedusa,Sicilia,Italy,Sicily,North-central Africa,35.50114,12.6054,10,,,,,3,,Fish-salting,Uncertain,"Looks accessible on satellite imagery, but unclear if the remains are exposed.",,1094.0,,,"Equipment Morphology
Location (Resource Proximity)
Equipment Construction
Spatial Organization",,,4.0,6.0,,,,Cannot,Yes,,,,,Cannot,Cannot,"grid
scattered",grid,,,Yes,,No,,,,,,Cannot,Rural,,1094.0,8,10,irregular;rectangle;rectangular (?),opus signinum;unknown,False
DDF848F3-1E87-4082-A8F5-A278D0A18768,3E035CA6-EE34-4B59-B8B6-E7C447F04A43,Loulé Velho,Workshop 1,,Loulé Velho,Lusitania,Portugal,Algarve,Southern Portugal,37.0595,-8.0831,2,,,,,4,,Fish-salting,Uncertain,"Probably destroyed by the sea.  Already largely destroyed in 1966, so unlikely that anything survives now.",,,http://ramppa.uca.es/cetaria/loule-velho-i,745.0,"Location (Resource Proximity)
Equipment Construction
Spatial Organization
Equipment Morphology",Étienne et al. (1994) classified it as definitely a fish-salting workshop.,,0.0,2.0,,,,Cannot,Cannot,,,,,Cannot,Cannot,joined,joined,,,Cannot,,Cannot,,,,,,Cannot,Rural,,,1,2,rectangular (?),opus signinum,False
A621518F-0B27-420D-82B3-9D66C1DC1724,3E035CA6-EE34-4B59-B8B6-E7C447F04A43,Loulé Velho,Workshop 2,,Loulé Velho,Lusitania,Portugal,Algarve,Southern Portugal,37.0595,-8.0831,18,,,,,3,,Fish-salting,No,Nothing is preserved today. The workshop was discovered in the 1970s.,,,http://ramppa.uca.es/cetaria/loule-velho-ii,745.0,"Location (Resource Proximity)
Equipment Morphology
Equipment Construction
Spatial Organization",,,0.0,18.0,,,,Yes,No,,,,,Cannot,Cannot,"parallel
grid",parallel,,,Cannot,,No,,,,,,Cannot,Rural,,,3,18,square,unknown,False
9F8B9637-0D67-445B-953E-0654B9A50B80,3E035CA6-EE34-4B59-B8B6-E7C447F04A43,Loulé Velho,Workshop 3,,Loulé Velho,Lusitania,Portugal,Algarve,Southern Portugal,37.0595,-8.0831,1,,,,,3,,Fish-salting,Uncertain,,,,http://ramppa.uca.es/cetaria/loule-velho-iii,,"Location (Resource Proximity)
Equipment Morphology
Equipment Construction",,,1.0,0.0,,,,Cannot,Cannot,,,,,Cannot,Cannot,,,,,Cannot,,No,,,,,,Cannot,Rural,,,1,1,rectangle,opus signinum,False
91A020B8-151C-4753-BC18-092520728980,3B20D71D-6834-4564-8BB7-BE9FB1433AA0,Maenuba (Cerro del Mar),,Maenuba,Cerro del Mar,Hispania Baetica,Spain,Andalusia,Eastern Baetica,36.73758,-4.10536,1,-150,-101.0,-2.0,1.0,2,The vat was excavated in corte 11.,Fish-salting,No,,,265959.0,http://ramppa.uca.es/cetaria/cerro-del-mar,,"Location (Resource Proximity)
Ecofacts",Fish remains were found in amphorae from 1st century BCE contexts at the site. It is possible that the vats were used for clay levigation or other activities related to pottery production at the large amphora workshop at the site.,,1.0,0.0,,,,Cannot,Cannot,,,,,Yes,No,,,,,Cannot,,Cannot,,,,,,Assoc w/ other,Unknown,Possibly the ancient settlement Mainake (Pleiades: 265961).,265959.0,1,1,rectangular (?),unknown,True
75BC6B8A-0763-46A3-9F1B-1227264F6C4E,6D50998D-4DBC-418D-8F48-07BCBBAF797F,Malaca (Málaga),Calle Afligidos,Malaca,Málaga,Hispania Baetica,Spain,Andalusia,Eastern Baetica,36.72036,-4.41821,1,,,,,2,,Fish-salting,Uncertain,,,,,,"Location (Resource Proximity)
Equipment Morphology
Equipment Construction",,,1.0,0.0,,,,Cannot,Cannot,,,,,Cannot,Cannot,,,,,Cannot,,No,,,,,,Cannot,Urban,"For the evolution and extent of the ancient city, see Mayorga Mayorga et al. 2005; Mayorga Mayorga 2006, 99–100.",265963.0,1,1,rectangle,opus signinum,False
B83FF63D-3B69-4055-BE32-BF20CC6BBD81,6D50998D-4DBC-418D-8F48-07BCBBAF797F,Malaca (Málaga),Calle Alcazabilla,Malaca,Málaga,Hispania Baetica,Spain,Andalusia,Eastern Baetica,36.72112,-4.41724,11,251,300.0,3.0,0.0,4,Numerous vats have been excavated in the area around the Roman theater and the south and west slopes of the Alcazaba hill (see also the entry in Appendix E). In this data set I have included only the 11 vats that are underneath the glass pyramid in front of the theater in the Calle Alcazabilla (Gómez Ramos 2013). Most of the others have not been fully published and are difficult to locate precisely. Three vats were reported in Juan Gran-Aymerich 1987; these may be the vats mentioned in Martín Ruiz 1996. One more was reported in Rodríguez Oliva 1993. Two vats were found at the mouth of the Alcazaba tunnel by C. Iñiguez (see RAMPPA entry). Three vats were found at Calle Marquesa de Moya 5 (Iñiguez Sánchez 2005). More vats were found recently under the new archaeological museum by M. I. Cisneros (see RAMPPA entry).,Fish-salting,Yes,"Didn't know about this when we were there in June 2016; besides, there was a huge rally that evening and the stage must have been set up right near the glass pyramid.

Some might be preserved in the ""Puerta del Cristo"" of the Alcazaba (Lagóstena Barrios 2001, La prod., p. 147)

2017: Only 5 vats are really visible, with 2 more barely visible. The staff would not permit me to go under the pyramid, and said that even they couldn't go there.","June 9, 2017",,http://ramppa.uca.es/cetaria/teatro-romano-calle-alcazabilla,,"Location (Resource Proximity)
Equipment Morphology
Equipment Construction
Spatial Organization
Literary/Epigraphic
Ecofacts",Fish remains were found in some vats.,,0.0,11.0,,,,Yes,Yes,,,,,Yes,Cannot,"grid
unknown",grid,,,Cannot,,No,,,,,,Just WS,Urban,"For the evolution and extent of the ancient city, see Mayorga Mayorga et al. 2005; Mayorga Mayorga 2006, 99–100.",265963.0,3,11,rectangle;rectangular (?),opus signinum,True
FD631368-8B07-4B82-B09A-38D031B47D8B,6D50998D-4DBC-418D-8F48-07BCBBAF797F,Malaca (Málaga),Calle Cañón,Malaca,Málaga,Hispania Baetica,Spain,Andalusia,Eastern Baetica,36.72012,-4.41861,2,,,,,2,Located at Calle Cañón 7 and 9.,Fish-salting,Uncertain,,,,http://ramppa.uca.es/cetaria/calle-canon,,"Equipment Morphology
Location (Resource Proximity)
Equipment Construction",,,2.0,0.0,,,,No,Yes,,,,,Cannot,Cannot,unknown,unknown,,,Cannot,,No,,,,,,Cannot,Urban,"For the evolution and extent of the ancient city, see Mayorga Mayorga et al. 2005; Mayorga Mayorga 2006, 99–100.",265963.0,1,2,irregular,opus signinum,False
6120AE07-D78A-4D8B-9A3C-B896AA4C62AF,6D50998D-4DBC-418D-8F48-07BCBBAF797F,Malaca (Málaga),Calle Cerrojo,Malaca,Málaga,Hispania Baetica,Spain,Andalusia,Eastern Baetica,36.72,-4.42688,14,1,100.0,1.0,1.0,4,Ten vats are located at Calle Cerrojo 24–26 (AAA 1999; Pineda de las Infantas Beato 2002). Three vats are located at Calle Cerrojo 30 (AAA 2004); their configuration is unknown. One vat was reported in an unspecified location along the street (Serrano 1990; Peral et al. 1990). There may be another vat at Calle Cerrojo 32 (Expósito Capilla 2010).,Fish-salting,Uncertain,,,,http://ramppa.uca.es/cetaria/calle-cerrojo,,"Equipment Morphology
Location (Resource Proximity)
Equipment Construction
Spatial Organization",,,1.0,10.0,,,,Yes,No,,,,,Yes,No,grid,grid,,,Cannot,,No,,,,,,Just WS,Suburban,"For the evolution and extent of the ancient city, see Mayorga Mayorga et al. 2005; Mayorga Mayorga 2006, 99–100.",265963.0,3,14,rectangle;rectangular (?),opus signinum,True
511D04EE-A53A-445B-9FA3-8D6331D791B7,6D50998D-4DBC-418D-8F48-07BCBBAF797F,Malaca (Málaga),Calle Cister 3/San Agustín 4,Malaca,Málaga,Hispania Baetica,Spain,Andalusia,Eastern Baetica,36.7209,-4.4188,14,201,300.0,3.0,0.0,3,"Arancibia Román and Escalante Aguilar (2010, 3646) describe 14 vats along with a series of channels. Based on the information that has been published, I was able to fully quantify only eight of the vats. I did not parse the semi-conical vat from trench C-1/C-2, three vats from trench A-3, or two vats from trench A-5.",Fish-salting,No,,,,http://ramppa.uca.es/cetaria/calles-cister-3-y-san-agustin-4,,"Equipment Morphology
Location (Resource Proximity)
Equipment Construction
Spatial Organization",,,,8.0,,,,Yes,Yes,,,,,Cannot,Cannot,unknown,unknown,,,Cannot,,No,,,,,,Cannot,Urban,"For the evolution and extent of the ancient city, see Mayorga Mayorga et al. 2005; Mayorga Mayorga 2006, 99–100.",265963.0,3,8,rectangle;rectangular (?),opus signinum,True
BFE868BC-45DA-454C-A559-1223CD6E3ED8,6D50998D-4DBC-418D-8F48-07BCBBAF797F,Malaca (Málaga),Calle Compañía 10,Malaca,Málaga,Hispania Baetica,Spain,Andalusia,Eastern Baetica,36.72145,-4.42314,1,,,,,3,"Located under the gift shop of the Museo Carmen Thyssen, across from the museum itself.",Fish-salting,No,,,,http://ramppa.uca.es/cetaria/calle-compania-y-especerias-palacio-de-villalon-museo-carmen-thyssen,,"Equipment Morphology
Location (Resource Proximity)
Equipment Construction",,,1.0,0.0,,,,Cannot,Cannot,,,,,Cannot,Cannot,,,,,Cannot,,Cannot,,,,,,Assoc w/ other,Suburban,"For the evolution and extent of the ancient city, see Mayorga Mayorga et al. 2005; Mayorga Mayorga 2006, 99–100.",265963.0,1,1,rectangular (?),opus signinum,False
B2D6D9A8-3D92-4AED-A00D-72AB34C0771B,6D50998D-4DBC-418D-8F48-07BCBBAF797F,Malaca (Málaga),Calle Compañía 17–19,Malaca,Málaga,Hispania Baetica,Spain,Andalusia,Eastern Baetica,36.72132,-4.4234,4,201,300.0,3.0,0.0,3,,Fish-salting,No,,,,http://ramppa.uca.es/cetaria/calle-compania-y-especerias-palacio-de-villalon-museo-carmen-thyssen,,"Equipment Morphology
Location (Resource Proximity)
Equipment Construction
Spatial Organization",,,0.0,4.0,,,,Cannot,Cannot,,,,,Cannot,Cannot,grid,grid,,,Cannot,,Cannot,,,,,,Cannot,Suburban,"For the evolution and extent of the ancient city, see Mayorga Mayorga et al. 2005; Mayorga Mayorga 2006, 99–100.",265963.0,1,4,rectangular (?),opus signinum,True
13F6398F-7BF6-42A7-80F5-EE165001C0D3,6D50998D-4DBC-418D-8F48-07BCBBAF797F,Malaca (Málaga),Calle Denis Belgrano,Malaca,Málaga,Hispania Baetica,Spain,Andalusia,Eastern Baetica,36.72206,-4.42001,1,1,100.0,1.0,1.0,3,Located at Calle Denis Belgrano 5.,Fish-salting,Uncertain,,,,http://ramppa.uca.es/cetaria/calle-denis-belgrano,,"Location (Resource Proximity)
Equipment Construction
Equipment Morphology",,,1.0,0.0,,,,Cannot,Cannot,,,,,Cannot,Cannot,,,,,Cannot,,Cannot,,,,,,Cannot,Suburban,"For the evolution and extent of the ancient city, see Mayorga Mayorga et al. 2005; Mayorga Mayorga 2006, 99–100.",265963.0,1,1,rectangular (?),opus signinum,True
FD0D6570-626F-4A4D-86BE-487C967E41FD,6D50998D-4DBC-418D-8F48-07BCBBAF797F,Malaca (Málaga),Calle Especerías 14–16,Malaca,Málaga,Hispania Baetica,Spain,Andalusia,Eastern Baetica,36.72096,-4.42324,4,,,,,3,,Fish-salting,Uncertain,,,,http://ramppa.uca.es/cetaria/calle-compania-y-especerias-palacio-de-villalon-museo-carmen-thyssen,,"Location (Resource Proximity)
Equipment Morphology
Spatial Organization
Equipment Construction",,,1.0,3.0,,,,Cannot,Cannot,,,,,Cannot,Cannot,unknown,unknown,,,Cannot,,No,,,,,,Cannot,Suburban,"For the evolution and extent of the ancient city, see Mayorga Mayorga et al. 2005; Mayorga Mayorga 2006, 99–100.",265963.0,2,4,rectangular (?),opus signinum,False
EF6E9FFE-0B67-447F-A14B-07E27A5D0B16,6D50998D-4DBC-418D-8F48-07BCBBAF797F,Malaca (Málaga),Calle Fernán González,Malaca,Málaga,Hispania Baetica,Spain,Andalusia,Eastern Baetica,36.72027,-4.42412,2,,,,,3,The exact location on the street is unknown.,Fish-salting,No,,,,,,"Equipment Morphology
Location (Resource Proximity)
Equipment Construction",,,0.0,2.0,,,,Cannot,Cannot,,,,,Cannot,Cannot,joined,joined,,,Cannot,,No,,,,,,Cannot,Suburban,"For the evolution and extent of the ancient city, see Mayorga Mayorga et al. 2005; Mayorga Mayorga 2006, 99–100.",265963.0,1,2,rectangular (?),unknown,False
AFB9EFAA-D072-44E1-A1FA-CBBDF744A971,6D50998D-4DBC-418D-8F48-07BCBBAF797F,Malaca (Málaga),Calle Granada,Malaca,Málaga,Hispania Baetica,Spain,Andalusia,Eastern Baetica,36.7221,-4.41804,4,-100,-51.0,-1.0,1.0,3,"Located at Calle Granada 57, 59, and 61.",Fish-salting,Uncertain,"Construction site is not accessible, and nothing is visible from the street","June 9, 2017",,http://ramppa.uca.es/cetaria/calle-granada-57-61,,"Ecofacts
Location (Resource Proximity)
Equipment Morphology
Equipment Construction
Spatial Organization",Fish remains were found in an amphora at the site.,,0.0,4.0,,,,Yes,Yes,,,,,Yes,No,grid,grid,,,Yes,,No,,,,,,Cannot,Suburban,"For the evolution and extent of the ancient city, see Mayorga Mayorga et al. 2005; Mayorga Mayorga 2006, 99–100.",265963.0,1,4,rectangle,opus signinum,True
F051788F-1636-4736-9EC1-B1156E6647D6,6D50998D-4DBC-418D-8F48-07BCBBAF797F,Malaca (Málaga),Iglesia del Sagrario,Malaca,Málaga,Hispania Baetica,Spain,Andalusia,Eastern Baetica,36.72049,-4.41968,2,301,400.0,4.0,0.0,3,,Fish-salting,No,,,,http://ramppa.uca.es/cetaria/calle-cortina-del-muelle-iglesia-el-sagrario,,"Equipment Morphology
Location (Resource Proximity)
Equipment Construction
Spatial Organization",,,0.0,2.0,,,,Cannot,Cannot,,,,,Cannot,Cannot,joined,joined,,,Cannot,,No,,,,,,Cannot,Urban,"For the evolution and extent of the ancient city, see Mayorga Mayorga et al. 2005; Mayorga Mayorga 2006, 99–100.",265963.0,2,2,irregular;rectangular (?),opus signinum,True
3083A218-6F82-4640-AFB9-176F908EA4FC,6D50998D-4DBC-418D-8F48-07BCBBAF797F,Malaca (Málaga),"Museo Carmen Thyssen, Workshop 1",Malaca,Málaga,Hispania Baetica,Spain,Andalusia,Eastern Baetica,36.72166,-4.4228,4,101,200.0,2.0,1.0,4,"Also described by its street location, at the southeast corner of Calle Los Martires 4-8. The workshop is associated with a well-appointed house, separated by a corridor or small alley. The vats were filled during the first half of the 3rd century CE.",Fish-salting,Yes,"A comment on this blog post says that the remains are visible in the basement: (http://hablemossobremuseosypinacotecas.blogspot.com/2014/12/museo-carmen-thyssen-de-malaga.html)

2017: I visited the museum and the staff informed me that the remains were not open because they were flooded and the pumping process could take a year or longer.","June 9, 2017",,http://ramppa.uca.es/cetaria/calle-compania-y-especerias-palacio-de-villalon-museo-carmen-thyssen,,"Location (Resource Proximity)
Spatial Organization
Equipment Construction
Equipment Morphology",,,0.0,4.0,,,,Yes,No,,,,,Yes,No,line,line,,,Cannot,,No,,,,,,Assoc w/ other,Suburban,"For the evolution and extent of the ancient city, see Mayorga Mayorga et al. 2005; Mayorga Mayorga 2006, 99–100.",265963.0,1,4,rectangular (?),opus signinum,True
281410A1-54CC-497F-BA3C-3D88E15A4CB5,6D50998D-4DBC-418D-8F48-07BCBBAF797F,Malaca (Málaga),"Museo Carmen Thyssen, Workshop 2",Malaca,Málaga,Hispania Baetica,Spain,Andalusia,Eastern Baetica,36.72136,-4.42276,5,351,400.0,4.0,0.0,4,"Also described by its street location, at Calle Compañía 6–8.",Fish-salting,Uncertain,See Workshop 1. I am uncertain which workshop(s) is (are) visible.,"June 9, 2017",,http://ramppa.uca.es/cetaria/calle-compania-y-especerias-palacio-de-villalon-museo-carmen-thyssen,,"Location (Resource Proximity)
Equipment Morphology
Equipment Construction
Spatial Organization
Ecofacts",Fish remains were found in a vat.,,0.0,5.0,,,,Yes,Yes,,,,,Cannot,Cannot,grid,grid,,,Cannot,,No,,,,,,Cannot,Suburban,"For the evolution and extent of the ancient city, see Mayorga Mayorga et al. 2005; Mayorga Mayorga 2006, 99–100.",265963.0,3,5,rectangle;square,opus signinum,True
B0745297-4888-49AD-842D-BD291B54CA12,6D50998D-4DBC-418D-8F48-07BCBBAF797F,Malaca (Málaga),"Museo Carmen Thyssen, Workshop 3",Malaca,Málaga,Hispania Baetica,Spain,Andalusia,Eastern Baetica,36.72185,-4.42286,4,351,400.0,4.0,0.0,4,"Also described by its street location, at the northwest corner of Calle Los Martires 4–8.",Fish-salting,Uncertain,See Workshop 1. I am uncertain which workshop(s) is (are) visible.,"June 9, 2017",,http://ramppa.uca.es/cetaria/calle-compania-y-especerias-palacio-de-villalon-museo-carmen-thyssen,,"Equipment Morphology
Location (Resource Proximity)
Spatial Organization
Equipment Construction
Ecofacts",Fish remains were found in one of the vats.,,0.0,4.0,,,,Yes,Cannot,,,,,Yes,No,L-shaped,L-shaped,,,Yes,"space 5; includes two shallow, square depressions that may be cuvets or sockets to hold roof supports",No,,,,,,Cannot,Suburban,"For the evolution and extent of the ancient city, see Mayorga Mayorga et al. 2005; Mayorga Mayorga 2006, 99–100.",265963.0,3,4,rectangular (?);square,none survives;opus signinum,True
08CDA32E-BC59-4BB4-9176-40FE4594DC4A,6D50998D-4DBC-418D-8F48-07BCBBAF797F,Malaca (Málaga),"Museo Picasso, Workshop 1",Malaca,Málaga,Hispania Baetica,Spain,Andalusia,Eastern Baetica,36.72158,-4.41833,14,176,225.0,3.0,1.0,4,"Located under the Museo Picasso (Calle San Augustín 8), also called the ""Palacio de los Condes de Buenavista."" Some of the vats may have been renovated in the early 4th century CE (Mayorga Mayorga 2006, 111–112).",Fish-salting,No,,"June 20, 2016",265963.0,http://ramppa.uca.es/cetaria/palacio-de-buenavista-museo-picasso-malaga,,"Location (Resource Proximity)
Equipment Morphology
Spatial Organization
Equipment Construction",,,2.0,12.0,,,,Yes,Yes,,,,,Yes,No,"grid
joined",grid,,,Yes,,No,,,,,,Cannot,Urban,"For the evolution and extent of the ancient city, see Mayorga Mayorga et al. 2005; Mayorga Mayorga 2006, 99–100.",265963.0,8,14,irregular;rectangle;rectangular (?);square,opus signinum,True
182056CA-6F0E-46BC-A1BB-AF5CE8322B01,6D50998D-4DBC-418D-8F48-07BCBBAF797F,Malaca (Málaga),"Museo Picasso, Workshop 2",Malaca,Málaga,Hispania Baetica,Spain,Andalusia,Eastern Baetica,36.72158,-4.41833,8,176,225.0,3.0,1.0,4,,Fish-salting,Yes,"Only vats 2, 3, 6, and 7 are visible in the basement of the museum.","June 20, 2016",265963.0,http://ramppa.uca.es/cetaria/palacio-de-buenavista-museo-picasso-malaga,,"Location (Resource Proximity)
Equipment Morphology
Equipment Construction
Spatial Organization",,,0.0,8.0,,,,Yes,Yes,,,,,Yes,No,grid,grid,,,Yes,lined with opus signinum,No,,,,,,Cannot,Urban,"For the evolution and extent of the ancient city, see Mayorga Mayorga et al. 2005; Mayorga Mayorga 2006, 99–100.",265963.0,5,8,irregular;rectangle;rectangular (?);square,opus signinum,True
0BB1E084-8998-428E-BF96-809E466CD76F,6D50998D-4DBC-418D-8F48-07BCBBAF797F,Malaca (Málaga),"Museo Picasso, Workshop 3",Malaca,Málaga,Hispania Baetica,Spain,Andalusia,Eastern Baetica,36.72158,-4.41833,12,176,225.0,3.0,1.0,4,,Fish-salting,No,,"June 20, 2016",265963.0,http://ramppa.uca.es/cetaria/palacio-de-buenavista-museo-picasso-malaga,,"Location (Resource Proximity)
Equipment Morphology
Equipment Construction
Spatial Organization",,,1.0,11.0,,,,Yes,Yes,,,,,Yes,No,"grid
unknown",grid,,,Yes,,No,,,,,,Cannot,Urban,"For the evolution and extent of the ancient city, see Mayorga Mayorga et al. 2005; Mayorga Mayorga 2006, 99–100.",265963.0,4,12,rectangle;rectangular (?);square,opus signinum,True
A49B3791-44C3-4ACD-A28D-922D5639FB75,6D50998D-4DBC-418D-8F48-07BCBBAF797F,Malaca (Málaga),"Museo Picasso, Workshop 4",Malaca,Málaga,Hispania Baetica,Spain,Andalusia,Eastern Baetica,36.72158,-4.41833,1,51,100.0,1.0,1.0,4,Vat 33 was abandoned in the 2nd century CE.,Fish-salting,No,,"June 20, 2016",265963.0,http://ramppa.uca.es/cetaria/palacio-de-buenavista-museo-picasso-malaga,,"Location (Resource Proximity)
Equipment Morphology
Equipment Construction
Ecofacts",Fish remains were found in vat 33.,,1.0,0.0,,,,Cannot,Cannot,,,,,Cannot,Cannot,,,,,Cannot,,No,,,,,,Cannot,Urban,"For the evolution and extent of the ancient city, see Mayorga Mayorga et al. 2005; Mayorga Mayorga 2006, 99–100.",265963.0,1,1,rectangle,opus signinum,True
A4D380A5-3552-496E-A3FE-90CEB8A5991D,6D50998D-4DBC-418D-8F48-07BCBBAF797F,Malaca (Málaga),"Rectorado de Málaga, Workshop 1",Malaca,Málaga,Hispania Baetica,Spain,Andalusia,Eastern Baetica,36.71994,-4.41609,6,101,200.0,2.0,1.0,4,The former Rectorado de Málaga is located at Av. Cervantes 2; it is now part of the University of Málaga. Two sources (Chacón Mohedano and Salvago Soto 2005; Ayuntamiento de Málaga 2010) cite 38 vats but I have only been able to identify 31.,Fish-salting,Yes,,"June 20, 2016",,http://ramppa.uca.es/cetaria/alcazaba-correos-viejo-ladera-meridional,,"Spatial Organization
Equipment Construction
Equipment Morphology
Location (Resource Proximity)
Ecofacts",Fish remains were found but have not been studied.,,0.0,6.0,,,,Yes,No,,,,,Yes,No,grid,grid,,,Yes,,No,,,,,,Just WS,Urban,"For the evolution and extent of the ancient city, see Mayorga Mayorga et al. 2005; Mayorga Mayorga 2006, 99–100.",265963.0,1,6,rectangle,unknown,True
2200940D-4890-4C8F-AF6E-723C55C85AC5,6D50998D-4DBC-418D-8F48-07BCBBAF797F,Malaca (Málaga),"Rectorado de Málaga, Workshop 2",Malaca,Málaga,Hispania Baetica,Spain,Andalusia,Eastern Baetica,36.71994,-4.41609,12,101,200.0,2.0,1.0,4,,Fish-salting,Yes,,"June 20, 2016",,http://ramppa.uca.es/cetaria/alcazaba-correos-viejo-ladera-meridional,,"Spatial Organization
Equipment Construction
Equipment Morphology
Location (Resource Proximity)
Ecofacts",Fish remains were found but have not been studied.,,0.0,12.0,,,,Yes,Yes,,,,,Yes,No,"grid
scattered",grid,,,Yes,,Yes,vat 31,,,,,Just WS,Urban,"For the evolution and extent of the ancient city, see Mayorga Mayorga et al. 2005; Mayorga Mayorga 2006, 99–100.",265963.0,5,12,rectangle;rectangular (?),opus signinum;unknown,True
5A6259A4-C8BF-4E2D-AACB-8D0DF4595BC6,6D50998D-4DBC-418D-8F48-07BCBBAF797F,Malaca (Málaga),"Rectorado de Málaga, Workshop 3",Malaca,Málaga,Hispania Baetica,Spain,Andalusia,Eastern Baetica,36.71994,-4.41609,6,101,200.0,2.0,1.0,4,,Fish-salting,Yes,,"June 20, 2016",,http://ramppa.uca.es/cetaria/alcazaba-correos-viejo-ladera-meridional,,"Spatial Organization
Equipment Construction
Equipment Morphology
Location (Resource Proximity)
Ecofacts",Fish remains were found but have not been studied.,,0.0,6.0,,,,Yes,No,,,,,Yes,No,grid,grid,,,Yes,,No,,,,,,Just WS,Urban,"For the evolution and extent of the ancient city, see Mayorga Mayorga et al. 2005; Mayorga Mayorga 2006, 99–100.",265963.0,3,6,rectangle,opus signinum;unknown,True
88E9AA0F-D117-48AC-A2B2-E9E37CBC206D,6D50998D-4DBC-418D-8F48-07BCBBAF797F,Malaca (Málaga),"Rectorado de Málaga, Workshop 4",Malaca,Málaga,Hispania Baetica,Spain,Andalusia,Eastern Baetica,36.71994,-4.41609,7,101,200.0,2.0,1.0,4,,Fish-salting,Yes,,"June 20, 2016",,http://ramppa.uca.es/cetaria/alcazaba-correos-viejo-ladera-meridional,,"Spatial Organization
Equipment Construction
Equipment Morphology
Location (Resource Proximity)
Ecofacts",Fish remains were found but have not been studied.,,0.0,7.0,,,,Cannot,Yes,,,,,Yes,No,"grid
line",line,,,Yes,,No,,,,,,Just WS,Urban,"For the evolution and extent of the ancient city, see Mayorga Mayorga et al. 2005; Mayorga Mayorga 2006, 99–100.",265963.0,1,7,rectangle,unknown,True
42E7487F-7EBF-48F1-A4AB-19064F32831C,F811E457-BB6D-44BB-9071-9CAF6A8D7CB6,Manilva,Casares,,Manilva,Hispania Baetica,Spain,Andalusia,Strait of Gibraltar,36.38004,-5.21131,1,,,,,2,"Also called the ""Villa at the Torre de la Sal,"" or ""Salto de la Mora.""",Fish-salting,Uncertain,,,,http://ramppa.uca.es/cetaria/torre-de-la-sal-o-salto-de-la-mora,,"Location (Resource Proximity)
Equipment Morphology
Equipment Construction",,,1.0,0.0,,,,Cannot,Cannot,,,,,Cannot,Cannot,,,,,Cannot,,Cannot,,,,,,Assoc w/ other,Rural,,,1,1,rectangle,opus signinum,False
5AB01618-716C-4319-B93B-8BF5AD8ECDB0,F811E457-BB6D-44BB-9071-9CAF6A8D7CB6,Manilva,Guardia Civil,,Manilva,Hispania Baetica,Spain,Andalusia,Strait of Gibraltar,36.35229,-5.23297,30,1,50.0,1.0,1.0,3,"The site is located near the former building of the Guardia Civil and near the ""Castillo de la Duquesa""; both structures have lent their names to the facility. The site has not been fully published. The RAMPPA entry reports that there were at least 30 vats around the central courtyard (see also García Vargas and Bernal Casasola 2009, 154). It appears to me, however, that there are two courtyards of vats. The eastern courtyard has vats lining its northern and western sides, forming an L-shape (vats 1–19). Along the eastern side of vats 1–15 are a number of pillars that look like the roof supports that often are found in fish-salting workshops (e.g., Baelo Claudia/Bolonia, Conjunto Industrial XII; Metrouna; Torre García; Torremolinos, La Cizaña; Tróia, Workshops 1 and 2). The western wall of vats 1–15 also looks thicker, suggesting that it supported a full, load-bearing wall. Both of these facts indicate that the long line of vats 1–15 belong to this eastern courtyard rather than the central courtyard. This leaves the central courtyard with just one row of vats (20–36) on its western side. I suspect that both courtyards belonged to the same owner, though, so I do not believe it is necessary to divide them into two workshops. A Roman villa is located just west of the complex.",Fish-salting,Uncertain,"Bing maps has decent satellite photo.

Visited in 2017: not accessible and nothing is visible from outside the gate. The site was so overgrown that nothing would have been visible even if I could get in.","June 11, 2017",,http://ramppa.uca.es/cetaria/castillo-de-la-duquesa,,"Equipment Morphology
Location (Resource Proximity)
Equipment Construction
Ecofacts
Spatial Organization
Artifacts",Fishing equipment was found at the site and murex shells were found in a small vat.,,0.0,30.0,,,,Yes,Yes,,,,,Yes,No,"L-shaped
line",L-shaped,Yes,,Yes,,No,,,,,,Assoc w/ villa,Rural,,,2,30,rectangle;square,unknown,True
C5FE43F4-5879-4246-99DE-B01111E7EE83,F811E457-BB6D-44BB-9071-9CAF6A8D7CB6,Manilva,San Luis de Sabinillas,,Manilva,Hispania Baetica,Spain,Andalusia,Strait of Gibraltar,36.36699,-5.22723,1,201,300.0,3.0,0.0,2,"The lone vat was added inside the existing villa, breaking through the mosaic pavement of Room E.",Fish-salting,No,,,,http://ramppa.uca.es/cetaria/san-luis-de-sabinillas,,"Artifacts
Ecofacts
Location (Resource Proximity)
Equipment Morphology",Fish remains were found in the vat; fishing hooks and net weights were found nearby.,,1.0,0.0,,,,Cannot,Cannot,,,,,Yes,Cannot,,,Yes,,Yes,,No,,,,,,Assoc w/ villa,Rural,,,1,1,square,unknown,True
B9C17373-3780-439A-9D8B-8FC9EE4D9B09,FD2EEBB8-905F-4DD1-81C8-11719A6C7654,Maratea,Capo la Secca,,Maratea,Italia,Italy,Basilicata,Southern Italy,39.93448,15.74327,3,-100,-1.0,-1.0,1.0,2,"Vat 3, located to the west of vats 1 and 2, was not fully excavated and was not well documented.",Fish-salting,No,"Backfilled, no longer visible: https://it.wikipedia.org/wiki/Area_archeologica_della_Secca_di_Castrocucco.

The finds are kept at the local branch of the Soprintendenza alle Belle Arti, at the former Capuchin monastery in Largo Cappuccini",,,,,"Equipment Morphology
Location (Resource Proximity)
Equipment Construction
Artifacts
Ecofacts",Fishing equipment and marine shells were excavated at the site.,,1.0,2.0,,,,Yes,Cannot,,,,,Cannot,Cannot,unknown,unknown,,,Cannot,,No,,,,,,Assoc w/ villa,Rural,,,2,2,rectangular (?);square,opus signinum,True
5BB9CB05-F8B6-46C2-945B-8D8372EA1A0B,FD2EEBB8-905F-4DD1-81C8-11719A6C7654,Maratea,Santo Janni,,Maratea,Italia,Italy,Basilicata,Southern Italy,39.96724,15.71586,7,,,,,3,"Dozens of ship anchors were found in a cluster to the north of the island. Botte (2009, 94–95, 103–104) dates the workshop broadly to the Republican period.",Fish-salting,Uncertain,,,452345.0,,,"Location (Resource Proximity)
Equipment Morphology
Equipment Construction
Spatial Organization
Ecofacts",A small number of marine remains were found.,,2.0,5.0,,,,Yes,Yes,,,,,Cannot,Cannot,line,line,,,Yes,,No,,,,,,Cannot,Rural,,,4,7,rectangle;square,opus signinum,False
24E405A3-42A4-4773-BDAD-C656ADD0CCBA,2BFD7639-3134-470F-9998-E6B40556CCD2,Marina di Pulsano,,,Marina di Pulsano,Italia,Italy,Apulia,Southern Italy,40.35,17.375,6,201,300.0,3.0,0.0,3,"The workshop was arranged in two parallel rows of three vats. It is unclear if the rows were separated by a corridor, by a larger space, or if they were joined in a grid. The workshop was dated by comparison to similar opus figlinum at a nearby 3rd century CE site (Marzano 2007).",Fish-salting,Yes,,,,,,"Equipment Morphology
Location (Resource Proximity)
Equipment Construction
Spatial Organization",,,,,,,,Cannot,Cannot,,,,,Cannot,Cannot,"line
unknown",line,,,Cannot,,No,,,,,,Assoc w/ villa,Rural,,,1,6,rectangle,"opus figlinum
opus signinum",True
9D52A910-1572-4363-9FF8-1B5C68565D80,FC13B3B0-7957-45EB-8324-43E81F30134C,Martinhal,,,Martinhal,Lusitania,Portugal,Algarve,Southern Portugal,37.02133,-8.92335,2,,,,,3,"Also called ""Murtinhal."" The site also hosts a well-known olive oil factory and other structures. It was abandoned in the 5th century CE.",Fish-salting,No,,,,http://ramppa.uca.es/cetaria/martinhal,2482.0,"Equipment Morphology
Location (Resource Proximity)
Equipment Construction
Spatial Organization","Da Veiga Ferreira (1967, 125, fig. 1) classified it as possibly a fish-salting workshop.",,0.0,2.0,,,,Cannot,Cannot,,,,,Yes,No,joined,joined,,,Cannot,,No,,,,,,Cannot,Settlement,,256319.0,2,2,rectangular (?);square,opus signinum,False
1F0B7748-5411-474A-A28D-071FE93ABF9D,855C593B-DF11-4A69-AFD5-42D956230D13,Mazarrón,"Factoría Romana de Salazones del Puerto, Workshop 1",,Mazarrón,Hispania Tarraconensis,Spain,Murcia,Southeastern Iberia,37.56178,-1.25885,8,201,300.0,3.0,0.0,4,"The workshop complex may continue to the northeast (see Martínez Alcalde and Iniesta Sanmartín 2008, 90).",Fish-salting,Yes,"Also has a museum with a part devoted to fish salting: open Wed–Sat, 10-1 and 6:30-9:30; Sunday, 10-1; closed Mon and Tues

Roman house nearby in Calle Era at 37.562507, -1.260215","June 24, 2016",,http://ramppa.uca.es/cetaria/puerto-de-mazarron,,"Ecofacts
Location (Resource Proximity)
Equipment Construction
Equipment Morphology
Spatial Organization",Fish remains were found at the site.,,0.0,8.0,,,,Yes,Yes,,,,,Yes,No,line,line,,,Yes,includes a rectangular basin,No,,,,,,Just WS,Settlement,The fish-salting workshops at Mazarrón have also been described as being located at Carthago Nova/Cartagena (see Appendix E).,265898.0,4,8,irregular;rectangle,opus signinum;unknown,True
3FF4AD47-1E37-4421-99A6-F21AEFD8B7F3,855C593B-DF11-4A69-AFD5-42D956230D13,Mazarrón,"Factoría Romana de Salazones del Puerto, Workshop 2",,Mazarrón,Hispania Tarraconensis,Spain,Murcia,Southeastern Iberia,37.56178,-1.25885,5,201,300.0,3.0,0.0,4,,Fish-salting,Yes,,"June 24, 2016",,http://ramppa.uca.es/cetaria/puerto-de-mazarron,,"Location (Resource Proximity)
Equipment Morphology
Spatial Organization
Equipment Construction
Ecofacts",Fish remains were found at the site.,,3.0,2.0,,,,Yes,Yes,,,,,Yes,No,scattered,scattered,,,Yes,,No,,,,,,Just WS,Settlement,The fish-salting workshops at Mazarrón have also been described as being located at Carthago Nova/Cartagena (see Appendix E).,265898.0,4,5,irregular;rectangle;rectangular (?),unknown,True
4DCFCA80-0A40-4A32-B804-A6FE3150DBEC,855C593B-DF11-4A69-AFD5-42D956230D13,Mazarrón,Villa del Alamillo,,Mazarrón,Hispania Tarraconensis,Spain,Murcia,Southeastern Iberia,37.57342,-1.24922,6,101,200.0,2.0,1.0,3,,Fish-salting,Yes,,"June 24, 2016",,http://ramppa.uca.es/cetaria/playa-del-alamillo-puerto-de-mazarron,,"Equipment Morphology
Equipment Construction
Spatial Organization
Location (Resource Proximity)",,,0.0,6.0,,,,Yes,Yes,,,,,Yes,No,L-shaped,L-shaped,Yes,,Yes,,No,,,,,,Assoc w/ villa,Settlement,The fish-salting workshops at Mazarrón have also been described as being located at Carthago Nova/Cartagena (see Appendix E).,265898.0,2,6,square,opus signinum,True
382A5FC3-A8EB-4BC2-84C2-26E0D2EA7FA9,7BF96917-EBBD-408C-A917-B551F87726E4,Megisti (Kastellorizo),,Megisti,Kastellorizo,Lycia,Greece,,Eastern Mediterranean,36.1486,29.5965,2,,,,,2,"A road and other buildings are visible nearby, so the area of the workshop was occupied with at least moderate density.",Fish-salting,Uncertain,,,,,,"Location (Resource Proximity)
Equipment Morphology
Equipment Construction
Spatial Organization",,,,,,,,No,Yes,,,,,Cannot,Cannot,unknown,unknown,,,Cannot,,Cannot,,,,,,Cannot,Suburban,,638988.0,1,2,rectangle,type unknown,False
98EC3807-E759-4ED7-AABD-6D242ADE4082,F4A72296-CFDB-4E6F-AF20-C8DE6A5BB76E,Metrouna,,,Metrouna,Mauretania Tingitana,Morocco,,Strait of Gibraltar,35.58832,-5.2644,11,75,75.0,1.0,1.0,4,,Fish-salting,No,,,,http://ramppa.uca.es/cetaria/metrouna,,"Location (Resource Proximity)
Ecofacts
Spatial Organization
Equipment Construction
Equipment Morphology",Trakadas (2015) classified it as definitely a fish-salting workshop. Malacofaunal evidence for purple dye production also was found nearby.,,0.0,11.0,,,,Yes,Yes,,,,,Yes,No,parallel,parallel,Yes,,Yes,includes a cuvet,No,,,,,,Cannot,Rural,,,5,11,rectangle;rectangular (?);square,opus signinum,True
54410F89-66B8-4C40-8918-AF1CD5EE5BC2,4195A1EE-AA7D-40FB-BFEA-38552B1DA4D3,Mylae (Milazzo),,Mylae,Milazzo,Sicilia,Italy,Sicily,Eastern Sicily,38.22887,15.24583,5,-25,50.0,1.0,1.0,4,There was fish processing activity here since the Hellenistic period but the workshop was built in the early imperial period (Ollà 2009).,Fish-salting,No,"Backfilled or destroyed by development, now under the outdoor seating of two restaurants.",,462379.0,,,"Location (Resource Proximity)
Equipment Morphology
Spatial Organization
Ecofacts
Equipment Construction",Fish remains were found in one of the vats.,,0.0,5.0,,,,Yes,Yes,,,,,Cannot,Cannot,grid,grid,,,Cannot,,No,,,,,,Cannot,Urban,,462379.0,1,5,rectangle,opus signinum,True
5A50B81B-32DF-4196-BF1B-3D0E675C42D5,6C7D216B-4003-4DA3-896A-B4628C0F3E0E,Myrmekion,,Myrmekion,,Regnum Bospori,Crimea,,Crimea,45.35318,36.5215,8,101,200.0,2.0,1.0,4,A few pithoi sat next to the vats.,Fish-salting,Uncertain,,,854710.0,,,"Ecofacts
Equipment Morphology
Spatial Organization
Location (Resource Proximity)
Equipment Construction
Artifacts",Dense layers of fish remains were found at the bottom of the vats. A cylindrical pot with holes in the bottom may have served as a filter or a scoop.,,0.0,8.0,,,,Yes,No,,,,,Yes,No,grid,grid,Yes,,Yes,,No,,,,,,Cannot,Settlement,,854710.0,1,8,square,opus signinum,True
EFCE6754-A609-4690-B207-5287B74BC46E,475254F8-1C10-4CFE-AFBF-E8A52B2129C8,Neapolis (Nabeul),Workshop A,Neapolis,Nabeul,Africa Proconsularis,Tunisia,,North-central Africa,36.43883,10.71749,14,61,300.0,,1.0,4,"Vats 2–6, 8, and 32 were present in the first phase of the workshop. Vats 1, 7, 18A–D, and 29–31 were added in the 3rd century CE, as was a house in the western half of the property. I have omitted three basins from the list of fish-salting vats. The adjacent vats 8 and 32 are quite shallow and vat 8 is the only basin in the workshop with a cuvet; the only other cuvets in the complex are located in courtyards, so these two vats may have been used for cleaning fish or other preparatory steps, not for salting. Vat 9 was in an unroofed area and fed into the main drain; therefore, it probably was used for cleaning or other activities.",Fish-salting,Yes,,,,,,"Equipment Morphology
Location (Resource Proximity)
Equipment Construction
Spatial Organization
Ecofacts",Fish remains were found in some vats.,Yes,2.0,12.0,,,,Yes,Yes,,,,,Yes,No,"line
L-shaped",L-shaped,Yes,,Yes,spaces X and XII include embedded amphoras that served as cuvets or soak-aways for cleaning,No,,,,,,Assoc w/ other,Urban,,315093.0,5,14,oval;rectangle;square,"opus figlinum
opus signinum",True
60E0F601-60A6-4082-B23C-1A464B616ABD,475254F8-1C10-4CFE-AFBF-E8A52B2129C8,Neapolis (Nabeul),Workshop B,Neapolis,Nabeul,Africa Proconsularis,Tunisia,,North-central Africa,36.43903,10.71758,6,201,300.0,3.0,0.0,4,,Fish-salting,Yes,,,,,,"Location (Resource Proximity)
Equipment Morphology
Equipment Construction
Spatial Organization",,,0.0,6.0,,,,Yes,Yes,,,,,Yes,No,line,line,Yes,,Yes,,No,,,,,,Assoc w/ other,Urban,,315093.0,1,6,rectangle,"opus figlinum
opus signinum",True
D9FFCFDB-4691-4277-B3E1-2E028CBD0599,475254F8-1C10-4CFE-AFBF-E8A52B2129C8,Neapolis (Nabeul),Workshop C,Neapolis,Nabeul,Africa Proconsularis,Tunisia,,North-central Africa,36.43867,10.7174,1,51,100.0,1.0,1.0,3,Only one vat has been excavated; the full extent of the workshop is unknown.,Fish-salting,Yes,,,,,,"Equipment Morphology
Equipment Construction
Location (Resource Proximity)",,,1.0,0.0,,,,Cannot,Cannot,,,,,Yes,No,,,,,Yes,,No,,,,,,Assoc w/ other,Urban,,315093.0,1,1,rectangular (?),unknown,True
295A865D-1634-4EEC-9671-0263074C2A65,B5392CDD-EAF1-4499-8FD0-7FCE95A66E28,Nieul-sur-Mer,,,Nieul-sur-Mer,Gallia Aquitania,France,Nouvelle-Aquitaine,Gallia Aquitania,46.21,-1.17,3,1,100.0,1.0,1.0,2,,Fish-salting,Uncertain,,,,,,"Location (Resource Proximity)
Equipment Morphology
Equipment Construction
Ecofacts",Abundant marine shells were found in vat 3.,,1.0,2.0,,,,No,Yes,,,,,Cannot,Cannot,line,line,,,Yes,,No,,,,,,Assoc w/ other,Rural,,,2,3,rectangle;square,opus signinum;type unknown,True
AAAEF6A9-F21C-4D0B-8EED-A9355213FB37,B4B4A411-FC12-4B62-8C5B-F806E88C8472,Olhão,,,Olhão,Lusitania,Portugal,Algarve,Southern Portugal,37.02385,-7.83865,7,,,,,4,Seven vats were reported but only two were drawn.,Fish-salting,No,"Etienne and Mayet make it sound like they have been destroyed.  

Destroyed after excavation and recording to make way for a construction project. (Estácio de Veiga Affonso dos Santos 1971, p. 215)",,,http://ramppa.uca.es/cetaria/doca-de-olhao,2741.0,"Equipment Morphology
Equipment Construction
Location (Resource Proximity)
Spatial Organization",Étienne et al. (1994) classified it as definitely a fish-salting workshop.,,0.0,2.0,,,,Yes,No,,,,,Cannot,Cannot,line,line,,,Cannot,,No,,,,,,Assoc w/ villa,Rural,,,2,2,rectangle;rectangular (?),unknown,False
04735B72-8F44-40FC-B11C-09FF87A8E342,0BDE8374-1E20-4C13-87E6-6A4899FD4FAD,Olisipo (Lisbon),Casa dos Bicos,Olisipo,Lisbon,Lusitania,Portugal,Lisboa,Lisbon,38.70917,-9.13267,4,1,100.0,1.0,1.0,4,,Fish-salting,Yes,"http://www.museudelisboa.pt/equipamentos/casa-dos-bicos/

http://www.cm-lisboa.pt/equipamentos/equipamento/info/museu-de-lisboa-casa-dos-bicos

Sounds like you can see the remains.

Open Mon–Sat, 10-6: http://www.josesaramago.org/onde-estamos/","June 6, 2016",256338.0,http://ramppa.uca.es/cetaria/casa-dos-bicos,274.0,"Location (Resource Proximity)
Equipment Morphology
Spatial Organization
Equipment Construction",Étienne et al. (1994) classified it as definitely a fish-salting workshop.,,0.0,4.0,,,,Yes,No,,,,,Yes,No,grid,grid,,,Cannot,,No,,,,,,Just WS,Urban,,256338.0,1,4,square,opus signinum,True
888A31A5-85AD-453D-93B3-487C8F0C4F42,0BDE8374-1E20-4C13-87E6-6A4899FD4FAD,Olisipo (Lisbon),"Núcleo Arqueológico da Rua dos Correeiros, Workshop 1",Olisipo,Lisbon,Lusitania,Portugal,Lisboa,Lisbon,38.70988,-9.13715,8,1,100.0,1.0,1.0,4,"Vat 29 has been interpreted as a salting vat rather than a cleaning cuvet because it has its own central depression and it is not in a courtyard proper. Bugalhão (2001, 71) suggests it was related to fish sauce production. The area to the east of the workshops at Núcleo Arqueológico da Rua dos Correeiros has been interpreted as a warehouse.",Fish-salting,Yes,"Only 1 hour guided tours, Mon–Sat, 10-12 and 2-5: 

http://ind.millenniumbcp.pt/en/Institucional/fundacao/Pages/fundacao_NARC.aspx","June 6, 2016",256338.0,http://ramppa.uca.es/cetaria/nucleo-arqueologico-da-rua-dos-correeiros,,"Location (Resource Proximity)
Equipment Morphology
Spatial Organization
Equipment Construction
Ecofacts",Fish remains were found during excavation.,,1.0,7.0,,,,Yes,Yes,,,,,Yes,No,grid,grid,,,Cannot,,No,,,,,,Just WS,Suburban,,256338.0,6,8,circle;rectangle;rectangular (?),none survives,True
8AF71601-5D5D-43DB-BDC8-30707C9D6C81,0BDE8374-1E20-4C13-87E6-6A4899FD4FAD,Olisipo (Lisbon),"Núcleo Arqueológico da Rua dos Correeiros, Workshop 2",Olisipo,Lisbon,Lusitania,Portugal,Lisboa,Lisbon,38.70988,-9.13715,3,1,100.0,1.0,1.0,4,"Feature 32 is probably a cleaning cuvet (Bugalhão 2001, 73).",Fish-salting,Yes,,"June 6, 2016",256338.0,http://ramppa.uca.es/cetaria/nucleo-arqueologico-da-rua-dos-correeiros,,"Equipment Morphology
Location (Resource Proximity)
Spatial Organization
Equipment Construction
Ecofacts",Fish remains were found during excavation.,,0.0,3.0,,,,Cannot,Cannot,,,,,Yes,No,grid,grid,,,Yes,includes a cuvet: feature 32,No,,,,,,Just WS,Suburban,,256338.0,2,3,rectangle;rectangular (?),none survives,True
9C0CE8EA-4823-4C39-B1A3-8312DC561534,0BDE8374-1E20-4C13-87E6-6A4899FD4FAD,Olisipo (Lisbon),"Núcleo Arqueológico da Rua dos Correeiros, Workshop 3",Olisipo,Lisbon,Lusitania,Portugal,Lisboa,Lisbon,38.70988,-9.13715,5,1,100.0,1.0,1.0,4,"Vat 31 was replaced by vat 23 at an unknown date. Vats 10, 12, and 24 probably were installed at the same time.",Fish-salting,Yes,,"June 6, 2016",256338.0,http://ramppa.uca.es/cetaria/nucleo-arqueologico-da-rua-dos-correeiros,,"Equipment Morphology
Location (Resource Proximity)
Spatial Organization
Equipment Construction
Ecofacts",Fish remains were found during excavation.,,1.0,4.0,,,,Yes,No,,,,,Yes,No,L-shaped,L-shaped,Yes,,Yes,,No,,,,,,Just WS,Suburban,,256338.0,4,5,rectangle;rectangular (?),none survives,True
35E3FF74-6EBA-48DC-B48A-7D02538BF268,0BDE8374-1E20-4C13-87E6-6A4899FD4FAD,Olisipo (Lisbon),"Núcleo Arqueológico da Rua dos Correeiros, Workshop 4",Olisipo,Lisbon,Lusitania,Portugal,Lisboa,Lisbon,38.70988,-9.13715,6,1,100.0,1.0,1.0,4,"Vat 27 has been interpreted as a salting vat rather than a courtyard cuvet. Bugalhão (2001, 74) suggests it was related to fish sauce production.",Fish-salting,Yes,,"June 6, 2016",256338.0,http://ramppa.uca.es/cetaria/nucleo-arqueologico-da-rua-dos-correeiros,,"Location (Resource Proximity)
Equipment Morphology
Spatial Organization
Equipment Construction
Ecofacts",Fish remains were found during excavation.,,1.0,5.0,,,,Yes,Yes,,,,,Yes,No,line,line,,,Yes,,No,,,,,,Just WS,Suburban,,256338.0,5,6,oval;rectangle,none survives,True
D6BF694E-E132-411F-B8D6-406FAA3E10C4,0BDE8374-1E20-4C13-87E6-6A4899FD4FAD,Olisipo (Lisbon),"Núcleo Arqueológico da Rua dos Correeiros, Workshop 5",Olisipo,Lisbon,Lusitania,Portugal,Lisboa,Lisbon,38.70988,-9.13715,2,1,100.0,1.0,1.0,4,,Fish-salting,Yes,,"June 6, 2016",256338.0,http://ramppa.uca.es/cetaria/nucleo-arqueologico-da-rua-dos-correeiros,,"Equipment Morphology
Location (Resource Proximity)
Spatial Organization
Equipment Construction
Ecofacts",Fish remains were found during excavation.,,0.0,2.0,,,,Cannot,Cannot,,,,,Yes,No,joined,joined,,,Yes,,No,,,,,,Just WS,Suburban,,256338.0,2,2,rectangle;rectangular (?),none survives,True
21FF08ED-CFB0-4E8D-818C-6F44B692C073,0BDE8374-1E20-4C13-87E6-6A4899FD4FAD,Olisipo (Lisbon),"Núcleo Arqueológico da Rua dos Correeiros, Workshop 6",Olisipo,Lisbon,Lusitania,Portugal,Lisboa,Lisbon,38.70988,-9.13715,4,1,125.0,,1.0,4,Vat 30 was replaced by vat 22 in the late 1st or early 2nd centuries CE. Feature 28 probably was a cuvet for cleaning the small courtyard.,Fish-salting,Yes,,"June 6, 2016",256338.0,http://ramppa.uca.es/cetaria/nucleo-arqueologico-da-rua-dos-correeiros,,"Location (Resource Proximity)
Equipment Morphology
Spatial Organization
Equipment Construction
Ecofacts",Fish remains were found during excavation.,Yes,1.0,3.0,,,,Cannot,Yes,,,,,Yes,No,"line
unknown",line,,,Yes,includes a cuvet: feature 28,No,,,,,,Just WS,Suburban,,256338.0,3,4,rectangle;rectangular (?),none survives,True
431442AE-1BC8-4765-8CFD-F5BBD338446F,0BDE8374-1E20-4C13-87E6-6A4899FD4FAD,Olisipo (Lisbon),"Núcleo Arqueológico da Rua dos Correeiros, Workshop 7",Olisipo,Lisbon,Lusitania,Portugal,Lisboa,Lisbon,38.70988,-9.13715,2,1,100.0,1.0,1.0,4,,Fish-salting,Yes,,"June 6, 2016",256338.0,http://ramppa.uca.es/cetaria/nucleo-arqueologico-da-rua-dos-correeiros,,"Location (Resource Proximity)
Equipment Morphology
Spatial Organization
Equipment Construction
Ecofacts",Fish remains were found during excavation.,,0.0,2.0,,,,Cannot,Cannot,,,,,Yes,No,joined,joined,,,Cannot,,No,,,,,,Just WS,Suburban,,256338.0,1,2,rectangular (?),"opus signinum
none survives",True
C8512A19-5BE0-4F92-815E-CACD0E21D70A,0BDE8374-1E20-4C13-87E6-6A4899FD4FAD,Olisipo (Lisbon),Rua dos Bacalhoeiros,Olisipo,Lisbon,Lusitania,Portugal,Lisboa,Lisbon,38.70939,-9.13464,4,1,50.0,1.0,1.0,3,Located at Rua dos Bacalhoeiros 32.,Fish-salting,Uncertain,"Construction project is finished, could be visible in the basement?",,,http://ramppa.uca.es/cetaria/rua-dos-bacalhoeiros-32-rua-da-padaria-no-1-9,,"Equipment Morphology
Location (Resource Proximity)
Equipment Construction
Spatial Organization",,,0.0,2.0,,,,Cannot,Cannot,,,,,Yes,No,"unknown
joined",joined,,,Cannot,,No,,,,,,Cannot,Suburban,,256338.0,2,4,rectangular (?),opus signinum,True
BFD6D69C-2CED-46FE-8A96-49A28B5D17D0,0BDE8374-1E20-4C13-87E6-6A4899FD4FAD,Olisipo (Lisbon),"Rua dos Douradores, Workshop 1",Olisipo,Lisbon,Lusitania,Portugal,Lisboa,Lisbon,38.71003,-9.13611,2,,,,,3,The vats were located in sondage 1.,Fish-salting,No,,,,http://ramppa.uca.es/cetaria/rua-dos-douradores-sond-1,,"Equipment Construction
Equipment Morphology
Location (Resource Proximity)",,,0.0,2.0,,,,Cannot,Cannot,,,,,Cannot,Cannot,joined,joined,,,Cannot,,No,,,,,,Cannot,Suburban,,256338.0,1,2,rectangular (?),unknown,False
C4CCF9AF-7721-466D-B237-29974630A02C,0BDE8374-1E20-4C13-87E6-6A4899FD4FAD,Olisipo (Lisbon),Rua dos Fanqueiros 51–57,Olisipo,Lisbon,Lusitania,Portugal,Lisboa,Lisbon,38.70968,-9.13564,2,,,,,3,,Fish-salting,No,,,,http://ramppa.uca.es/cetaria/rua-dos-fanqueiros-51-57,19726.0,"Location (Resource Proximity)
Equipment Morphology
Equipment Construction",,,0.0,2.0,,,,Cannot,Cannot,,,,,Cannot,Cannot,joined,joined,,,Cannot,,No,,,,,,Cannot,Suburban,,256338.0,1,2,rectangular (?),unknown,False
992A4393-C32D-4D80-8F44-3F46CF0325BD,0BDE8374-1E20-4C13-87E6-6A4899FD4FAD,Olisipo (Lisbon),Rua dos Fanqueiros 68–76,Olisipo,Lisbon,Lusitania,Portugal,Lisboa,Lisbon,38.70992,-9.13553,1,,,,,3,"Also called ""Rua dos Fanqueiros (Napoleão).""",Fish-salting,Yes,,"June 24, 2017",,http://ramppa.uca.es/cetaria/rua-dos-fanqueiros-68-76,13553.0,"Location (Resource Proximity)
Equipment Morphology
Equipment Construction
Ecofacts",Fish remains were found but no further information is available.,,1.0,0.0,,,,Cannot,Cannot,,,,,Cannot,Cannot,,,,,Cannot,,No,,,,,,Cannot,Suburban,,256338.0,1,1,rectangular (?),crushed stone and mortar,False
9478FDA4-4F4D-4E74-92E0-C80242CAD607,1F3DAD08-04E0-49AB-9D50-8CCF1A68DAB4,Onuba (Huelva),Calle Cardenal Cisneros,Onuba,Huelva,Hispania Baetica,Spain,Andalusia,Western Baetica,37.25707,-6.94887,4,1,100.0,1.0,1.0,3,,Fish-salting,Uncertain,,,,http://ramppa.uca.es/cetaria/calle-cardenal-cisneros-no-11,,"Equipment Morphology
Equipment Construction
Location (Resource Proximity)
Spatial Organization",,,0.0,4.0,,,,Yes,Yes,,,,,Cannot,Cannot,grid,grid,,,Cannot,,No,,,,,,Cannot,Suburban,"For the extent of the ancient city, see Campos and Vidal 2003, 45–51.",256346.0,2,4,rectangle;rectangular (?),unknown,True
4C5E8CE6-3E22-4917-A06D-DD374204D18C,1F3DAD08-04E0-49AB-9D50-8CCF1A68DAB4,Onuba (Huelva),Calle Millán Astray,Onuba,Huelva,Hispania Baetica,Spain,Andalusia,Western Baetica,37.25783,-6.95039,6,,,,,4,"Located at Calle Millan Astray 4, 6, and 8; also described as being located on Calle Tres de Agosto. Initially the workshop probably had a U-shape. The cistern was added later, destroying part of the facility.",Fish-salting,No,,,256346.0,http://ramppa.uca.es/cetaria/calle-millan-astray-no-4-6-8-actualmente-c-tres-de-agosto,,"Location (Resource Proximity)
Equipment Morphology
Equipment Construction
Spatial Organization",,,1.0,5.0,,,,Yes,Yes,,,,,Yes,No,U-shaped,U-shaped,,,Yes,,No,,,,,,Just WS,Suburban,"For the extent of the ancient city, see Campos and Vidal 2003, 45–51.",256346.0,2,6,rectangle;rectangular (?),opus signinum,False
541B6519-E4F7-41D4-B595-74F17B7E9257,1F3DAD08-04E0-49AB-9D50-8CCF1A68DAB4,Onuba (Huelva),Calle Palos,Onuba,Huelva,Hispania Baetica,Spain,Andalusia,Western Baetica,37.25727,-6.94954,5,51,100.0,1.0,1.0,4,The facility has been dated by ceramics excavated beneath the workshop.,Fish-salting,Uncertain,,,,http://ramppa.uca.es/cetaria/calle-palos-no-21-y-23,,"Ecofacts
Equipment Morphology
Equipment Construction
Spatial Organization
Location (Resource Proximity)",Fish remains were found in the bottom of vat 1.,,0.0,5.0,,,,Yes,No,,,,,Yes,No,parallel,parallel,Yes,,Yes,includes a possible rectangular cuvet on the ledge surrounding the vats,No,,,,,,Just WS,Suburban,"For the extent of the ancient city, see Campos and Vidal 2003, 45–51.",256346.0,1,5,rectangle,opus signinum,True
F12F9513-FD10-48E6-99E0-7E3BEEC45405,8B78A147-D1FD-4C5F-8805-E7DFE6F7944D,Pachino,,,Pachino,Sicilia,Italy,Sicily,Eastern Sicily,36.66494,15.05484,24,,,,,3,"The workshop consists of at least 24 vats and perhaps as many as 30. The cuttings into the rock have sharp angles, but it is unknown if the opus signinum lining followed this shape or was built up into curved corners.",Fish-salting,Yes,,,,,,"Location (Resource Proximity)
Spatial Organization
Equipment Construction
Equipment Morphology
Artifacts","Felici (2012) proposes that other features at the site were used for mooring fixed nets and for sighting schools of fish (see Felici 2012, fig. 6).",,24.0,0.0,,,,Yes,Yes,,,,,Cannot,Cannot,L-shaped,L-shaped,,,Yes,,No,,,,,,Cannot,Rural,,,3,24,rectangle;rectangular (?),opus signinum;unknown,False
974ACFEE-CABE-450A-8830-4E11EDD70F20,F5B9036F-BDCB-4E99-9866-3CBDD2BDBB2A,Phycus (Zawiet El-Hamama),Site 1,Phycus,Zawiet El-Hamama,Creta et Cyrenaica,Libya,,Cyrenaica,32.92586,21.63221,38,,,,,2,"Labeled as ""PHSC1"" in Hesein 2014b. Hesein identified seven groups of vats. Because the groups were defined by their spatial clustering rather than by any visible dividing walls or other features, I have treated all of them as part of one workshop. A few dozen meters west of the vats there are two rock-cut channels that connect to the sea but do not seem to connect to any inland pools.",Fish-salting,Yes,,,,,,"Location (Resource Proximity)
Equipment Morphology
Spatial Organization
Equipment Construction",,,38.0,0.0,,,,Yes,Yes,,,,,Cannot,Cannot,"scattered
grid",grid,,,Yes,open areas on the surrounding rock surface,No,,,,,,Assoc w/ other,Settlement,,373872.0,4,38,circle;oval;rectangle;square,opus signinum,False
1A71F5E5-44FD-4291-9CA4-24863F068591,08D54065-C1C3-4E56-82A8-89E130529A14,Poetanion (Ilha do Pessegueiro),D14,Poetanion,Ilha do Pessegueiro,Lusitania,Portugal,Alentejo,Lisbon,37.83263,-8.7974,8,201,300.0,3.0,0.0,4,,Fish-salting,Yes,Could not visit in 2016 because the island is closed to visitors until June 15.,"June 22, 2017",256357.0,http://ramppa.uca.es/cetaria/ilha-do-pessegueiro-d14,12747.0,"Equipment Morphology
Equipment Construction
Spatial Organization
Location (Resource Proximity)
Ecofacts",Fish remains were found at the site. Étienne et al. (1994) classified it as definitely a fish-salting workshop.,,0.0,8.0,,,,Yes,Yes,,,,,Yes,No,U-shaped,U-shaped,Yes,,Yes,includes a cuvet and a small basin,No,,,,,,Assoc w/ villa,Rural,"Pleiades calls it ""Patulus Portus."" The island can be visited, but with difficulty.",256357.0,4,8,rectangle;square,opus signinum,True
76E2BC09-BF89-45B0-BCA1-5FD7F5F37DDC,08D54065-C1C3-4E56-82A8-89E130529A14,Poetanion (Ilha do Pessegueiro),P16,Poetanion,Ilha do Pessegueiro,Lusitania,Portugal,Alentejo,Lisbon,37.83273,-8.79718,10,201,300.0,3.0,0.0,4,,Fish-salting,Yes,Could not visit in 2016 because the island is closed to visitors until June 15.,"June 22, 2017",256357.0,http://ramppa.uca.es/cetaria/ilha-do-pessegueiro-p16,12747.0,"Equipment Morphology
Equipment Construction
Spatial Organization
Location (Resource Proximity)
Ecofacts",Fish remains were found at the site. Étienne et al. (1994) classified it as definitely a fish-salting workshop.,,0.0,10.0,,,,Yes,Yes,,,,,Yes,No,rectangle,rectangle,Yes,,Yes,includes a cuvet,No,,,,,,Assoc w/ villa,Rural,"Pleiades calls it ""Patulus Portus."" The island can be visited, but with difficulty.",256357.0,4,10,rectangle;square,opus signinum,True
F890BB5A-4171-4120-ACEB-90F9750353AA,FC01753B-1A76-490D-AC7D-6EDC04B70A93,Poggio del Molino,,,Poggio del Molino,Italia,Italy,Tuscany,Northern Italy,43.01491,10.51544,5,-50,50.0,1.0,1.0,3,A 3D model of the excavated vats can be accessed online (https://sketchfab.com/3d-models/north-sector-of-the-settlement-cd86797ca9fe48dab0a639f5943c4c63).,Fish-salting,Uncertain,,,,,,"Location (Resource Proximity)
Equipment Morphology
Equipment Construction
Spatial Organization",,,0.0,5.0,,,,Yes,Yes,,,,,Yes,No,grid,grid,,,Cannot,,No,,,,,,Assoc w/ other,Rural,,24736652.0,2,5,rectangle;square,opus signinum,True
28689D1C-783B-4E4B-8C90-DB77B9587012,24B0880B-DF80-427A-95C2-E87B51CBCAFF,Pompeii,I.1.1–2,Pompeii,,Italia,Italy,Campania,Southern Italy,40.74841,14.48995,2,-100,-51.0,-1.0,1.0,3,There may also have been an earlier vat in the property (see Appendix E).,Fish-salting,No,,,433032.0,,,"Ecofacts
Location (Resource Proximity)
Equipment Construction
Equipment Morphology","Previous critiques of this identification were based on a supposed lack of fish remains, although their presence was noted in the initial publication of the vats (Ellis 2011, 68; cf. Botte 2015, 685; Monteix 2016c, 221). Subsequent study of the environmental remains from the site has confirmed that several vats did, in fact, contain a high concentration of marine remains, and they were even more abundant in the soak-aways that seem to have been used alongside them to dispose of processing waste (see Chapter 4, sub-section 4.3.2.4; Ellis et al., forthcoming; Motz, forthcoming[b]). Moreover, many other installations that have been confidently identified as fish-salting workshops did not contain vats with large amounts of fish remains, including some that were positively identified by the same scholars (Guéthary; Camargue: Carrelet; Marina di Pulsano; Santa Irene; Favignana; Isola delle Femmine; Lampedusa; Pachino; San Vito lo Capo; Vendicari; Giannutri; Giglio), in one case incorrectly (Portus Fenilie/Tombolo di Feniglia; see Appendix E), or were even excavated by them (Levanzo). Other notable examples with a confirmed lack of fish bones or scales include Workshop 12 at Tróia, while countless others contained only a handful of remains.",,2.0,0.0,,,,No,Yes,,,,,Yes,No,scattered,scattered,Yes,,Yes,,Yes,vat 5,,,,,Just WS,Urban,,433032.0,2,2,irregular;square,type unknown,True
6149494F-5641-4434-A1F4-9DEF417A2F2E,24B0880B-DF80-427A-95C2-E87B51CBCAFF,Pompeii,I.1.6–9,Pompeii,,Italia,Italy,Campania,Southern Italy,40.7486,14.48973,2,-100,-1.0,-1.0,1.0,3,Vat 8 replaced Vat 7 sometime in the 1st century BCE (Phase 4b).,Fish-salting,No,,,433032.0,,,"Location (Resource Proximity)
Equipment Morphology
Equipment Construction
Ecofacts",See comments on property I.1.1–2.,Yes,2.0,0.0,,,,No,Yes,,,,,Yes,No,unknown,unknown,Yes,,Yes,,No,,,,,,Just WS,Urban,,433032.0,2,2,irregular;rectangle,type unknown,True
D72B7B37-4CC8-4E71-9853-3B6666D894A1,24B0880B-DF80-427A-95C2-E87B51CBCAFF,Pompeii,I.12.3,Pompeii,,Italia,Italy,Campania,Southern Italy,40.75134,14.49125,1,,,,,2,,Fish-salting,Yes,Not visible from the street,"July 16, 2016",433032.0,,,"Location (Resource Proximity)
Equipment Construction",,,1.0,0.0,,,,Cannot,Cannot,,,,,Yes,No,,,,,Cannot,,Cannot,,,,,,Assoc w/ other,Urban,,433032.0,1,1,rectangular (?),unknown,False
228745FD-3818-4BAB-89B6-0A1BFEE9D03E,24B0880B-DF80-427A-95C2-E87B51CBCAFF,Pompeii,I.12.8,Pompeii,,Italia,Italy,Campania,Southern Italy,40.75082,14.49175,6,1,79.0,1.0,1.0,4,,Fish-salting,Yes,,,433032.0,,,"Ecofacts
Location (Resource Proximity)",Fish remains were found in the dolia and in the many amphorae in the property.,,6.0,0.0,,,,Yes,No,,,,,Yes,No,"scattered
L-shaped",L-shaped,Yes,,Yes,,No,,,,,,Assoc w/ other,Urban,,433032.0,1,6,dolium,,True
B3BEDA23-A5A7-4A9A-B537-205D8BFAEA29,24B0880B-DF80-427A-95C2-E87B51CBCAFF,Pompeii,VI.1,Pompeii,,Italia,Italy,Campania,Southern Italy,40.7517,14.48177,6,-125,-76.0,-1.0,1.0,3,"Six vats have been reported but only two could be included fully in this data set. Insufficient information has been published about the other four: two vats in VI.1.2–4, one in VI.1.13, and one in VI.1.17.",Fish-salting,No,,,433032.0,,,"Location (Resource Proximity)
Equipment Construction
Equipment Morphology
Ecofacts",Abundant fish remains were found in the bottoms of some of the northern vats.,,6.0,0.0,,,,Cannot,Cannot,,,,,Yes,No,scattered,scattered,,,,,No,,,,,,Assoc w/ other,Urban,,433032.0,2,2,irregular;rectangle,none survives;type unknown,True
B83D3CD2-8C99-4AD1-970D-CB1F0BB44F2C,24B0880B-DF80-427A-95C2-E87B51CBCAFF,Pompeii,VIII.7.5–8,Pompeii,,Italia,Italy,Campania,Southern Italy,40.74858,14.4896,1,-100,-51.0,-1.0,1.0,3,,Fish-salting,No,,,433032.0,,,"Ecofacts
Location (Resource Proximity)
Equipment Construction
Equipment Morphology",See comments on property I.1.1–2.,,1.0,0.0,,,,Cannot,Cannot,,,,,Yes,No,,,Yes,,Yes,,No,,,,,,Just WS,Urban,,433032.0,1,1,rectangle,type unknown,True
9D24330F-4B02-492A-ACFC-544AEC442A21,24B0880B-DF80-427A-95C2-E87B51CBCAFF,Pompeii,VIII.7.9–12,Pompeii,,Italia,Italy,Campania,Southern Italy,40.74866,14.4895,3,-100,-51.0,-1.0,1.0,3,"A tannery with four round vats and a rectangular tank was added to the rear of the property in the same phase as the three fish-salting vats (Phase 4a). Later, in Phase 4b, property VIII.7.9–12 was divided into two properties: VIII.7.9–11 (containing vats 2 and 3) and VIII.7.12 (containing vat 4).",Fish-salting,No,,,433032.0,,,"Ecofacts
Location (Resource Proximity)
Equipment Morphology
Equipment Construction",See comments on property I.1.1–2.,,3.0,0.0,,,,No,Yes,,,,,Yes,No,scattered,scattered,Yes,,Yes,,No,,,,,,Just WS,Urban,,433032.0,3,3,rectangle;rectangular (?);square,type unknown,True
D709DB2C-C90B-49B0-BFDE-3F6DB8541036,335A81AE-119A-4213-B5D7-B097FB91C49D,Porquerolles,La Galère,,Porquerolles,Gallia Narbonensis,France,Provence-Alpes-Côte d'Azur,S France and NE Iberia,43.00174,6.24968,3,-100,-51.0,-1.0,1.0,2,,Fish-salting,Uncertain,Can't quite make it out on satellite imagery,,157857.0,,,"Location (Resource Proximity)
Spatial Organization
Ecofacts",Fishing equipment and tuna remains were found in contemporary layers.,,0.0,3.0,,,,Yes,Yes,,,,,Yes,No,grid,grid,Yes,,Yes,,No,,,,,,Assoc w/ villa,Settlement,,157907.0,1,3,rectangle,none survives,True
AFAA37A4-07E7-4386-A39B-37D73802789E,211093A9-28CC-4D7A-A3B3-08FC13C7DED9,Portos Magnos (Almería),,Portos Magnos,Almería,Hispania Baetica,Spain,Andalusia,Eastern Baetica,36.83718,-2.46965,6,1,100.0,1.0,1.0,4,"Also called ""Parque Nicolás Salmerón - Calle La Reina.""",Fish-salting,Yes,,,266005.0,http://ramppa.uca.es/cetaria/calle-de-la-reina,,"Equipment Morphology
Equipment Construction
Spatial Organization
Location (Resource Proximity)
Ecofacts","Fish, goat, and horse remains were found in some vats.",,0.0,6.0,,,,Yes,Yes,,,,,Yes,No,U-shaped,U-shaped,Yes,,Yes,,No,,,,,,Just WS,Settlement,,266005.0,2,6,rectangle;square,opus signinum,True
33751A8A-D0F2-4256-8E9B-B539A4CEF45F,C2084C56-78FC-488A-8EFE-DFF69B94C8D5,Portus Hannibalis (Portimões),,Portus Hannibalis,Portimões,Lusitania,Portugal,Algarve,Southern Portugal,37.12627,-8.53031,15,,,,,4,,Fish-salting,No,"Destroyed by the river, barely visible in 1965 (Estácio de Veiga Affonso dos Santos 1971, p. 129)",,,http://ramppa.uca.es/cetaria/estrumal-portimoes,16080.0,"Location (Resource Proximity)
Equipment Morphology
Equipment Construction
Spatial Organization",Étienne et al. (1994) classified it as definitely a fish-salting workshop.,,0.0,15.0,,,,Yes,Yes,,,,,Yes,Cannot,"line
unknown",line,,,Yes,,No,,,,,,Cannot,Unknown,,256383.0,3,15,rectangle;rectangular (?);square,opus signinum,False
A3FA0846-7F9E-4D87-88A6-7D2C9BAE5739,29AE57A0-B89A-4DE4-9848-C70E88705838,Portus Illicitanus (Santa Pola),,Portus Illicitanus,Santa Pola,Hispania Tarraconensis,Spain,Valencia,Southeastern Iberia,38.19617,-0.56387,9,351,475.0,,0.0,4,"Vat 11 was probably used for cleaning or other tasks. Vat 10 is very shallow and also may have had a purpose other than salting. The main building of the workshop—with salting vats 1–5, the cleaning room, and the cistern—was built in the second half of the 4th century CE. The western half of the workshop—with salting vats 6–9, secondary vats 10 and 11, and a large working space—was added in the middle of the 5th century CE.",Fish-salting,Yes,"Clearly visible on Google Earth.  Not sure if it is accessible; doesn't look like it on Google.  Visible on Google StreetView.

Visited on June 26, 2016.  There is a fence around the site and it is very overgrown.  Took some photos from outside the fence, but there is not much to see here.","June 26, 2016",,http://ramppa.uca.es/cetaria/picola-i ; http://ramppa.uca.es/cetaria/picola-ii,,"Ecofacts
Location (Resource Proximity)
Equipment Construction
Spatial Organization
Equipment Morphology",Fish remains were found in the vats.,Yes,0.0,9.0,,,,Yes,Yes,,,,,Yes,No,grid,grid,Yes,,Yes,,No,,,,,,Assoc w/ villa,Settlement,,265926.0,3,9,rectangle;square,unknown,True
9A92AACD-F555-4FE0-B768-EC8A44E59675,9ABCED9E-C93E-4E83-9D03-BE8240AF254C,Portus Pachyni (Portopalo),,Portus Pachyni,Portopalo,Sicilia,Italy,Sicily,Eastern Sicily,36.6857,15.1385,53,-400,100.0,,1.0,4,"The workshop includes 27 rectangular vats and 26 circular vats (note that the vat numbering is taken from the published plans, which only show circular vats 3–28; it is unclear whether circular vats 1–2 never existed or existed but were not shown). The vats are located in three main areas: the western area contains 24 circular vats and 11 rectangular vats; the central area contains two circular vats and at least six rectangular vats; the eastern area contains at least 10 rectangular vats. The ceramic evidence attests to a long occupation at the site: the earliest materials date from the 5th century BCE; the workshop was abandoned in the 3rd or 4th century CE and a house was built on top of some vats. An absolute chronology within this span of time cannot be determined from the directly datable materials. Botte, however, argues for four phases of construction in and around the workshop (Botte 2009, 171; 2016, 240). First, the circular vats 15–25 were built in the first half of the 4th century BCE. Some time afterward, circular vats 3–8 and 26–28 were added. In the 3rd century BCE, a building with an oven was constructed. Finally, the rectangular vats were installed in the Augustan period or the 1st century CE. This proposed chronology is based almost entirely on form.",Fish-salting,Yes,,,,http://ramppa.uca.es/cetaria/portopalo,,"Location (Resource Proximity)
Equipment Morphology
Equipment Construction
Spatial Organization
Ecofacts",Fish remains were found in the courtyard.,Yes,30.0,23.0,,,,Yes,Yes,,,,,Cannot,Yes,"grid
scattered",grid,,,Yes,south of the eastern wing,No,,,,,,Assoc w/ other,Suburban,,462456.0,9,53,circle;rectangle;rectangular (?);square,opus signinum;unknown,True
23316AAC-A4C7-4E58-9D58-8EE464FBFE84,FFAAF747-98A7-497E-8EA5-60F100476990,Praia de Angeiras,Group A,,Praia de Angeiras,Lusitania,Portugal,Norte,Northwestern Iberia,41.26117,-8.72481,16,,,,,2,,Fish-salting,Yes,The ones above the beach are replicas.,,,,778.0,"Location (Resource Proximity)
Spatial Organization
Equipment Morphology",Lagóstena Barrios (2001a) was doubtful that was a fish-salting workshop.,,16.0,0.0,,,,Yes,Yes,,,,,Cannot,Cannot,scattered,scattered,,,Cannot,,No,,,,,,Cannot,Rural,"There are a total of 22–23 vats at the site, in four groups. Group A is the largest and best published one. For the other three, see Appendix E.",,2,16,rectangle;square,unknown,False
7BFA3A5B-51EF-4AAB-9926-EF1071BA3C79,0FC78F98-AEB9-4386-9474-705136E986A5,Punta Camarinal,,,Punta Camarinal,Hispania Baetica,Spain,Andalusia,Strait of Gibraltar,36.087,-5.7847,2,-130,-130.0,-2.0,1.0,3,"The workshop was abandoned in the 1st century BCE, perhaps as a result of the construction of the large factories at Baelo Claudia, less than 1 km away.",Fish-salting,Uncertain,,,,http://ramppa.uca.es/cetaria/punta-camarinal,,"Equipment Morphology
Equipment Construction
Location (Resource Proximity)
Ecofacts",A deposit of butchered tuna remains was found nearby.,,0.0,2.0,,,,Cannot,Cannot,,,,,Cannot,Cannot,joined,joined,,,Cannot,,Cannot,,,,,,Cannot,Suburban,,,1,2,rectangular (?),opus signinum,True
ABD5E106-BD55-4B76-84A3-9110E65AC1D8,E07BD5B1-E4CA-4635-8A0F-5E47B94CEDD5,Punta de l'Arenal,,,Punta de l'Arenal,Hispania Tarraconensis,Spain,Valencia,Southeastern Iberia,38.77543,0.19073,11,1,250.0,,1.0,2,"Feature 12 was a cistern (Martín and Serres 1970, 42). Circular holes cut into the bedrock were located next to vats 3 and 13. In between vats 5 and 6 were two more circular holes cut into the rock that contained fragments of dolia. Curtis (1991, 54) suggested that these could have been used for making garum. Material found under vat 2 matches that found in the fill of vats 7 and 8. Thus, vats 7 and 8—and probably the other vats—were built before vats 1 and 2. The fills date to the end of the 2nd century CE.",Fish-salting,Uncertain,"The large artificial fish pond (called locally ""Baños de la Reyna"") is still visible. Vats 7 and 8 were preserved at first but it is unclear if they are still visible or accessible; the remaining vats were not preserved. ",,,http://ramppa.uca.es/cetaria/punta-de-larenal,,"Location (Resource Proximity)
Equipment Morphology
Equipment Construction",García Vargas has expressed reservations about the identification and suggests the vats may instead have been related to oil production (see RAMPPA entry).,Yes,9.0,2.0,,,,Cannot,Yes,,,,,Cannot,Cannot,scattered,scattered,,,Cannot,,No,,,,,,Assoc w/ villa,Rural,"Also called ""Jávea"" or ""Xàbia.""",,7,11,irregular;rectangle;rectangular (?),none survives;opus signinum;type unknown,True
ADE245CC-4B17-4367-9292-5BDDFBD48653,D3295E4E-2F0D-45ED-82DB-B005A4F0468C,Punta de Umbría,,,Punta de Umbría,Hispania Baetica,Spain,Andalusia,Western Baetica,37.19137,-6.96768,27,101,400.0,,1.0,4,"Also called ""El Eucaliptal."" Dozens of vats have been found throughout the area but many could not be included in the data set due to a lack of sufficient information. There are early references to three vats visible in the profile of a ditch (Amo 1976, 24 n. 4). In 1994, additional vats may have been found along with UE 74 in the profile of a construction ditch (Campos Carrasco et al. 1999a, 87–96). Excavations in 2002 found 23 vats, 12 of which were in the same phase of one excavation area; I have been able to identify only 11 vats on the published plan (López Domínguez et al. 2005, fig. 7). The plan was labeled with stratigraphic unit numbers but not vat numbers; therefore, I have assigned my own. Dwellings were found in the center of the site, which was probably a small industrial settlement.",Fish-salting,No,,,,http://ramppa.uca.es/cetaria/el-eucaliptal,,"Location (Resource Proximity)
Artifacts
Equipment Morphology
Equipment Construction
Ecofacts",Fishing equipment was found at the site. Only four examples of fish remains were recovered but hundreds of mollusk remains were found.,Yes,9.0,6.0,,,,Yes,Yes,,,,,Yes,Cannot,unknown,unknown,,,Yes,several preparation areas,No,,,,,,Assoc w/ other,Settlement,,,8,15,rectangle;rectangular (?),opus signinum;unknown,True
C102ADB2-4E36-463D-9D40-C808ED63FEAD,45EB8755-B730-4336-A7E8-239CCEE9355F,Purpurariae (Îles Purpuraires),,Purpurariae,Îles Purpuraires,Mauretania Tingitana,Morocco,,Southern Morocco,31.495,-9.7852,2,-50,-50.0,-1.0,1.0,4,"Located on Mogador Island, in the bay off Essaouira. Jodin (1967) dates the workshop to the 1st centuries BCE/CE; ceramics found at the nearby villa give an earliest date during the reign of Juba II.",Fish-salting,Yes,,,,http://ramppa.uca.es/cetaria/mogador,,"Equipment Morphology
Equipment Construction
Spatial Organization
Location (Resource Proximity)",Trakadas (2015) classified it as definitely a fish-salting workshop.,,0.0,2.0,,,,Yes,No,,,,,Cannot,Cannot,joined,joined,,,Cannot,,No,,,,,,Assoc w/ villa,Rural,,865878062.0,1,2,square,opus signinum,True
73540A39-C1DC-478A-8035-E302D3AF389F,3FB9D543-C9FB-4C12-A155-3B079714B4DA,Quinta do Lago,,,Quinta do Lago,Lusitania,Portugal,Algarve,Southern Portugal,37.02546,-8.0058,5,51,100.0,1.0,1.0,4,,Fish-salting,Yes,See blog entry where a guy found them. Next to a jogging path around a golf course.,"June 10, 2016",,http://ramppa.uca.es/cetaria/quinta-do-lago,4119.0,"Location (Resource Proximity)
Equipment Morphology
Spatial Organization
Equipment Construction",Étienne et al. (1994) classified it as definitely a fish-salting workshop.,,0.0,5.0,,,,Yes,Yes,,,,,Yes,No,line,line,,,Cannot,,No,,,,,,Cannot,Rural,,,2,5,rectangle,opus signinum,True
81AC53C2-8098-4CEA-B1F6-D79FA6875E9A,839C1808-4324-4F4E-87AF-7F1583BE2C09,Quinta do Marim,Workshop 1,,Quinta do Marim,Lusitania,Portugal,Algarve,Southern Portugal,37.03341,-7.81217,6,101,200.0,2.0,1.0,4,"Vats 1 and 2 are flanked by a wall on their north side, so the two sets of vats may have been separate workshops. The nature of the structure to the north is unclear. The facilities may have been part of a villa or a small settlement.",Fish-salting,Yes,,"June 11, 2016",256391.0,http://ramppa.uca.es/cetaria/quinta-de-marim-1,7061.0,"Location (Resource Proximity)
Equipment Morphology
Equipment Construction
Spatial Organization
Ecofacts
Artifacts",Marine remains and fishing equipment were found at the site. Étienne et al. (1994) classified it as definitely a fish-salting workshop.,,0.0,6.0,,,,Yes,Yes,,,,,Yes,Cannot,"line
unknown",line,,,Yes,,No,,,,,,Assoc w/ other,Rural,,256391.0,3,6,rectangular (?);square,opus signinum,True
BA4A67E6-EADE-41CA-A04C-E3E0CA47C0CE,15993C5D-D001-482A-A0E7-381EAC991BA8,Rhode (Roses),,Rhode,Roses,Hispania Tarraconensis,Spain,Catalonia,S France and NE Iberia,42.26619,3.17172,5,376,400.0,4.0,0.0,3,"Vats 1, 2, and 5 drained into conical receptacles in the central courtyard.",Fish-salting,Yes,Looks reasonably accessible.  The site is on Google StreetView!!,"June 18, 2017",246588.0,http://ramppa.uca.es/cetaria/roses,,"Equipment Morphology
Equipment Construction
Location (Resource Proximity)
Spatial Organization
Ecofacts",Remains of large tuna and dolphins were found in or around the vats.,,0.0,5.0,,,,Yes,No,,,,,Yes,No,L-shaped,L-shaped,Yes,,Yes,3–4 conical receptacles of unknown function were set into the courtyard,No,,,,,,Assoc w/ other,Urban,,246588.0,1,5,square,opus signinum,True
25F2C33B-BF36-4E40-9DB1-43C67B820BBA,17D16E10-750C-4F6E-8EE0-36ED0FBDBB8F,Roquetas,,,Roquetas,Hispania Baetica,Spain,Andalusia,Eastern Baetica,36.7365,-2.6168,16,1,200.0,2.0,1.0,4,"In Cara Barrionuevo et al. 1988, fig. 2, the vats seem to have been numbered in reverse of how they are in the text. I have followed the numbering on the plan.",Fish-salting,No,Destroyed in 1986,,,http://ramppa.uca.es/cetaria/cuevas-de-la-reserva,,"Location (Resource Proximity)
Equipment Morphology
Equipment Construction
Spatial Organization",,,0.0,16.0,,,,Yes,No,,,,,Yes,No,parallel,parallel,Yes,,Yes,,No,,,,,,Just WS,Rural,,,2,16,square,opus signinum,True
675A6C19-E7D6-40C8-A114-19D62CE170E9,9D3F6B59-CDB6-4EF0-8BBA-162911C5839A,Sabratha,Workshop 1,Sabratha,,Africa Proconsularis,Libya,,North-central Africa,32.8046,12.48199,3,1,200.0,2.0,1.0,3,,Fish-salting,Yes,,,,,,"Location (Resource Proximity)
Equipment Construction
Equipment Morphology",,,0.0,3.0,,,,Yes,Yes,,,,,Yes,No,grid,grid,Yes,,Cannot,,No,,,,,,Just WS,Urban,Workshops 17 and 18 are not addressed in Wilson 1999; they were identified after publication.,344282.0,1,3,rectangle,crushed stone and mortar,True
80ECD7D4-BDAE-49A8-B494-460093B9711E,9D3F6B59-CDB6-4EF0-8BBA-162911C5839A,Sabratha,Workshop 10,Sabratha,,Africa Proconsularis,Libya,,North-central Africa,32.80696,12.48258,3,1,200.0,2.0,1.0,3,,Fish-salting,Yes,,,,,,"Location (Resource Proximity)
Equipment Construction
Equipment Morphology",,,0.0,3.0,,,,No,Yes,,,,,Yes,No,line,line,Yes,,Yes,,No,,,,,,Just WS,Urban,Workshops 17 and 18 are not addressed in Wilson 1999; they were identified after publication.,344282.0,1,3,rectangle,crushed stone and mortar,True
74AAD4E0-EAA5-43FA-BA9F-C29EA98DD0FB,9D3F6B59-CDB6-4EF0-8BBA-162911C5839A,Sabratha,Workshop 11,Sabratha,,Africa Proconsularis,Libya,,North-central Africa,32.80713,12.48248,2,1,200.0,2.0,1.0,3,,Fish-salting,Yes,,,,,,"Location (Resource Proximity)
Equipment Construction
Equipment Morphology",,,0.0,2.0,,,,No,Yes,,,,,Yes,No,joined,joined,Yes,,Yes,,No,,,,,,Just WS,Urban,Workshops 17 and 18 are not addressed in Wilson 1999; they were identified after publication.,344282.0,1,2,rectangle,type unknown,True
BB1CDE29-4767-4BB5-BFEE-E5AF6AF198F8,9D3F6B59-CDB6-4EF0-8BBA-162911C5839A,Sabratha,Workshop 12,Sabratha,,Africa Proconsularis,Libya,,North-central Africa,32.80714,12.48234,3,1,200.0,2.0,1.0,3,,Fish-salting,Yes,,,,,,"Location (Resource Proximity)
Equipment Construction
Equipment Morphology",,,0.0,3.0,,,,No,Yes,,,,,Yes,No,L-shaped,L-shaped,Yes,,Yes,,No,,,,,,Just WS,Urban,Workshops 17 and 18 are not addressed in Wilson 1999; they were identified after publication.,344282.0,2,3,rectangle;square,type unknown,True
8311ED7D-4E2E-4C0D-A7BD-7DA0DFE47A63,9D3F6B59-CDB6-4EF0-8BBA-162911C5839A,Sabratha,Workshop 13,Sabratha,,Africa Proconsularis,Libya,,North-central Africa,32.80729,12.48233,2,1,200.0,2.0,1.0,3,,Fish-salting,Yes,,,,,,"Location (Resource Proximity)
Equipment Construction
Equipment Morphology",,,0.0,2.0,,,,No,Yes,,,,,Yes,No,joined,joined,Yes,,Yes,,No,,,,,,Just WS,Urban,Workshops 17 and 18 are not addressed in Wilson 1999; they were identified after publication.,344282.0,1,2,rectangle,type unknown,True
C44AF274-9047-4CEE-BCAA-CB33649CF0E4,9D3F6B59-CDB6-4EF0-8BBA-162911C5839A,Sabratha,Workshop 14,Sabratha,,Africa Proconsularis,Libya,,North-central Africa,32.80734,12.4823,3,1,200.0,2.0,1.0,3,"Two shallow stone basins, one rectangular and one circular, are located in rooms to the northwest (Wilson 1999, 40, fig. 12).",Fish-salting,Yes,,,,,,"Location (Resource Proximity)
Equipment Construction
Equipment Morphology",,,0.0,3.0,,,,No,Yes,,,,,Yes,No,"scattered
joined",joined,Yes,,Yes,,No,,,,,,Just WS,Urban,Workshops 17 and 18 are not addressed in Wilson 1999; they were identified after publication.,344282.0,2,3,rectangle;square,opus signinum,True
3A0BAED4-4283-4FB2-A814-EF7BA38275DF,9D3F6B59-CDB6-4EF0-8BBA-162911C5839A,Sabratha,Workshop 15,Sabratha,,Africa Proconsularis,Libya,,North-central Africa,32.80762,12.48136,3,1,200.0,2.0,1.0,3,,Fish-salting,Yes,,,,,,"Location (Resource Proximity)
Equipment Construction
Equipment Morphology",,,0.0,3.0,,,,Yes,No,,,,,Yes,No,L-shaped,L-shaped,Yes,,Yes,,No,,,,,,Just WS,Urban,Workshops 17 and 18 are not addressed in Wilson 1999; they were identified after publication.,344282.0,1,3,rectangle,crushed stone and mortar,True
9DCFA8F8-9B8E-4E3A-B11F-063FF1644584,9D3F6B59-CDB6-4EF0-8BBA-162911C5839A,Sabratha,Workshop 16,Sabratha,,Africa Proconsularis,Libya,,North-central Africa,32.80771,12.48115,2,1,200.0,2.0,1.0,3,,Fish-salting,Yes,,,,,,"Location (Resource Proximity)
Equipment Construction
Equipment Morphology",,,0.0,2.0,,,,No,Yes,,,,,Yes,No,joined,joined,,,Cannot,,No,,,,,,Just WS,Urban,Workshops 17 and 18 are not addressed in Wilson 1999; they were identified after publication.,344282.0,2,2,rectangle;square,ash mortar,True
83B75DB6-B804-4BFB-9FB4-20FAAE5DA4F6,9D3F6B59-CDB6-4EF0-8BBA-162911C5839A,Sabratha,Workshop 17,Sabratha,,Africa Proconsularis,Libya,,North-central Africa,32.80536,12.48233,2,1,200.0,2.0,1.0,3,,Fish-salting,Yes,,,,,,"Location (Resource Proximity)
Equipment Construction
Equipment Morphology",,,0.0,2.0,,,,No,Yes,,,,,Yes,No,joined,joined,Yes,,Yes,,Cannot,,,,,,Just WS,Urban,Workshops 17 and 18 are not addressed in Wilson 1999; they were identified after publication.,344282.0,1,2,rectangle,type unknown,True
7BDAB747-41DA-4983-914D-8D6E7D2E5BAB,9D3F6B59-CDB6-4EF0-8BBA-162911C5839A,Sabratha,Workshop 18,Sabratha,,Africa Proconsularis,Libya,,North-central Africa,32.80551,12.48218,2,1,200.0,2.0,1.0,3,,Fish-salting,Yes,,,,,,"Location (Resource Proximity)
Equipment Construction
Equipment Morphology",,,0.0,2.0,,,,Cannot,Cannot,,,,,Yes,No,joined,joined,Yes,,Yes,,Cannot,,,,,,Just WS,Urban,Workshops 17 and 18 are not addressed in Wilson 1999; they were identified after publication.,344282.0,1,2,rectangle,type unknown,True
631A4AA7-0D6D-49CF-96F8-60258060118B,9D3F6B59-CDB6-4EF0-8BBA-162911C5839A,Sabratha,Workshop 2,Sabratha,,Africa Proconsularis,Libya,,North-central Africa,32.80477,12.48193,3,1,200.0,2.0,1.0,3,,Fish-salting,Yes,,,,,,"Location (Resource Proximity)
Equipment Construction
Equipment Morphology",,,0.0,3.0,,,,No,Yes,,,,,Yes,No,line,line,Yes,,Yes,,No,,,,,,Just WS,Urban,Workshops 17 and 18 are not addressed in Wilson 1999; they were identified after publication.,344282.0,2,3,rectangle;square,unknown,True
97ECB98E-BD80-4E24-B43D-346FA9C8F4C6,9D3F6B59-CDB6-4EF0-8BBA-162911C5839A,Sabratha,Workshop 3,Sabratha,,Africa Proconsularis,Libya,,North-central Africa,32.80492,12.48208,3,1,200.0,2.0,1.0,3,,Fish-salting,Yes,,,,,,"Location (Resource Proximity)
Equipment Construction
Equipment Morphology",,,0.0,3.0,,,,Yes,Yes,,,,,Yes,No,line,line,Yes,,Yes,,No,,,,,,Just WS,Urban,Workshops 17 and 18 are not addressed in Wilson 1999; they were identified after publication.,344282.0,2,3,rectangle;square,opus signinum,True
050BA05E-61F8-4973-9B27-8DA2C5013406,9D3F6B59-CDB6-4EF0-8BBA-162911C5839A,Sabratha,Workshop 4,Sabratha,,Africa Proconsularis,Libya,,North-central Africa,32.80548,12.4821,3,1,200.0,2.0,1.0,3,"Possibly the same property as Workshop 5 (Wilson 1999, 33). The standing walls of both workshops belong to a late phase (Wilson 2007, 174). A dolium is in situ next to Vat C.",Fish-salting,Yes,,,,,,"Location (Resource Proximity)
Equipment Construction
Equipment Morphology",,,0.0,3.0,,,,Yes,Yes,,,,,Yes,No,line,line,Yes,,Yes,,No,,,,,,Just WS,Urban,Workshops 17 and 18 are not addressed in Wilson 1999; they were identified after publication.,344282.0,2,3,rectangle;square,opus signinum,True
516D5DCF-2A51-4935-8E3C-CEEDD2EDE3F7,9D3F6B59-CDB6-4EF0-8BBA-162911C5839A,Sabratha,Workshop 5,Sabratha,,Africa Proconsularis,Libya,,North-central Africa,32.80555,12.48211,3,1,200.0,2.0,1.0,3,"Possibly the same property as Workshop 4 (Wilson 1999, 33). The standing walls of both workshops belong to a late phase (Wilson 2007, 174).",Fish-salting,Yes,,,,,,"Location (Resource Proximity)
Equipment Construction
Equipment Morphology",,,0.0,3.0,,,,No,Yes,,,,,Yes,No,L-shaped,L-shaped,Yes,,Yes,,No,,,,,,Just WS,Urban,Workshops 17 and 18 are not addressed in Wilson 1999; they were identified after publication.,344282.0,2,3,rectangle;square,crushed stone and mortar,True
7BA63E77-B80D-4500-B7CB-570FDD0A4E1E,9D3F6B59-CDB6-4EF0-8BBA-162911C5839A,Sabratha,Workshop 6,Sabratha,,Africa Proconsularis,Libya,,North-central Africa,32.80621,12.48236,3,1,200.0,2.0,1.0,3,,Fish-salting,Yes,,,,,,"Location (Resource Proximity)
Equipment Construction
Equipment Morphology",,,0.0,3.0,,,,Yes,Yes,,,,,Yes,No,line,line,Yes,,Yes,,No,,,,,,Just WS,Urban,Workshops 17 and 18 are not addressed in Wilson 1999; they were identified after publication.,344282.0,1,3,rectangle,crushed stone and mortar,True
494E039F-26A9-4DA4-8DBA-1B10EF01F7DE,9D3F6B59-CDB6-4EF0-8BBA-162911C5839A,Sabratha,Workshop 7,Sabratha,,Africa Proconsularis,Libya,,North-central Africa,32.80635,12.48274,2,1,200.0,2.0,1.0,3,,Fish-salting,Yes,,,,,,"Location (Resource Proximity)
Equipment Construction
Equipment Morphology",,,0.0,2.0,,,,Yes,No,,,,,Yes,No,joined,joined,Yes,,Cannot,,No,,,,,,Just WS,Urban,Workshops 17 and 18 are not addressed in Wilson 1999; they were identified after publication.,344282.0,1,2,rectangle,crushed stone and mortar,True
9C7C1788-0B44-4C72-A8A3-40E84CE2A9A9,9D3F6B59-CDB6-4EF0-8BBA-162911C5839A,Sabratha,Workshop 8,Sabratha,,Africa Proconsularis,Libya,,North-central Africa,32.8065,12.48278,4,1,200.0,2.0,1.0,3,"The standing ashlar walls probably belong to a later phase (Wilson 2007, 174).",Fish-salting,Yes,,,,,,"Location (Resource Proximity)
Equipment Construction
Equipment Morphology",,,0.0,4.0,,,,Yes,Yes,,,,,Yes,No,grid,grid,Yes,,Yes,,No,,,,,,Just WS,Urban,Workshops 17 and 18 are not addressed in Wilson 1999; they were identified after publication.,344282.0,1,4,rectangle,type unknown,True
8452B7AF-2A00-4720-B2A2-C97E5074CABD,9D3F6B59-CDB6-4EF0-8BBA-162911C5839A,Sabratha,Workshop 9,Sabratha,,Africa Proconsularis,Libya,,North-central Africa,32.80655,12.48277,3,1,200.0,2.0,1.0,3,,Fish-salting,Yes,,,,,,"Location (Resource Proximity)
Equipment Construction
Equipment Morphology",,,1.0,2.0,,,,Yes,Yes,,,,,Yes,No,"scattered
joined",joined,Yes,,Yes,,No,,,,,,Just WS,Urban,Workshops 17 and 18 are not addressed in Wilson 1999; they were identified after publication.,344282.0,1,3,rectangle,none survives,True
83446DA5-8DD2-4C13-B717-46436218922B,F849D137-7538-45E9-8534-B8E60E730DD6,Sahara,,,Sahara,Mauretania Tingitana,Morocco,,Strait of Gibraltar,35.8384,-5.5786,2,101,150.0,2.0,1.0,2,"More vats were found by a 2010 survey, which has not been published fully.",Fish-salting,No,A naval base was built on top of the site between 2008 and 2014 (Trakadas 2015).,,,,,"Equipment Morphology
Equipment Construction
Location (Resource Proximity)",Trakadas (2015) classified it as definitely a fish-salting workshop.,,0.0,2.0,,,,Yes,No,,,,,Yes,No,joined,joined,Yes,,Cannot,,No,,,,,,Assoc w/ other,Rural,"Also transliterated as ""Zahara.""",,1,2,rectangle,opus signinum,True
308AB22D-2841-45A8-B259-C183B3A43212,08E826D4-5943-4394-B035-D05A788335E4,San Vito lo Capo,,,San Vito lo Capo,Sicilia,Italy,Sicily,Western Sicily,38.16802,12.7694,15,,,,,4,"The five vats in sectors B and C (see Botte 2009) could not be quantified. Surface finds attest to activity at the site from the first half of the 4th century BCE until the 3rd or 4th century CE. Due to the breadth of this range, I have chosen not to record a date for the workshop.",Fish-salting,Yes,Looks like parts are visible in Google Earth,,,,,"Location (Resource Proximity)
Equipment Morphology
Equipment Construction
Spatial Organization",,,,10.0,,,,Yes,Yes,,,,,Cannot,Cannot,grid,grid,,,Yes,"sector A, space 23",No,,,,,,Cannot,Rural,,,2,10,rectangular (?);square,opus signinum,False
E38ACB21-936F-4F92-AC4B-8B3E516A2971,5D53F356-6E8C-4180-AB41-8B5CA80052F3,Sania e Torres,,,Sania e Torres,Mauretania Tingitana,Morocco,,Strait of Gibraltar,35.727,-5.339,5,-25,25.0,1.0,1.0,4,,Fish-salting,No,Cheddad 2007 says they have all been destroyed,,275699.0,http://ramppa.uca.es/cetaria/sania-e-torres,,"Equipment Morphology
Equipment Construction
Spatial Organization
Location (Resource Proximity)",Trakadas (2015) classified it as definitely a fish-salting workshop.,,0.0,5.0,,,,Yes,No,,,,,Cannot,Cannot,line,line,,,Cannot,,No,,,,,,Cannot,Rural,,275699.0,2,5,square,unknown,True
68EF7CDD-0B97-4FD6-862A-624FE1B6DC73,1572F022-9D08-4BEA-B5DA-26C313146BAC,Santa Irene,,,Santa Irene,Italia,Italy,Calabria,Southern Italy,38.72416,15.99962,4,1,200.0,2.0,1.0,3,"A fishpond on the island is made of four interconnected basins, each connected to the sea by a channel. The fish-salting vats are located on the mainland across from the island. At least four basins have been identified, but traces of opus signinum have been observed along more than forty meters on an east-west axis.",Fish-salting,Uncertain,,,,,,"Location (Resource Proximity)
Equipment Morphology
Equipment Construction",,,,,,,,Cannot,Cannot,,,,,Cannot,Cannot,unknown,unknown,,,Cannot,,Cannot,,,,,,Cannot,Rural,,,1,4,rectangular (?),opus signinum,True
D8465FA3-358D-4F62-ABCA-FAE0D5228271,F07624EC-F90F-4B17-AFE8-20E99D3D0A27,Senhora da Luz,Workshop A,,Senhora da Luz,Lusitania,Portugal,Algarve,Southern Portugal,37.08616,-8.7284,8,,,,,4,"The workshops are located under the apartment building immediately east of the baths. Mesquita de Figueiredo (1906, 114–115) reported that Estacio da Veiga found more fish-salting tanks near the beach, along a 160 m stretch east and northeast of the baths.",Fish-salting,No,"need to find out why Etienne and Mayet dismissed this in 1994 and 2002...maybe not visible any more??

On visiting, I confirmed that the fish salting vats are no longer visible, probably under the walkway, pool, and house to the east.  See drawing in Pixelmator.","June 9, 2016",256443.0,http://ramppa.uca.es/cetaria/estacao-arqueologica-da-praia-da-luz,,"Location (Resource Proximity)
Equipment Morphology
Spatial Organization
Equipment Construction
Ecofacts",Marine remains were found but have not been studied. Étienne et al. (1994) classified it as possibly a fish-salting workshop.,,0.0,8.0,,,,Yes,Yes,,,,,Yes,No,L-shaped,L-shaped,Yes,,Yes,,No,,,,,,Assoc w/ villa,Rural,,256443.0,4,8,rectangle;square,opus signinum;unknown,False
40646A20-E05D-43AD-BF58-12AD1DB69579,F07624EC-F90F-4B17-AFE8-20E99D3D0A27,Senhora da Luz,Workshop B–C,,Senhora da Luz,Lusitania,Portugal,Algarve,Southern Portugal,37.08616,-8.7284,6,,,,,4,"Vats 12, 13, and 14 may have been part of a separate workshop or workshops.",Fish-salting,No,,,256443.0,http://ramppa.uca.es/cetaria/estacao-arqueologica-da-praia-da-luz,,"Spatial Organization
Equipment Construction
Location (Resource Proximity)
Equipment Morphology
Ecofacts",Marine remains were found but have not been studied. Étienne et al. (1994) classified it as possibly a fish-salting workshop.,,1.0,5.0,,,,Yes,Yes,,,,,Yes,No,"L-shaped
unknown",L-shaped,Yes,,Yes,,No,,,,,,Assoc w/ villa,Rural,,256443.0,3,6,rectangle,opus signinum;unknown,False
F501FA83-DEA0-4A2B-958C-92A1E2AFBB2A,F07624EC-F90F-4B17-AFE8-20E99D3D0A27,Senhora da Luz,Workshop D,,Senhora da Luz,Lusitania,Portugal,Algarve,Southern Portugal,37.08616,-8.7284,2,,,,,4,,Fish-salting,No,,,256443.0,http://ramppa.uca.es/cetaria/estacao-arqueologica-da-praia-da-luz,,"Spatial Organization
Equipment Construction
Location (Resource Proximity)
Equipment Morphology
Ecofacts",Marine remains were found but have not been studied. Étienne et al. (1994) classified it as possibly a fish-salting workshop.,,2.0,0.0,,,,No,Yes,,,,,Yes,No,scattered,scattered,,,Yes,,No,,,,,,Assoc w/ villa,Rural,,256443.0,2,2,rectangular (?);square,opus signinum,False
1052F2F2-67BF-4FBC-98AC-DDE4412CCB69,23C154D7-41F7-4D10-AAE7-6D7329759BDB,Septem Fratres (Ceuta),Av. Sánchez Prados/Calle Queipo de Llano,Septem Fratres,Ceuta,Mauretania Tingitana,Morocco,,Strait of Gibraltar,35.8879,-5.3144,5,151,200.0,2.0,1.0,4,,Fish-salting,Yes,"Part is preserved (see Trakadas 2015, p. 35, fig. 39)",,275703.0,http://ramppa.uca.es/cetaria/septem-fratres-v-c-queipo-de-llano,,"Equipment Morphology
Equipment Construction
Location (Resource Proximity)
Ecofacts
Spatial Organization
Artifacts",Fish remains and fishing equipment were found during excavation. Trakadas (2015) classified it as definitely a fish-salting workshop.,,2.0,3.0,,,,Yes,Yes,,,,,Cannot,Cannot,"L-shaped
scattered",L-shaped,Yes,,Yes,,No,,,,,,Assoc w/ other,Unknown,,275704.0,3,5,irregular;rectangle,opus signinum,True
6530A5A1-C948-4DFC-A16F-6D151515D0AE,23C154D7-41F7-4D10-AAE7-6D7329759BDB,Septem Fratres (Ceuta),Calle Hermanos Gómez Marcelo,Septem Fratres,Ceuta,Mauretania Tingitana,Morocco,,Strait of Gibraltar,35.88839,-5.31544,4,101,200.0,2.0,1.0,4,Located at Calle Hermanos Gómez Marcelo 13. The construction date is attested by a fragment of sigillata embedded in the opus signinum lining of vat 2.,Fish-salting,No,,,275703.0,http://ramppa.uca.es/cetaria/septem-fratres-iii-c-gomez-marcelo,,"Equipment Morphology
Equipment Construction
Spatial Organization
Location (Resource Proximity)
Ecofacts",Fish remains were found during excavation. Trakadas (2015) classified it as definitely a fish-salting workshop.,,0.0,4.0,,,,Yes,Yes,,,,,Cannot,Cannot,line,line,,,Cannot,,Cannot,,,,,,Cannot,Unknown,,275704.0,1,4,rectangular (?),opus signinum,True
50EAB5AB-B08A-48C8-B029-0C0B97FD5E27,23C154D7-41F7-4D10-AAE7-6D7329759BDB,Septem Fratres (Ceuta),Hotel la Muralla/Parque de Artillería,Septem Fratres,Ceuta,Mauretania Tingitana,Morocco,,Strait of Gibraltar,35.88791,-5.31758,1,-25,-1.0,-1.0,1.0,4,,Fish-salting,No,"destroyed by construction of hotel (Trakadas 2015, p. 32)",,275703.0,http://ramppa.uca.es/cetaria/septem-fratres-i-parador-turismo-puerta-califal,,"Location (Resource Proximity)
Equipment Morphology
Spatial Organization
Equipment Construction
Artifacts
Ecofacts",Fish hooks and fish remains were found nearby. Trakadas (2015) classified it as definitely a fish-salting workshop.,,0.0,1.0,,,,Cannot,Cannot,,,,,Cannot,Cannot,,,,,Yes,,Cannot,,,,,,Cannot,Unknown,,275704.0,1,1,rectangular (?),opus signinum,True
F5DE6E6B-813F-4147-97DA-9F0ACD72AEEA,23C154D7-41F7-4D10-AAE7-6D7329759BDB,Septem Fratres (Ceuta),Palacio de la Asamblea,Septem Fratres,Ceuta,Mauretania Tingitana,Morocco,,Strait of Gibraltar,35.8882,-5.31618,2,101,200.0,2.0,1.0,4,,Fish-salting,No,"destroyed by construction of parking lot (Trakadas 2015, p. 32)",,275703.0,http://ramppa.uca.es/cetaria/septem-fratres-ii-aparcamiento-c-gran-via,,"Equipment Morphology
Equipment Construction
Location (Resource Proximity)",Trakadas (2015) classified it as definitely a fish-salting workshop.,,0.0,2.0,,,,Yes,No,,,,,Cannot,Cannot,joined,joined,,,Cannot,,Cannot,,,,,,Cannot,Unknown,,275704.0,1,2,rectangular (?),opus signinum,True
12655687-23DC-4266-8BB7-6235DDF8B3F5,23C154D7-41F7-4D10-AAE7-6D7329759BDB,Septem Fratres (Ceuta),Paseo de las Palmeras,Septem Fratres,Ceuta,Mauretania Tingitana,Morocco,,Strait of Gibraltar,35.88862,-5.31445,2,351,400.0,4.0,0.0,4,More vats were reported but they were not fully excavated. The first phase of the workshop was built in the mid-2nd century CE and operated until the second half of the 3rd century CE. The two quantified vats date to the restructuring and reuse of the factory in the late 4th century CE.,Fish-salting,Yes,Two basins were moved to the Museo Basilica Tardoromana,,275703.0,http://ramppa.uca.es/cetaria/septem-fratres-iv-paseo-de-las-palmeras-no-16-24,,"Equipment Morphology
Equipment Construction
Location (Resource Proximity)
Ecofacts
Artifacts",Some marine remains were found in and around the vats. Salted fish amphorae and fishhooks were also found at the site. Trakadas (2015) classified it as definitely a fish-salting workshop.,,0.0,2.0,,,,Yes,No,,,,,Yes,No,joined,joined,,,Yes,,No,,,,,,Assoc w/ other,Unknown,,275704.0,1,2,rectangle,opus signinum,True
34561A30-1DE5-40D5-8F03-A27D8BAC227D,08DDDF5F-4E78-4982-88C5-F5AA7E8551A9,Sète,"Barrou, Workshop 1",,Sète,Gallia Narbonensis,France,Occitanie,S France and NE Iberia,43.41882,3.67,2,201,300.0,3.0,0.0,2,"Also called the ""propriété Soum"" (Lugand and Bermond 2001, no. 5a). Three dolia were found adjacent to the vats.",Fish-salting,No,,,,,,"Location (Resource Proximity)
Equipment Morphology
Equipment Construction",,,0.0,2.0,,,,Yes,No,,,,,Yes,No,joined,joined,,,Yes,,No,,,,,,Assoc w/ other,Rural,,148013.0,1,2,rectangle,opus signinum,True
9640945B-B435-4C83-81F9-49EC92811662,08DDDF5F-4E78-4982-88C5-F5AA7E8551A9,Sète,"Barrou, Workshop 2",,Sète,Gallia Narbonensis,France,Occitanie,S France and NE Iberia,43.41912,3.66938,7,201,300.0,3.0,0.0,2,"Also called ""Rue des Mouettes"" (Lugand and Bermond 2001, no. 5c). Vat 6 cannot be parsed, as its existence was inferred from scattered fragments of hydraulic lining. The construction of the vats cannot be dated directly. Vat 7 was filled in the 3rd or 4th centuries CE.",Fish-salting,No,,,,,,"Location (Resource Proximity)
Equipment Morphology
Equipment Construction","Pellecuer (1983, 47-51) argued that the vats were not used for fish salting because the technique employed in their bases was inappropriate for an industrial structure. The paving technique alone, however, should not be reason to exclude these vats. Vats in North Africa and on the Black Sea, for example, display regional variations. Botte (2009, 41) expressed uncertainty about the identification.",,7.0,0.0,,,,Cannot,Yes,,,,,Cannot,Cannot,unknown,unknown,,,Yes,,No,,,,,,Cannot,Rural,,148013.0,6,6,rectangle;rectangular (?),"opus signinum
other;type unknown;unknown",True
21301C78-C3F6-426A-88A1-719E12E0B2FA,08DDDF5F-4E78-4982-88C5-F5AA7E8551A9,Sète,"Barrou, Workshop 3",,Sète,Gallia Narbonensis,France,Occitanie,S France and NE Iberia,43.41884,3.66923,6,201,300.0,3.0,0.0,2,"Also called ""Villa Zizi–Lou Mazes and Rue des Fauvettes"" (Lugand and Bermond 2001, no. 5d). In the 3rd century CE the six vats were built on top of mosaics from a 1st century CE house or villa. Another basin was excavated nearby, of which only the opus signinum floor remains, which drained into a length of ceramic pipes.",Fish-salting,No,,,,,,"Location (Resource Proximity)
Spatial Organization
Equipment Construction",,,0.0,6.0,,,,Cannot,Yes,,,,,Yes,No,unknown,unknown,,,Cannot,,No,,,,,,Assoc w/ villa,Rural,,148013.0,2,6,rectangle;rectangular (?),type unknown,True
E9549828-D41B-4833-A577-BD9E397C41BB,08DDDF5F-4E78-4982-88C5-F5AA7E8551A9,Sète,"Barrou, Workshop 4",,Sète,Gallia Narbonensis,France,Occitanie,S France and NE Iberia,43.4183,3.66872,1,201,300.0,3.0,0.0,2,"Also called ""Base Nautique municipale"" (Lugand and Bermond 2001, no. 5f).",Fish-salting,No,,,,,,"Location (Resource Proximity)
Equipment Construction
Equipment Morphology",,,1.0,0.0,,,,Cannot,Cannot,,,,,Cannot,Cannot,,,,,Cannot,,No,,,,,,Cannot,Rural,,148013.0,1,1,rectangular (?),type unknown,True
FBBCF24F-DB1F-4AE1-A065-5E1B06FABC16,CA14DE36-0C47-4520-9D6B-38512FE5CD80,Sexi (Almuñécar),Calle Morería,Sexi,Almuñécar,Hispania Baetica,Spain,Andalusia,Eastern Baetica,36.73253,-3.6926,8,-100,-1.0,-1.0,1.0,4,Located at Calle Morería 43.,Fish-salting,No,,,,,,"Location (Resource Proximity)
Equipment Morphology
Equipment Construction
Spatial Organization
Ecofacts",Fish remains were found in some vats.,,0.0,8.0,,,,Yes,Yes,,,,,Yes,No,grid,grid,,,Cannot,,No,,,,,,Cannot,Suburban,"Nearly all of the vats are located in the Parque Botánico El Majuelo. The remains can only be viewed from the perimeter. CONFIGURATION: In grouping the vats into workshops, I have followed the divisions listed by Étienne and Mayet (2002, 100). South of the workshops there are rooms for storage, preparation, and/or administration. One of these rooms contained a reused stone pedestal with an inscription (ILPG 8); it has been proposed that the individuals mentioned in it were involved in fish salting, but I argue against this interpretation (see discussion in Chapter 4, section 4.1.4). PLAN: The site has not been fully published and no comprehensive plan seems to exist (see the comment by Étienne and Mayet 2002, 97). Therefore, I have produced my own plan by combining satellite imagery with the few early plans that showed the peripheral areas, along with a 3D photogrammetric model of the central area produced from photographs taken during my visit to the site. DATING: The earliest activity at the site dates to the Punic period (late 5th to early 4th century BCE); some material from the 1st century BCE was found in the same sounding (Molina Fajardo et al. 1984). No workshops from these early phases, however, have been identified. The excavated workshops were active from the 1st century CE to the late 4th/early 5th century (Molina Fajardo and Jiménez Contreras 1984). This important site would benefit from a full cleaning and re-evaluation of its architectural stratigraphy in order to refine our understanding of the property divisions and sequence of construction, as well as selective soundings to provide a more precise absolute chronology. The production of a more formal, detailed plan would also be a welcome contribution. BIBLIOGRAPHY: The bibliography listed below covers the entire site, but especially Workshops 1–9 and the vats entered under Other Workshops. More specific citations have been listed under the entries for the other four groups of vats.",266038.0,3,8,rectangle;rectangular (?),opus signinum;unknown,True
1F5D7589-D892-423F-82EB-8B6D47F4F17B,CA14DE36-0C47-4520-9D6B-38512FE5CD80,Sexi (Almuñécar),Corte 1,Sexi,Almuñécar,Hispania Baetica,Spain,Andalusia,Eastern Baetica,36.73212,-3.69378,12,1,100.0,1.0,1.0,4,,Fish-salting,No,Excavated in 1972 and buried.,,,,,"Ecofacts
Artifacts
Location (Resource Proximity)
Equipment Morphology
Spatial Organization
Equipment Construction",,,0.0,12.0,,,,Yes,Yes,,,,,Yes,No,grid,grid,,,Cannot,,No,,,,,,Just WS,Suburban,"Nearly all of the vats are located in the Parque Botánico El Majuelo. The remains can only be viewed from the perimeter. CONFIGURATION: In grouping the vats into workshops, I have followed the divisions listed by Étienne and Mayet (2002, 100). South of the workshops there are rooms for storage, preparation, and/or administration. One of these rooms contained a reused stone pedestal with an inscription (ILPG 8); it has been proposed that the individuals mentioned in it were involved in fish salting, but I argue against this interpretation (see discussion in Chapter 4, section 4.1.4). PLAN: The site has not been fully published and no comprehensive plan seems to exist (see the comment by Étienne and Mayet 2002, 97). Therefore, I have produced my own plan by combining satellite imagery with the few early plans that showed the peripheral areas, along with a 3D photogrammetric model of the central area produced from photographs taken during my visit to the site. DATING: The earliest activity at the site dates to the Punic period (late 5th to early 4th century BCE); some material from the 1st century BCE was found in the same sounding (Molina Fajardo et al. 1984). No workshops from these early phases, however, have been identified. The excavated workshops were active from the 1st century CE to the late 4th/early 5th century (Molina Fajardo and Jiménez Contreras 1984). This important site would benefit from a full cleaning and re-evaluation of its architectural stratigraphy in order to refine our understanding of the property divisions and sequence of construction, as well as selective soundings to provide a more precise absolute chronology. The production of a more formal, detailed plan would also be a welcome contribution. BIBLIOGRAPHY: The bibliography listed below covers the entire site, but especially Workshops 1–9 and the vats entered under Other Workshops. More specific citations have been listed under the entries for the other four groups of vats.",266038.0,3,12,rectangle;square,opus signinum;unknown,True
A6D41212-6187-4BC9-8369-1FCDCA59577B,CA14DE36-0C47-4520-9D6B-38512FE5CD80,Sexi (Almuñécar),Corte 3,Sexi,Almuñécar,Hispania Baetica,Spain,Andalusia,Eastern Baetica,36.73203,-3.69405,2,1,100.0,1.0,1.0,4,,Fish-salting,No,Excavated in 1972 and buried.,,,,,"Spatial Organization
Equipment Construction
Location (Resource Proximity)
Artifacts
Ecofacts
Equipment Morphology",,,0.0,2.0,,,,Cannot,Cannot,,,,,Yes,No,joined,joined,,,Yes,,No,,,,,,Just WS,Suburban,"Nearly all of the vats are located in the Parque Botánico El Majuelo. The remains can only be viewed from the perimeter. CONFIGURATION: In grouping the vats into workshops, I have followed the divisions listed by Étienne and Mayet (2002, 100). South of the workshops there are rooms for storage, preparation, and/or administration. One of these rooms contained a reused stone pedestal with an inscription (ILPG 8); it has been proposed that the individuals mentioned in it were involved in fish salting, but I argue against this interpretation (see discussion in Chapter 4, section 4.1.4). PLAN: The site has not been fully published and no comprehensive plan seems to exist (see the comment by Étienne and Mayet 2002, 97). Therefore, I have produced my own plan by combining satellite imagery with the few early plans that showed the peripheral areas, along with a 3D photogrammetric model of the central area produced from photographs taken during my visit to the site. DATING: The earliest activity at the site dates to the Punic period (late 5th to early 4th century BCE); some material from the 1st century BCE was found in the same sounding (Molina Fajardo et al. 1984). No workshops from these early phases, however, have been identified. The excavated workshops were active from the 1st century CE to the late 4th/early 5th century (Molina Fajardo and Jiménez Contreras 1984). This important site would benefit from a full cleaning and re-evaluation of its architectural stratigraphy in order to refine our understanding of the property divisions and sequence of construction, as well as selective soundings to provide a more precise absolute chronology. The production of a more formal, detailed plan would also be a welcome contribution. BIBLIOGRAPHY: The bibliography listed below covers the entire site, but especially Workshops 1–9 and the vats entered under Other Workshops. More specific citations have been listed under the entries for the other four groups of vats.",266038.0,2,2,rectangle;rectangular (?),unknown,True
F918696F-4AAF-47B5-BBCE-677D67287FEB,CA14DE36-0C47-4520-9D6B-38512FE5CD80,Sexi (Almuñécar),Corte 4,Sexi,Almuñécar,Hispania Baetica,Spain,Andalusia,Eastern Baetica,36.73185,-3.69397,4,1,100.0,1.0,1.0,4,"Sánchez López (2013, 143) reports seven vats but only four can be identified in the available plans.",Fish-salting,No,Excavated in 1972 and buried.,,,,,"Equipment Morphology
Location (Resource Proximity)
Ecofacts
Artifacts
Spatial Organization
Equipment Construction",,,0.0,4.0,,,,Yes,Yes,,,,,Yes,No,grid,grid,,,Cannot,,No,,,,,,Just WS,Suburban,"Nearly all of the vats are located in the Parque Botánico El Majuelo. The remains can only be viewed from the perimeter. CONFIGURATION: In grouping the vats into workshops, I have followed the divisions listed by Étienne and Mayet (2002, 100). South of the workshops there are rooms for storage, preparation, and/or administration. One of these rooms contained a reused stone pedestal with an inscription (ILPG 8); it has been proposed that the individuals mentioned in it were involved in fish salting, but I argue against this interpretation (see discussion in Chapter 4, section 4.1.4). PLAN: The site has not been fully published and no comprehensive plan seems to exist (see the comment by Étienne and Mayet 2002, 97). Therefore, I have produced my own plan by combining satellite imagery with the few early plans that showed the peripheral areas, along with a 3D photogrammetric model of the central area produced from photographs taken during my visit to the site. DATING: The earliest activity at the site dates to the Punic period (late 5th to early 4th century BCE); some material from the 1st century BCE was found in the same sounding (Molina Fajardo et al. 1984). No workshops from these early phases, however, have been identified. The excavated workshops were active from the 1st century CE to the late 4th/early 5th century (Molina Fajardo and Jiménez Contreras 1984). This important site would benefit from a full cleaning and re-evaluation of its architectural stratigraphy in order to refine our understanding of the property divisions and sequence of construction, as well as selective soundings to provide a more precise absolute chronology. The production of a more formal, detailed plan would also be a welcome contribution. BIBLIOGRAPHY: The bibliography listed below covers the entire site, but especially Workshops 1–9 and the vats entered under Other Workshops. More specific citations have been listed under the entries for the other four groups of vats.",266038.0,2,4,irregular;rectangle,unknown,True
8CB4DEEB-8318-47D1-8B00-64431FC1C146,CA14DE36-0C47-4520-9D6B-38512FE5CD80,Sexi (Almuñécar),Other Workshops,Sexi,Almuñécar,Hispania Baetica,Spain,Andalusia,Eastern Baetica,36.73212,-3.69376,18,1,100.0,1.0,1.0,4,Six clusters of vats can be identified. Group 1: vat 60. Group 2: vats 61 and 62. Group 3: vats 83–84. Group 4: vats 85–92. Group 5: vats 93–95. Group 6: vats 99 and 100. Vats 88–92 and 99–100 are shown on the plan but I did not include them in the data set because I could not see any lining to confirm that they were vats.,Fish-salting,Yes,,"June 21, 2016",,,,"Location (Resource Proximity)
Equipment Morphology
Spatial Organization
Equipment Construction
Artifacts
Ecofacts",,,2.0,16.0,,,,Yes,Yes,,,,,Yes,No,"grid
unknown",grid,,,Cannot,,No,,,,,,Just WS,Suburban,"Nearly all of the vats are located in the Parque Botánico El Majuelo. The remains can only be viewed from the perimeter. CONFIGURATION: In grouping the vats into workshops, I have followed the divisions listed by Étienne and Mayet (2002, 100). South of the workshops there are rooms for storage, preparation, and/or administration. One of these rooms contained a reused stone pedestal with an inscription (ILPG 8); it has been proposed that the individuals mentioned in it were involved in fish salting, but I argue against this interpretation (see discussion in Chapter 4, section 4.1.4). PLAN: The site has not been fully published and no comprehensive plan seems to exist (see the comment by Étienne and Mayet 2002, 97). Therefore, I have produced my own plan by combining satellite imagery with the few early plans that showed the peripheral areas, along with a 3D photogrammetric model of the central area produced from photographs taken during my visit to the site. DATING: The earliest activity at the site dates to the Punic period (late 5th to early 4th century BCE); some material from the 1st century BCE was found in the same sounding (Molina Fajardo et al. 1984). No workshops from these early phases, however, have been identified. The excavated workshops were active from the 1st century CE to the late 4th/early 5th century (Molina Fajardo and Jiménez Contreras 1984). This important site would benefit from a full cleaning and re-evaluation of its architectural stratigraphy in order to refine our understanding of the property divisions and sequence of construction, as well as selective soundings to provide a more precise absolute chronology. The production of a more formal, detailed plan would also be a welcome contribution. BIBLIOGRAPHY: The bibliography listed below covers the entire site, but especially Workshops 1–9 and the vats entered under Other Workshops. More specific citations have been listed under the entries for the other four groups of vats.",266038.0,4,11,rectangle;square,opus signinum,True
701CDEBE-44A7-4B53-8EB1-1D66ACFE5E09,CA14DE36-0C47-4520-9D6B-38512FE5CD80,Sexi (Almuñécar),Workshop 1A,Sexi,Almuñécar,Hispania Baetica,Spain,Andalusia,Eastern Baetica,36.7321,-3.69363,4,1,100.0,1.0,1.0,4,,Fish-salting,Yes,"In the Parque Botánico El Majuelo.  Cannot get into the site and walk around, can only look down onto it from the park.","June 21, 2016",266038.0,http://ramppa.uca.es/cetaria/el-majuelo,,"Location (Resource Proximity)
Equipment Morphology
Spatial Organization
Equipment Construction
Artifacts
Ecofacts",Fishing equipment and fish remains were found in association with vats throughout the site.,,0.0,4.0,,,,Yes,No,,,,,Yes,No,grid,grid,,,No,,No,,,,,,Just WS,Suburban,"Nearly all of the vats are located in the Parque Botánico El Majuelo. The remains can only be viewed from the perimeter. CONFIGURATION: In grouping the vats into workshops, I have followed the divisions listed by Étienne and Mayet (2002, 100). South of the workshops there are rooms for storage, preparation, and/or administration. One of these rooms contained a reused stone pedestal with an inscription (ILPG 8); it has been proposed that the individuals mentioned in it were involved in fish salting, but I argue against this interpretation (see discussion in Chapter 4, section 4.1.4). PLAN: The site has not been fully published and no comprehensive plan seems to exist (see the comment by Étienne and Mayet 2002, 97). Therefore, I have produced my own plan by combining satellite imagery with the few early plans that showed the peripheral areas, along with a 3D photogrammetric model of the central area produced from photographs taken during my visit to the site. DATING: The earliest activity at the site dates to the Punic period (late 5th to early 4th century BCE); some material from the 1st century BCE was found in the same sounding (Molina Fajardo et al. 1984). No workshops from these early phases, however, have been identified. The excavated workshops were active from the 1st century CE to the late 4th/early 5th century (Molina Fajardo and Jiménez Contreras 1984). This important site would benefit from a full cleaning and re-evaluation of its architectural stratigraphy in order to refine our understanding of the property divisions and sequence of construction, as well as selective soundings to provide a more precise absolute chronology. The production of a more formal, detailed plan would also be a welcome contribution. BIBLIOGRAPHY: The bibliography listed below covers the entire site, but especially Workshops 1–9 and the vats entered under Other Workshops. More specific citations have been listed under the entries for the other four groups of vats.",266038.0,1,4,square,opus signinum,True
B505FBCB-DDBD-40B5-8FED-5204DAE9D841,CA14DE36-0C47-4520-9D6B-38512FE5CD80,Sexi (Almuñécar),Workshop 1B,Sexi,Almuñécar,Hispania Baetica,Spain,Andalusia,Eastern Baetica,36.73207,-3.69356,4,1,100.0,1.0,1.0,4,,Fish-salting,Yes,,"June 21, 2016",,,,"Location (Resource Proximity)
Equipment Morphology
Equipment Construction
Spatial Organization
Artifacts
Ecofacts",,,0.0,4.0,,,,Yes,Yes,,,,,Yes,No,grid,grid,Yes,,No,,No,,,,,,Just WS,Suburban,"Nearly all of the vats are located in the Parque Botánico El Majuelo. The remains can only be viewed from the perimeter. CONFIGURATION: In grouping the vats into workshops, I have followed the divisions listed by Étienne and Mayet (2002, 100). South of the workshops there are rooms for storage, preparation, and/or administration. One of these rooms contained a reused stone pedestal with an inscription (ILPG 8); it has been proposed that the individuals mentioned in it were involved in fish salting, but I argue against this interpretation (see discussion in Chapter 4, section 4.1.4). PLAN: The site has not been fully published and no comprehensive plan seems to exist (see the comment by Étienne and Mayet 2002, 97). Therefore, I have produced my own plan by combining satellite imagery with the few early plans that showed the peripheral areas, along with a 3D photogrammetric model of the central area produced from photographs taken during my visit to the site. DATING: The earliest activity at the site dates to the Punic period (late 5th to early 4th century BCE); some material from the 1st century BCE was found in the same sounding (Molina Fajardo et al. 1984). No workshops from these early phases, however, have been identified. The excavated workshops were active from the 1st century CE to the late 4th/early 5th century (Molina Fajardo and Jiménez Contreras 1984). This important site would benefit from a full cleaning and re-evaluation of its architectural stratigraphy in order to refine our understanding of the property divisions and sequence of construction, as well as selective soundings to provide a more precise absolute chronology. The production of a more formal, detailed plan would also be a welcome contribution. BIBLIOGRAPHY: The bibliography listed below covers the entire site, but especially Workshops 1–9 and the vats entered under Other Workshops. More specific citations have been listed under the entries for the other four groups of vats.",266038.0,2,4,irregular;rectangle,opus signinum,True
07DAED98-0DC7-4C7B-B27B-49E4F65EB2D5,CA14DE36-0C47-4520-9D6B-38512FE5CD80,Sexi (Almuñécar),Workshop 2A,Sexi,Almuñécar,Hispania Baetica,Spain,Andalusia,Eastern Baetica,36.73207,-3.69364,3,1,100.0,1.0,1.0,4,,Fish-salting,Yes,,"June 21, 2016",,,,"Location (Resource Proximity)
Equipment Morphology
Spatial Organization
Equipment Construction
Artifacts
Ecofacts",,,0.0,3.0,,,,Yes,Yes,,,,,Yes,No,grid,grid,,,No,,No,,,,,,Just WS,Suburban,"Nearly all of the vats are located in the Parque Botánico El Majuelo. The remains can only be viewed from the perimeter. CONFIGURATION: In grouping the vats into workshops, I have followed the divisions listed by Étienne and Mayet (2002, 100). South of the workshops there are rooms for storage, preparation, and/or administration. One of these rooms contained a reused stone pedestal with an inscription (ILPG 8); it has been proposed that the individuals mentioned in it were involved in fish salting, but I argue against this interpretation (see discussion in Chapter 4, section 4.1.4). PLAN: The site has not been fully published and no comprehensive plan seems to exist (see the comment by Étienne and Mayet 2002, 97). Therefore, I have produced my own plan by combining satellite imagery with the few early plans that showed the peripheral areas, along with a 3D photogrammetric model of the central area produced from photographs taken during my visit to the site. DATING: The earliest activity at the site dates to the Punic period (late 5th to early 4th century BCE); some material from the 1st century BCE was found in the same sounding (Molina Fajardo et al. 1984). No workshops from these early phases, however, have been identified. The excavated workshops were active from the 1st century CE to the late 4th/early 5th century (Molina Fajardo and Jiménez Contreras 1984). This important site would benefit from a full cleaning and re-evaluation of its architectural stratigraphy in order to refine our understanding of the property divisions and sequence of construction, as well as selective soundings to provide a more precise absolute chronology. The production of a more formal, detailed plan would also be a welcome contribution. BIBLIOGRAPHY: The bibliography listed below covers the entire site, but especially Workshops 1–9 and the vats entered under Other Workshops. More specific citations have been listed under the entries for the other four groups of vats.",266038.0,1,3,rectangle,opus signinum,True
8A14F099-7C89-41BF-AE4E-0E7630D15F42,CA14DE36-0C47-4520-9D6B-38512FE5CD80,Sexi (Almuñécar),Workshop 2B,Sexi,Almuñécar,Hispania Baetica,Spain,Andalusia,Eastern Baetica,36.73204,-3.69359,8,1,100.0,1.0,1.0,4,,Fish-salting,Yes,,"June 21, 2016",,,,"Location (Resource Proximity)
Equipment Morphology
Spatial Organization
Equipment Construction
Artifacts
Ecofacts",,,0.0,8.0,,,,Yes,Yes,,,,,Yes,No,grid,grid,,,No,,No,,,,,,Just WS,Suburban,"Nearly all of the vats are located in the Parque Botánico El Majuelo. The remains can only be viewed from the perimeter. CONFIGURATION: In grouping the vats into workshops, I have followed the divisions listed by Étienne and Mayet (2002, 100). South of the workshops there are rooms for storage, preparation, and/or administration. One of these rooms contained a reused stone pedestal with an inscription (ILPG 8); it has been proposed that the individuals mentioned in it were involved in fish salting, but I argue against this interpretation (see discussion in Chapter 4, section 4.1.4). PLAN: The site has not been fully published and no comprehensive plan seems to exist (see the comment by Étienne and Mayet 2002, 97). Therefore, I have produced my own plan by combining satellite imagery with the few early plans that showed the peripheral areas, along with a 3D photogrammetric model of the central area produced from photographs taken during my visit to the site. DATING: The earliest activity at the site dates to the Punic period (late 5th to early 4th century BCE); some material from the 1st century BCE was found in the same sounding (Molina Fajardo et al. 1984). No workshops from these early phases, however, have been identified. The excavated workshops were active from the 1st century CE to the late 4th/early 5th century (Molina Fajardo and Jiménez Contreras 1984). This important site would benefit from a full cleaning and re-evaluation of its architectural stratigraphy in order to refine our understanding of the property divisions and sequence of construction, as well as selective soundings to provide a more precise absolute chronology. The production of a more formal, detailed plan would also be a welcome contribution. BIBLIOGRAPHY: The bibliography listed below covers the entire site, but especially Workshops 1–9 and the vats entered under Other Workshops. More specific citations have been listed under the entries for the other four groups of vats.",266038.0,3,8,rectangle;rectangular (?);square,opus signinum;unknown,True
7AC4E7CA-4BFA-48DB-B1CB-B17F702CDCE0,CA14DE36-0C47-4520-9D6B-38512FE5CD80,Sexi (Almuñécar),Workshop 3,Sexi,Almuñécar,Hispania Baetica,Spain,Andalusia,Eastern Baetica,36.73201,-3.69361,7,1,100.0,1.0,1.0,4,,Fish-salting,Yes,,"June 21, 2016",,,,"Location (Resource Proximity)
Equipment Morphology
Spatial Organization
Equipment Construction
Artifacts
Ecofacts",,,0.0,7.0,,,,Yes,Yes,,,,,Yes,No,U-shaped,U-shaped,,,Yes,,No,,,,,,Just WS,Suburban,"Nearly all of the vats are located in the Parque Botánico El Majuelo. The remains can only be viewed from the perimeter. CONFIGURATION: In grouping the vats into workshops, I have followed the divisions listed by Étienne and Mayet (2002, 100). South of the workshops there are rooms for storage, preparation, and/or administration. One of these rooms contained a reused stone pedestal with an inscription (ILPG 8); it has been proposed that the individuals mentioned in it were involved in fish salting, but I argue against this interpretation (see discussion in Chapter 4, section 4.1.4). PLAN: The site has not been fully published and no comprehensive plan seems to exist (see the comment by Étienne and Mayet 2002, 97). Therefore, I have produced my own plan by combining satellite imagery with the few early plans that showed the peripheral areas, along with a 3D photogrammetric model of the central area produced from photographs taken during my visit to the site. DATING: The earliest activity at the site dates to the Punic period (late 5th to early 4th century BCE); some material from the 1st century BCE was found in the same sounding (Molina Fajardo et al. 1984). No workshops from these early phases, however, have been identified. The excavated workshops were active from the 1st century CE to the late 4th/early 5th century (Molina Fajardo and Jiménez Contreras 1984). This important site would benefit from a full cleaning and re-evaluation of its architectural stratigraphy in order to refine our understanding of the property divisions and sequence of construction, as well as selective soundings to provide a more precise absolute chronology. The production of a more formal, detailed plan would also be a welcome contribution. BIBLIOGRAPHY: The bibliography listed below covers the entire site, but especially Workshops 1–9 and the vats entered under Other Workshops. More specific citations have been listed under the entries for the other four groups of vats.",266038.0,2,7,rectangle,opus signinum,True
D1EEC145-3AE1-4CEE-BF41-81B521235ADE,CA14DE36-0C47-4520-9D6B-38512FE5CD80,Sexi (Almuñécar),Workshop 4,Sexi,Almuñécar,Hispania Baetica,Spain,Andalusia,Eastern Baetica,36.73197,-3.69363,12,1,100.0,1.0,1.0,4,,Fish-salting,Yes,,"June 21, 2016",,,,"Location (Resource Proximity)
Equipment Morphology
Spatial Organization
Equipment Construction
Artifacts
Ecofacts",,,0.0,12.0,,,,Yes,Yes,,,,,Yes,No,grid,grid,,,Yes,,No,,,,,,Just WS,Suburban,"Nearly all of the vats are located in the Parque Botánico El Majuelo. The remains can only be viewed from the perimeter. CONFIGURATION: In grouping the vats into workshops, I have followed the divisions listed by Étienne and Mayet (2002, 100). South of the workshops there are rooms for storage, preparation, and/or administration. One of these rooms contained a reused stone pedestal with an inscription (ILPG 8); it has been proposed that the individuals mentioned in it were involved in fish salting, but I argue against this interpretation (see discussion in Chapter 4, section 4.1.4). PLAN: The site has not been fully published and no comprehensive plan seems to exist (see the comment by Étienne and Mayet 2002, 97). Therefore, I have produced my own plan by combining satellite imagery with the few early plans that showed the peripheral areas, along with a 3D photogrammetric model of the central area produced from photographs taken during my visit to the site. DATING: The earliest activity at the site dates to the Punic period (late 5th to early 4th century BCE); some material from the 1st century BCE was found in the same sounding (Molina Fajardo et al. 1984). No workshops from these early phases, however, have been identified. The excavated workshops were active from the 1st century CE to the late 4th/early 5th century (Molina Fajardo and Jiménez Contreras 1984). This important site would benefit from a full cleaning and re-evaluation of its architectural stratigraphy in order to refine our understanding of the property divisions and sequence of construction, as well as selective soundings to provide a more precise absolute chronology. The production of a more formal, detailed plan would also be a welcome contribution. BIBLIOGRAPHY: The bibliography listed below covers the entire site, but especially Workshops 1–9 and the vats entered under Other Workshops. More specific citations have been listed under the entries for the other four groups of vats.",266038.0,6,12,rectangle;square,opus signinum;unknown,True
24062873-74DC-4E19-8FCF-1FC9B8DE39F9,CA14DE36-0C47-4520-9D6B-38512FE5CD80,Sexi (Almuñécar),Workshop 5,Sexi,Almuñécar,Hispania Baetica,Spain,Andalusia,Eastern Baetica,36.73194,-3.69369,3,1,100.0,1.0,1.0,4,,Fish-salting,Yes,,"June 21, 2016",,,,"Location (Resource Proximity)
Equipment Morphology
Spatial Organization
Equipment Construction
Artifacts
Ecofacts",,,1.0,2.0,,,,No,Yes,,,,,Yes,No,L-shaped,L-shaped,,,No,,No,,,,,,Just WS,Suburban,"Nearly all of the vats are located in the Parque Botánico El Majuelo. The remains can only be viewed from the perimeter. CONFIGURATION: In grouping the vats into workshops, I have followed the divisions listed by Étienne and Mayet (2002, 100). South of the workshops there are rooms for storage, preparation, and/or administration. One of these rooms contained a reused stone pedestal with an inscription (ILPG 8); it has been proposed that the individuals mentioned in it were involved in fish salting, but I argue against this interpretation (see discussion in Chapter 4, section 4.1.4). PLAN: The site has not been fully published and no comprehensive plan seems to exist (see the comment by Étienne and Mayet 2002, 97). Therefore, I have produced my own plan by combining satellite imagery with the few early plans that showed the peripheral areas, along with a 3D photogrammetric model of the central area produced from photographs taken during my visit to the site. DATING: The earliest activity at the site dates to the Punic period (late 5th to early 4th century BCE); some material from the 1st century BCE was found in the same sounding (Molina Fajardo et al. 1984). No workshops from these early phases, however, have been identified. The excavated workshops were active from the 1st century CE to the late 4th/early 5th century (Molina Fajardo and Jiménez Contreras 1984). This important site would benefit from a full cleaning and re-evaluation of its architectural stratigraphy in order to refine our understanding of the property divisions and sequence of construction, as well as selective soundings to provide a more precise absolute chronology. The production of a more formal, detailed plan would also be a welcome contribution. BIBLIOGRAPHY: The bibliography listed below covers the entire site, but especially Workshops 1–9 and the vats entered under Other Workshops. More specific citations have been listed under the entries for the other four groups of vats.",266038.0,3,3,rectangle;square,opus signinum,True
54122DFA-729B-4216-8EE5-0EDCEAF645FF,CA14DE36-0C47-4520-9D6B-38512FE5CD80,Sexi (Almuñécar),Workshop 6A,Sexi,Almuñécar,Hispania Baetica,Spain,Andalusia,Eastern Baetica,36.7319,-3.69365,7,1,100.0,1.0,1.0,4,"Originally, Workshops 6A and 6B may have been separated by a wall that was later partly removed. In its early form, Workshop 6A may have included vats 83 and 84 (see the ""Other Workshops"" entry for Sexi/Almuñécar), giving it a U-shape that wrapped around courtyard 120.",Fish-salting,Yes,,"June 21, 2016",,,,"Location (Resource Proximity)
Equipment Morphology
Spatial Organization
Equipment Construction
Artifacts
Ecofacts",,,1.0,6.0,,,,Yes,Yes,,,,,Yes,No,grid,grid,Yes,,Yes,includes a cuvet,No,,,,,,Just WS,Suburban,"Nearly all of the vats are located in the Parque Botánico El Majuelo. The remains can only be viewed from the perimeter. CONFIGURATION: In grouping the vats into workshops, I have followed the divisions listed by Étienne and Mayet (2002, 100). South of the workshops there are rooms for storage, preparation, and/or administration. One of these rooms contained a reused stone pedestal with an inscription (ILPG 8); it has been proposed that the individuals mentioned in it were involved in fish salting, but I argue against this interpretation (see discussion in Chapter 4, section 4.1.4). PLAN: The site has not been fully published and no comprehensive plan seems to exist (see the comment by Étienne and Mayet 2002, 97). Therefore, I have produced my own plan by combining satellite imagery with the few early plans that showed the peripheral areas, along with a 3D photogrammetric model of the central area produced from photographs taken during my visit to the site. DATING: The earliest activity at the site dates to the Punic period (late 5th to early 4th century BCE); some material from the 1st century BCE was found in the same sounding (Molina Fajardo et al. 1984). No workshops from these early phases, however, have been identified. The excavated workshops were active from the 1st century CE to the late 4th/early 5th century (Molina Fajardo and Jiménez Contreras 1984). This important site would benefit from a full cleaning and re-evaluation of its architectural stratigraphy in order to refine our understanding of the property divisions and sequence of construction, as well as selective soundings to provide a more precise absolute chronology. The production of a more formal, detailed plan would also be a welcome contribution. BIBLIOGRAPHY: The bibliography listed below covers the entire site, but especially Workshops 1–9 and the vats entered under Other Workshops. More specific citations have been listed under the entries for the other four groups of vats.",266038.0,4,7,irregular;rectangle;square,opus signinum,True
06DFDCCE-E7C7-40FB-BF94-6A6EC54535B0,CA14DE36-0C47-4520-9D6B-38512FE5CD80,Sexi (Almuñécar),Workshop 6B,Sexi,Almuñécar,Hispania Baetica,Spain,Andalusia,Eastern Baetica,36.7319,-3.69372,6,1,100.0,1.0,1.0,4,,Fish-salting,Yes,,"June 21, 2016",,,,"Equipment Morphology
Location (Resource Proximity)
Equipment Construction
Spatial Organization
Artifacts
Ecofacts",,,0.0,6.0,,,,Yes,Yes,,,,,Yes,No,grid,grid,,,No,,No,,,,,,Just WS,Suburban,"Nearly all of the vats are located in the Parque Botánico El Majuelo. The remains can only be viewed from the perimeter. CONFIGURATION: In grouping the vats into workshops, I have followed the divisions listed by Étienne and Mayet (2002, 100). South of the workshops there are rooms for storage, preparation, and/or administration. One of these rooms contained a reused stone pedestal with an inscription (ILPG 8); it has been proposed that the individuals mentioned in it were involved in fish salting, but I argue against this interpretation (see discussion in Chapter 4, section 4.1.4). PLAN: The site has not been fully published and no comprehensive plan seems to exist (see the comment by Étienne and Mayet 2002, 97). Therefore, I have produced my own plan by combining satellite imagery with the few early plans that showed the peripheral areas, along with a 3D photogrammetric model of the central area produced from photographs taken during my visit to the site. DATING: The earliest activity at the site dates to the Punic period (late 5th to early 4th century BCE); some material from the 1st century BCE was found in the same sounding (Molina Fajardo et al. 1984). No workshops from these early phases, however, have been identified. The excavated workshops were active from the 1st century CE to the late 4th/early 5th century (Molina Fajardo and Jiménez Contreras 1984). This important site would benefit from a full cleaning and re-evaluation of its architectural stratigraphy in order to refine our understanding of the property divisions and sequence of construction, as well as selective soundings to provide a more precise absolute chronology. The production of a more formal, detailed plan would also be a welcome contribution. BIBLIOGRAPHY: The bibliography listed below covers the entire site, but especially Workshops 1–9 and the vats entered under Other Workshops. More specific citations have been listed under the entries for the other four groups of vats.",266038.0,3,6,irregular;rectangle;square,opus signinum,True
3EC8F36A-463C-4E17-B418-0F560CD791FB,CA14DE36-0C47-4520-9D6B-38512FE5CD80,Sexi (Almuñécar),Workshop 7,Sexi,Almuñécar,Hispania Baetica,Spain,Andalusia,Eastern Baetica,36.73197,-3.69344,9,1,100.0,1.0,1.0,4,"Vats 52, 53, and 55 are slightly higher than the others, likely to accommodate the rock outcrop that forms their eastern walls.",Fish-salting,Yes,,"June 21, 2016",,,,"Location (Resource Proximity)
Equipment Morphology
Spatial Organization
Equipment Construction
Artifacts
Ecofacts",,,1.0,8.0,,,,Yes,Yes,,,,,Yes,No,grid,grid,Yes,,No,,No,,,,,,Just WS,Suburban,"Nearly all of the vats are located in the Parque Botánico El Majuelo. The remains can only be viewed from the perimeter. CONFIGURATION: In grouping the vats into workshops, I have followed the divisions listed by Étienne and Mayet (2002, 100). South of the workshops there are rooms for storage, preparation, and/or administration. One of these rooms contained a reused stone pedestal with an inscription (ILPG 8); it has been proposed that the individuals mentioned in it were involved in fish salting, but I argue against this interpretation (see discussion in Chapter 4, section 4.1.4). PLAN: The site has not been fully published and no comprehensive plan seems to exist (see the comment by Étienne and Mayet 2002, 97). Therefore, I have produced my own plan by combining satellite imagery with the few early plans that showed the peripheral areas, along with a 3D photogrammetric model of the central area produced from photographs taken during my visit to the site. DATING: The earliest activity at the site dates to the Punic period (late 5th to early 4th century BCE); some material from the 1st century BCE was found in the same sounding (Molina Fajardo et al. 1984). No workshops from these early phases, however, have been identified. The excavated workshops were active from the 1st century CE to the late 4th/early 5th century (Molina Fajardo and Jiménez Contreras 1984). This important site would benefit from a full cleaning and re-evaluation of its architectural stratigraphy in order to refine our understanding of the property divisions and sequence of construction, as well as selective soundings to provide a more precise absolute chronology. The production of a more formal, detailed plan would also be a welcome contribution. BIBLIOGRAPHY: The bibliography listed below covers the entire site, but especially Workshops 1–9 and the vats entered under Other Workshops. More specific citations have been listed under the entries for the other four groups of vats.",266038.0,2,9,rectangle;square,opus signinum,True
D841B7C1-1FC6-4B7F-B560-C5E766A14644,CA14DE36-0C47-4520-9D6B-38512FE5CD80,Sexi (Almuñécar),Workshops 8–9,Sexi,Almuñécar,Hispania Baetica,Spain,Andalusia,Eastern Baetica,36.73174,-3.69354,20,1,100.0,1.0,1.0,4,"The divisions of Workshops 8, 9A, and 9B as described by Étienne and Mayet (2002, 100) are difficult to match to the currently visible remains; therefore, I have combined them in this catalog. Vat 74 is conjectured, as there is no visible lining material.",Fish-salting,Yes,,"June 21, 2016",,,,"Equipment Morphology
Location (Resource Proximity)
Spatial Organization
Equipment Construction
Artifacts
Ecofacts",,,0.0,20.0,,,,Yes,Yes,,,,,Yes,No,grid,grid,,,Yes,space 124 includes a possible rectangular cuvet or cistern opening,No,,,,,,Just WS,Suburban,"Nearly all of the vats are located in the Parque Botánico El Majuelo. The remains can only be viewed from the perimeter. CONFIGURATION: In grouping the vats into workshops, I have followed the divisions listed by Étienne and Mayet (2002, 100). South of the workshops there are rooms for storage, preparation, and/or administration. One of these rooms contained a reused stone pedestal with an inscription (ILPG 8); it has been proposed that the individuals mentioned in it were involved in fish salting, but I argue against this interpretation (see discussion in Chapter 4, section 4.1.4). PLAN: The site has not been fully published and no comprehensive plan seems to exist (see the comment by Étienne and Mayet 2002, 97). Therefore, I have produced my own plan by combining satellite imagery with the few early plans that showed the peripheral areas, along with a 3D photogrammetric model of the central area produced from photographs taken during my visit to the site. DATING: The earliest activity at the site dates to the Punic period (late 5th to early 4th century BCE); some material from the 1st century BCE was found in the same sounding (Molina Fajardo et al. 1984). No workshops from these early phases, however, have been identified. The excavated workshops were active from the 1st century CE to the late 4th/early 5th century (Molina Fajardo and Jiménez Contreras 1984). This important site would benefit from a full cleaning and re-evaluation of its architectural stratigraphy in order to refine our understanding of the property divisions and sequence of construction, as well as selective soundings to provide a more precise absolute chronology. The production of a more formal, detailed plan would also be a welcome contribution. BIBLIOGRAPHY: The bibliography listed below covers the entire site, but especially Workshops 1–9 and the vats entered under Other Workshops. More specific citations have been listed under the entries for the other four groups of vats.",266038.0,3,19,irregular;rectangle;square,opus signinum,True
84E44F31-A3DC-4F4C-9624-8F225D4DDA50,6137AE84-FB62-4BC0-BA7F-6C548B2608BB,Siminina (Mraïssa),,Siminina,Mraïssa,Africa Proconsularis,Tunisia,,North-central Africa,36.93592,10.7995,5,,,,,2,,Fish-salting,Yes,,,315173.0,,,"Location (Resource Proximity)
Equipment Morphology
Equipment Construction
Spatial Organization",,,1.0,4.0,,,,Yes,Yes,,,,,Cannot,Cannot,"grid
scattered",grid,,,Cannot,,No,,,,,,Cannot,Urban,,315173.0,1,5,rectangle,"opus figlinum
opus signinum",False
6776F342-23AF-4063-B0E4-58AF9E898DB8,A3B88CE6-5B5D-4DBC-9D1E-7465DE437374,Sines,Largo João de Deus A,,Sines,Lusitania,Portugal,Alentejo,Lisbon,37.95484,-8.86617,7,51,100.0,1.0,1.0,4,"Also called ""Oficina 1A"" (Tavares da Silva et al., n.d.). In the 3rd or 4th centuries CE, vats 1, 2, and 7 were filled and vats 3 and 6 were reduced in size.",Fish-salting,No,"Workshops 1A and 1B were covered up sometime between June 14, 2011 and May 25, 2013 (based on historical Google Earth satellite photos).

Starting in 2016, they will be developed for tourism:
- http://setubalnarede.pt/noticias/camara-de-sines-vai-recuperar-e-musealizar-fabricas-romanas-junto-ao-castelo-15354/
- http://www.sines.pt/frontoffice/pages/1057",,,http://ramppa.uca.es/cetaria/largo-joao-de-deus-1,4173.0,"Equipment Morphology
Equipment Construction
Location (Resource Proximity)
Spatial Organization
Ecofacts",Fish remains were found but have not been published.,,0.0,7.0,,,,Yes,Yes,,,,,Yes,No,U-shaped,U-shaped,Yes,,Yes,includes a cuvet,No,,,,,,Cannot,Settlement,"Also called ""Mirobriga.""",256452.0,4,7,rectangle;square,opus signinum,True
D25D5779-3FFF-43A8-B4A5-CE3AED6C1DC2,A3B88CE6-5B5D-4DBC-9D1E-7465DE437374,Sines,Largo João de Deus B,,Sines,Lusitania,Portugal,Alentejo,Lisbon,37.95499,-8.86602,9,1,100.0,1.0,1.0,4,"Also called ""Oficina 1B"" (Tavares da Silva et al., n.d.). The workshop was excavated by a local amateur archaeologist in the 1960s. There is no reliable stratigraphic information with which to date the workshop, but it was probably installed around the same time as Largo João de Deus A.",Fish-salting,No,"Workshops 1A and 1B were covered up sometime between June 14, 2011 and May 25, 2013 (based on historical Google Earth satellite photos)",,,http://ramppa.uca.es/cetaria/largo-joao-de-deus-2,4173.0,"Equipment Morphology
Equipment Construction
Location (Resource Proximity)
Spatial Organization",Étienne et al. (1994) classified it as definitely a fish-salting workshop.,,0.0,9.0,,,,Yes,Yes,,,,,Yes,No,U-shaped,U-shaped,,,Yes,,No,,,,,,Cannot,Settlement,"Also called ""Mirobriga.""",256452.0,3,9,rectangle,"mortar without ceramics;opus signinum
mortar without ceramics",True
A48ABA46-9F1C-4598-A38C-23E2BB14BBAF,A3B88CE6-5B5D-4DBC-9D1E-7465DE437374,Sines,Rua Ramos da Costa A,,Sines,Lusitania,Portugal,Alentejo,Lisbon,37.95448,-8.86563,4,,,,,4,"Also called ""Oficina 2A"" (Tavares da Silva et al., n.d.). The only datable material is thought to come from the site's abandonment in the 4th or first half of the 5th century CE.",Fish-salting,No,"Workshop 2 was reburied soon after excavation, based on historical Google Earth satellite images",,,http://ramppa.uca.es/cetaria/rua-ramos-da-costa-fabrica-a,4173.0,"Location (Resource Proximity)
Equipment Morphology
Equipment Construction
Spatial Organization
Ecofacts",Fish remains were found but have not been studied.,,0.0,4.0,,,,No,Yes,,,,,Yes,No,L-shaped,L-shaped,,,Yes,,No,,,,,,Cannot,Settlement,"Also called ""Mirobriga.""",256452.0,2,4,rectangle,mortar without ceramics,False
9D4D063C-4FDD-4182-A8C7-3C1AD591EBB5,A3B88CE6-5B5D-4DBC-9D1E-7465DE437374,Sines,Rua Ramos da Costa B,,Sines,Lusitania,Portugal,Alentejo,Lisbon,37.95446,-8.86565,4,,,,,4,"Also called ""Oficina 2B"" (Tavares da Silva et al., n.d.). The workshop is associated with a room that was interpreted as a dwelling to the southeast (Q30) and a potential warehouse (M19) to the northwest. The only datable material is thought to come from the site's abandonment in the 4th or first half of the 5th century CE. The adjacent residential space (Q30) was abandoned in the 2nd or 3rd centuries CE.",Fish-salting,No,"Workshop 2 was reburied soon after excavation, based on historical Google Earth satellite images",,,http://ramppa.uca.es/cetaria/rua-ramos-da-costa-fabrica-b,4173.0,"Location (Resource Proximity)
Equipment Morphology
Equipment Construction
Spatial Organization
Ecofacts",Fish remains were found but have not been studied.,,0.0,4.0,,,,Yes,Yes,,,,,Yes,No,L-shaped,L-shaped,,,Yes,,No,,,,,,Assoc w/ other,Settlement,"Also called ""Mirobriga.""",256452.0,1,4,rectangle,mortar without ceramics,False
F3E6E699-6408-45F0-92D3-F7360BF7012D,A3B88CE6-5B5D-4DBC-9D1E-7465DE437374,Sines,Rua Ramos da Costa C,,Sines,Lusitania,Portugal,Alentejo,Lisbon,37.95443,-8.86537,2,,,,,4,"Also called ""Oficina 2C"" (Tavares da Silva et al., n.d.).",Fish-salting,No,"Workshop 2 was reburied soon after excavation, based on historical Google Earth satellite images",,,http://ramppa.uca.es/cetaria/rua-ramos-da-costa-fabrica-c,4173.0,"Location (Resource Proximity)
Equipment Morphology
Equipment Construction",,,0.0,2.0,,,,Yes,No,,,,,Yes,No,unknown,unknown,,,Cannot,,No,,,,,,Cannot,Settlement,"Also called ""Mirobriga.""",256452.0,1,2,rectangle,mortar without ceramics,False
013685B8-46E2-456F-80B1-3510263E9DBA,A3B88CE6-5B5D-4DBC-9D1E-7465DE437374,Sines,Rua Ramos da Costa D,,Sines,Lusitania,Portugal,Alentejo,Lisbon,37.95435,-8.86559,3,,,,,4,"Also called ""Oficina 2D"" (Tavares da Silva et al., n.d.). The vat is visible only in profile.",Fish-salting,No,"Workshop 2 was reburied soon after excavation, based on historical Google Earth satellite images",,,http://ramppa.uca.es/cetaria/rua-ramos-da-costa-fabrica-d,4173.0,"Location (Resource Proximity)
Equipment Morphology
Equipment Construction",,,0.0,3.0,,,,Cannot,Cannot,,,,,Cannot,Cannot,unknown,unknown,,,Cannot,,Cannot,,,,,,Cannot,Settlement,"Also called ""Mirobriga.""",256452.0,1,3,square,mortar without ceramics,False
37BAA00D-D09E-4CD3-94D8-107AFAF572B1,31235978-883D-40E1-A09B-CBD6F28C3C18,Suel (Fuengirola),Finca El Secretario,Suel,Fuengirola,Hispania Baetica,Spain,Andalusia,Eastern Baetica,36.55798,-4.6127,8,1,100.0,1.0,1.0,3,,Fish-salting,Yes,"Currently an archaeological park called ""Yacimiento Arqueologico Romano, Finca del Secretario""

open 10:30–2:00","June 20, 2016",,http://ramppa.uca.es/cetaria/finca-el-secretario,,"Location (Resource Proximity)
Equipment Morphology
Spatial Organization
Equipment Construction",,,0.0,8.0,,,,Yes,Yes,,,,,Yes,No,grid,grid,Yes,,Yes,,No,,,,,,Assoc w/ villa,Suburban,,266055.0,4,8,rectangle;square,opus signinum;unknown,True
DF0470FC-2D58-4E39-AD05-8C9AB2445FF7,31235978-883D-40E1-A09B-CBD6F28C3C18,Suel (Fuengirola),Playa del Castillo,Suel,Fuengirola,Hispania Baetica,Spain,Andalusia,Eastern Baetica,36.5238,-4.62837,4,301,400.0,4.0,0.0,4,"Two more possible vats were shown on the plan next to vats 1 and 2. An inscription to Neptune Augustus made by L. Iunius Puteolanus was found nearby (CIL 2.1944; Haley 1990, 74).",Fish-salting,Yes,,"June 20, 2016",,http://ramppa.uca.es/cetaria/castillo-de-sohail,,"Location (Resource Proximity)
Equipment Morphology
Spatial Organization
Equipment Construction
Literary/Epigraphic
Artifacts",Fishing equipment was found during excavation.,,0.0,4.0,,,,Yes,No,,,,,Yes,No,grid,grid,,,Yes,,No,,,,,,Cannot,Suburban,,266055.0,2,4,square,opus signinum,True
DAA42CB2-9F22-4A81-81E6-C7BE49E9F0EB,36765E9A-9F9B-4282-86D6-C8C3C76892AF,Sullecthum (Salakta),,Sullecthum,Salakta,Africa Proconsularis,Tunisia,,North-central Africa,35.38952,11.04226,16,,,,,4,Some features were identified by examining unpublished photos graciously provided by Andrew Wilson.,Fish-salting,Yes,,,324817.0,,,"Location (Resource Proximity)
Equipment Morphology
Equipment Construction
Spatial Organization",,,1.0,15.0,,,,Yes,Yes,,,,,Yes,No,"grid
scattered",grid,,,Yes,,No,,,,,,Assoc w/ other,Urban,,324817.0,5,16,rectangle;square,opus signinum,False
307F19A0-132E-4226-A7DA-C70FE8C0D97B,4D272E19-87F2-4B43-A2B9-56E7E6B0EC8F,Tahadart,Workshop 1,,Tahadart,Mauretania Tingitana,Morocco,,Strait of Gibraltar,35.57957,-5.98275,10,-100,-1.0,-1.0,1.0,4,,Fish-salting,Uncertain,"""All these basins are covered with wild plants and waste piles. Others are completely buried underground."" (Cheddad 2007, p. 193)",,275731.0,http://ramppa.uca.es/cetaria/tahaddart-ensemble-1,,"Equipment Morphology
Equipment Construction
Spatial Organization
Location (Resource Proximity)",Trakadas (2015) classified it as definitely a fish-salting workshop.,,0.0,10.0,,,,Yes,Yes,,,,,Yes,No,U-shaped,U-shaped,Yes,,Yes,includes a cuvet for cleaning,No,,,,,,Assoc w/ other,Settlement,,275731.0,1,10,rectangle,opus signinum,True
84A96DBB-0C06-48DF-A2E3-0C45CCC29713,4D272E19-87F2-4B43-A2B9-56E7E6B0EC8F,Tahadart,Workshop 2,,Tahadart,Mauretania Tingitana,Morocco,,Strait of Gibraltar,35.57925,-5.98326,9,-100,-1.0,-1.0,1.0,4,,Fish-salting,Uncertain,,,,http://ramppa.uca.es/cetaria/tahaddart-ensemble-2,,"Artifacts
Equipment Morphology
Equipment Construction
Location (Resource Proximity)
Spatial Organization",A large group of fishing net weights was found at the site. Trakadas (2015) classified it as definitely a fish-salting workshop.,,1.0,8.0,,,,Yes,Yes,,,,,Yes,No,L-shaped,L-shaped,,,Yes,,No,,,,,,Assoc w/ other,Settlement,,275731.0,3,9,rectangle;rectangular (?);square,opus signinum,True
8A6DA69C-6C95-4BE3-962A-8FD7ED1A9AEC,4D272E19-87F2-4B43-A2B9-56E7E6B0EC8F,Tahadart,Workshop 3,,Tahadart,Mauretania Tingitana,Morocco,,Strait of Gibraltar,35.57896,-5.98343,9,-100,-1.0,-1.0,1.0,4,,Fish-salting,Uncertain,,,,http://ramppa.uca.es/cetaria/tahaddart-ensemble-3,,"Equipment Morphology
Equipment Construction
Spatial Organization
Location (Resource Proximity)",Trakadas (2015) classified it as definitely a fish-salting workshop.,,0.0,9.0,,,,Yes,Yes,,,,,Yes,No,"U-shaped
parallel",U-shaped,,,Yes,,No,,,,,,Assoc w/ other,Settlement,,275731.0,1,9,rectangular (?),opus signinum,True
0BAA932C-5D0E-4BCD-B233-16C524D63E18,4D272E19-87F2-4B43-A2B9-56E7E6B0EC8F,Tahadart,Workshop 4,,Tahadart,Mauretania Tingitana,Morocco,,Strait of Gibraltar,35.57882,-5.98352,13,1,100.0,1.0,1.0,4,Ponsich and Tarradell (1965) say there are 18 vats but only 13 are shown on the plan.,Fish-salting,Uncertain,"being used as a trash dump (Trakadas 2015, p. 44)",,,http://ramppa.uca.es/cetaria/tahaddart-ensemble-4,,"Equipment Morphology
Equipment Construction
Spatial Organization
Location (Resource Proximity)",Trakadas (2015) classified it as definitely a fish-salting workshop.,,0.0,13.0,,,,Yes,Yes,,,,,Yes,No,"U-shaped
unknown",U-shaped,Yes,,Yes,,No,,,,,,Assoc w/ other,Settlement,,275731.0,3,13,rectangle;rectangular (?);square,opus signinum,True
104E8CDE-A5D6-47EE-B19B-BB5BCACBBC00,199FF640-015C-4FED-B0B6-2E3105D1CC53,Teimiusa (Üçağız),Workshop A,Teimiusa,Üçağız,Lycia,Turkey,,Eastern Mediterranean,36.19663,29.85157,22,201,400.0,4.0,0.0,3,,Fish-salting,Uncertain,,,,,,"Location (Resource Proximity)
Equipment Morphology
Spatial Organization
Equipment Construction",,,0.0,22.0,,,,Yes,Cannot,,,,,Yes,No,grid,grid,,,No,,Cannot,,,,,,Just WS,Suburban,,639131.0,1,22,rectangle,type unknown,True
AC3BDE75-D108-4D13-870B-D199D6243C56,199FF640-015C-4FED-B0B6-2E3105D1CC53,Teimiusa (Üçağız),Workshop B,Teimiusa,Üçağız,Lycia,Turkey,,Eastern Mediterranean,36.19829,29.84711,19,201,300.0,3.0,0.0,3,"Workshop B consists of two abutting, vaulted buildings. The northern building has 5 vats and the southern building has 14 vats. The southern building is well preserved, complete with its roof and windows.",Fish-salting,Uncertain,,,,,,"Location (Resource Proximity)
Equipment Morphology
Equipment Construction
Spatial Organization",,,0.0,19.0,,,,Yes,Yes,,,,,Yes,No,grid,grid,Yes,,No,,No,,,,,,Just WS,Suburban,,639131.0,1,19,rectangle,type unknown,True
AADE5F20-D66E-4B81-9B4A-EBD643E485FD,199FF640-015C-4FED-B0B6-2E3105D1CC53,Teimiusa (Üçağız),Workshop C,Teimiusa,Üçağız,Lycia,Turkey,,Eastern Mediterranean,36.19807,29.84618,8,301,500.0,5.0,0.0,3,,Fish-salting,Uncertain,,,,,,"Location (Resource Proximity)
Equipment Morphology
Spatial Organization
Equipment Construction",,,0.0,8.0,,,,Yes,No,,,,,Yes,No,grid,grid,,,Yes,,No,,,,,,Just WS,Suburban,,639131.0,1,8,square,unknown,True
2277256B-4A57-4886-A0A5-E508B1FC58E8,199FF640-015C-4FED-B0B6-2E3105D1CC53,Teimiusa (Üçağız),Workshop D,Teimiusa,Üçağız,Lycia,Turkey,,Eastern Mediterranean,36.19817,29.84612,20,301,500.0,5.0,0.0,3,"There are two rooms of vats: in the south there is a battery of 10 vats; in the north there are batteries of six vats and four vats, separated by a pathway.",Fish-salting,Uncertain,,,,,,"Location (Resource Proximity)
Equipment Morphology
Spatial Organization
Equipment Construction",,,0.0,20.0,,,,Yes,Yes,,,,,Yes,No,grid,grid,Yes,,Yes,,No,,,,,,Just WS,Suburban,,639131.0,2,20,rectangle,unknown,True
61C7EAA5-E793-489C-B1AE-7D82F08A74A1,14A673AB-C4B9-49CF-BA52-E3DA8BC45D89,Telgruc,Le Caon,,Telgruc,Gallia Lugdunensis,France,Brittany,Northwestern France,48.21675,-4.3747,2,,,,,3,The only datable material comes from the fill of the vats (2nd century CE).,Fish-salting,Uncertain,,,,http://ramppa.uca.es/cetaria/caontrezbellec,,"Location (Resource Proximity)
Equipment Morphology
Equipment Construction",,,0.0,2.0,,,,No,Yes,,,,,Cannot,Cannot,joined,joined,,,Cannot,,No,,,,,,Cannot,Rural,,,2,2,square,unknown,False
3932CAD6-5156-410C-B19D-4DFC9667BEC5,52FC6D0C-D467-4865-A6AE-98A37BFFB3AE,Tipasa,Workshop A,Tipasa,,Mauretania Caesariensis,Algeria,,Mauretania Caesariensis,36.59418,2.44341,4,201,300.0,3.0,0.0,4,"There may have been six basins in the original phase of the fish-salting workshop (phase 2, 3rd century CE). Some features were identified by examining photos graciously provided by Andrew Wilson.",Fish-salting,Yes,,,,http://ramppa.uca.es/cetaria/tipasa-atelier-a,,"Equipment Morphology
Equipment Construction
Location (Resource Proximity)
Spatial Organization
Ecofacts",Fish remains were found in the bottom of a vat.,,0.0,4.0,,,,Yes,No,,,,,Yes,No,line,line,Yes,,Yes,,No,,,,,,Assoc w/ other,Urban,,295363.0,2,4,rectangle,opus signinum,True
B151F489-93C0-4EBC-B940-D007B9745B4B,52FC6D0C-D467-4865-A6AE-98A37BFFB3AE,Tipasa,Workshop B,Tipasa,,Mauretania Caesariensis,Algeria,,Mauretania Caesariensis,36.59485,2.44211,4,201,400.0,4.0,0.0,4,"The room with vats was part of a larger complex, which is not shown in any drawings. The salting workshop was separated from a paved area to the east by a grooved threshold. The workshop was adjoined by at least two other rooms of the same size and shape, all of which opened onto the same paved area; this may have been a commercial complex with multiple shops (Amraoui 2017, 341). Amraoui (2017, 70) suggests a date between the 3rd and 5th centuries CE. Some features were identified by examining photos graciously provided by Andrew Wilson.",Fish-salting,Yes,,,,http://ramppa.uca.es/cetaria/tipasa-atelier-b,,"Location (Resource Proximity)
Equipment Construction
Equipment Morphology
Spatial Organization",,,0.0,4.0,,,,Yes,No,,,,,Yes,No,line,line,Yes,,Yes,includes a ceramic cuvet embedded in the ledge around the vats,No,,,,,,Cannot,Urban,,295363.0,1,4,square,opus signinum,True
828C0AC6-769C-4B1B-AE0A-27CFA30F2CFF,D96112A3-0404-46F8-AC19-D30908DB6B27,Torre García,,,Torre García,Hispania Tarraconensis,Spain,Andalusia,Eastern Baetica,36.8221,-2.29445,55,,,,,4,The workshop was excavated in 1990 but remains unpublished. Additional structures were found to the east.,Fish-salting,Yes,Surrounded by a fence.,"June 24, 2016",,http://ramppa.uca.es/cetaria/torregarcia,,"Equipment Morphology
Equipment Construction
Spatial Organization
Location (Resource Proximity)",,,0.0,55.0,,,,Yes,Yes,,,,,Yes,No,rectangle,rectangle,Yes,,Yes,,No,,,,,,Assoc w/ other,Rural,,,3,55,rectangle;square,type unknown,False
08AD0437-9039-4335-AF0D-BE21BACC42EB,D5A8C2E5-E6B8-4857-A1C9-5D00234406A5,Torremolinos,La Cizaña,,Torremolinos,Hispania Baetica,Spain,Andalusia,Eastern Baetica,36.64537,-4.47995,16,1,200.0,2.0,1.0,4,"Also called ""Los Álamos,"" ""Villa romana de La Cizaña,"" and ""Finca del Pilar."" Vats 11–15 are connected to each other by pipes at the bottoms of the vats, much like vats 1a and 1b at Barcino/Barcelona.",Fish-salting,Uncertain,"When I visited in 2017, the area was fenced off. A new road and pedestrian zone was being built right between all of the remains, so nothing was accessible or visible from outside the fence.

Stuff on both sides of the road; not sure where the vats are or if they're visible.","June 10, 2017",265863.0,http://ramppa.uca.es/cetaria/el-pinar-la-cizana,,"Location (Resource Proximity)
Equipment Morphology
Equipment Construction
Spatial Organization",,,0.0,16.0,,,,Yes,Yes,,,,,Yes,No,"grid
U-shaped",U-shaped,Yes,,Yes,,No,,,,,,Assoc w/ villa,Suburban,"Probably what Pleiades calls ""Cerro del Villar.""",265863.0,2,16,rectangle;square,opus signinum,True
3D6A7527-BD05-4DD7-80FD-F1183C1A67BD,05889D9A-5F55-4C84-AFC6-8B43E11BED33,Tour du Valat,,,Tour du Valat,Gallia Narbonensis,France,Provence-Alpes-Côte d'Azur,S France and NE Iberia,43.50295,4.66367,4,-50,-30.0,-1.0,1.0,2,"Also called ""Grand Parc."" This short-lived site was built in the early 1st century BCE, possibly as a sheepfold or shepherd's house. It was renovated several times, including with the installation of four vats in the third quarter of the century (Phase D). The site was abandoned in the last quarter of the century, around the time when land and production activities in the area were reorganized (see Motz 2012).",Fish-salting,Uncertain,,,,,,"Location (Resource Proximity)
Equipment Morphology
Equipment Construction","Botte (2009, 40) rightly points out that the facility was identified partly through process of elimination, which does not make for the most secure interpretation.",,4.0,0.0,,,,No,Yes,,,,,Yes,No,scattered,scattered,,,Yes,,No,,,,,,Assoc w/ other,Rural,,,4,4,rectangle;square,opus signinum,True
B0AD2F6D-C3BF-4965-9B39-91A52D59FA42,FB546CD3-7902-4DF3-8044-3082C98D560F,Tróia,Workshop 1,,Tróia,Lusitania,Portugal,Alentejo,Lisbon,38.48616,-8.88488,22,1,300.0,,1.0,4,"The facility has a moderately complex chronology. The first iteration of the workshop with vats 1–19 was built in the 1st—2nd centuries CE (Vaz Pinto et al. 2011). At this time, Workshops 1 and 2 were a single factory with two production units connected by a corridor. The well north of the workshop was built in the 2nd century CE (Vaz Pinto et al. 2010b). In the second phase (first quarter of the 3rd century—first half of the 4th century), the workshop was separated from Workshop 2, vats 31–33 were added, and it was subdivided into three parts: 1A, 1B and 1C (Vaz Pinto et al. 2014a). In the third phase (first half of the 4th century—second quarter of the 5th century CE; Vaz Pinto et al. 2012), workshop 1B was attached to workshop 2; in workshops 1A and 1C, vats 8–10, 12, and 17 were subdivided (Vaz Pinto et al. 2014a).",Fish-salting,Yes,tickets and hours: http://troiaresort.pt/en/ruinas-romanas/,"June 7, 2016 and June 21, 2017",256485.0,http://ramppa.uca.es/cetaria/troia-1,2.0,"Spatial Organization
Equipment Construction
Location (Resource Proximity)
Equipment Morphology
Ecofacts",Fish remains were found in some vats. Étienne et al. (1994) classified it as definitely a fish-salting workshop.,Yes,0.0,22.0,,,,Yes,Yes,,,,,Yes,No,rectangle,rectangle,Yes,,Yes,"includes a number of cuvets, possibly from phase 2",No,,,,,,Assoc w/ other,Settlement,,256485.0,3,22,rectangle;square,crushed stone and mortar,True
EB76CE2F-F0CD-45C9-AC2F-F391AC85CC25,FB546CD3-7902-4DF3-8044-3082C98D560F,Tróia,Workshop 10,,Tróia,Lusitania,Portugal,Alentejo,Lisbon,38.4869,-8.88493,7,1,200.0,2.0,1.0,4,There is no datable material but a chronology has been proposed based on comparison to other workshops at Tróia that were built in the 1st century CE (Vaz Pinto et al. 2011; 2014a).,Fish-salting,No,Inês said workshops 7–10 have been covered with sand,,256485.0,http://ramppa.uca.es/cetaria/troia-10,2.0,"Location (Resource Proximity)
Equipment Morphology
Equipment Construction
Spatial Organization",,,0.0,7.0,,,,Yes,Yes,,,,,Yes,No,L-shaped,L-shaped,,,Yes,,No,,,,,,Just WS,Settlement,,256485.0,2,7,rectangle;square,crushed stone and mortar,True
64B0DA8B-C351-44AF-BD75-2D5F7067635B,FB546CD3-7902-4DF3-8044-3082C98D560F,Tróia,Workshop 11,,Tróia,Lusitania,Portugal,Alentejo,Lisbon,38.48673,-8.88445,3,301,500.0,5.0,0.0,4,There is no datable material but a late date was proposed because the workshop sits on a high dune that accumulated behind the 3rd century CE mausoleum (Vaz Pinto et al. 2011; 2014a).,Fish-salting,Yes,,,256485.0,http://ramppa.uca.es/cetaria/troia-11,2.0,"Location (Resource Proximity)
Equipment Morphology
Equipment Construction
Spatial Organization",,,0.0,3.0,,,,Yes,No,,,,,Cannot,Cannot,line,line,,,Cannot,,No,,,,,,Just WS,Settlement,,256485.0,1,3,rectangle,unknown,True
3D15279B-7FD9-4D7E-9CB9-C8AC3E0400AE,FB546CD3-7902-4DF3-8044-3082C98D560F,Tróia,Workshop 12,,Tróia,Lusitania,Portugal,Alentejo,Lisbon,38.47726,-8.8743,12,26,50.0,1.0,1.0,4,Vaz Pinto et al. (2014c) argue that Workshops 12 and 13 are just one workshop with two production units. The workshop is one of the few at Tróia that can be securely dated (see Vaz Pinto et al. 2014c).,Fish-salting,Yes,,"June 22, 2017",256485.0,http://ramppa.uca.es/cetaria/troia-12,2.0,"Location (Resource Proximity)
Equipment Morphology
Equipment Construction
Spatial Organization",,,0.0,12.0,,,,Yes,Yes,,,,,Yes,No,U-shaped,U-shaped,,,Yes,,No,,,,,,Just WS,Settlement,,256485.0,4,12,rectangle;rectangular (?);square,crushed stone and mortar,True
8D91D4D2-1A23-45A9-89CA-5C1A0B89F670,FB546CD3-7902-4DF3-8044-3082C98D560F,Tróia,Workshop 13,,Tróia,Lusitania,Portugal,Alentejo,Lisbon,38.47749,-8.87447,7,26,50.0,1.0,1.0,4,Vaz Pinto et al. (2014c) argue that workshops 12 and 13 are just one workshop with two production units. The workshop cannot be dated directly but its chronology was likely the same as that of Workshop 12.,Fish-salting,Yes,,"June 22, 2017",256485.0,http://ramppa.uca.es/cetaria/troia-13,2.0,"Equipment Morphology
Location (Resource Proximity)
Equipment Construction
Spatial Organization",,,0.0,7.0,,,,Yes,Yes,,,,,Yes,No,line,line,,,Cannot,,No,,,,,,Just WS,Settlement,,256485.0,2,7,rectangular (?),crushed stone and mortar,True
2C20D61B-DDF9-4F7B-91B0-06129B79E40A,FB546CD3-7902-4DF3-8044-3082C98D560F,Tróia,Workshop 14,,Tróia,Lusitania,Portugal,Alentejo,Lisbon,38.48632,-8.88318,2,301,500.0,5.0,0.0,4,"There is no datable material but a late date was proposed because the workshop sits on a high dune like Workshop 11, which postdates the 3rd century CE mausoleum (Vaz Pinto et al. 2011; 2014a).",Fish-salting,Yes,Not visited in 2017 because it was within the fence and there wasn't time to go back into the site.,,256485.0,http://ramppa.uca.es/cetaria/troia-14,2.0,"Location (Resource Proximity)
Equipment Morphology
Equipment Construction",,,0.0,2.0,,,,Yes,No,,,,,Cannot,Cannot,joined,joined,,,Cannot,,No,,,,,,Cannot,Settlement,,256485.0,1,2,rectangular (?),unknown,True
155E8910-8DC0-47C7-9FA5-F9734A5F4EDA,FB546CD3-7902-4DF3-8044-3082C98D560F,Tróia,Workshop 15,,Tróia,Lusitania,Portugal,Alentejo,Lisbon,38.48587,-8.88203,3,1,200.0,2.0,1.0,4,Vat 1 was subdivided at an unknown date. The two additional vats attested on the plan were not visible when I visited. There is no datable material but a chronology has been proposed based on comparison to other workshops at Tróia that were built in the 1st century CE (Vaz Pinto et al. 2011; 2014a).,Fish-salting,Yes,,"June 22, 2017",256485.0,http://ramppa.uca.es/cetaria/troia-15,2.0,"Location (Resource Proximity)
Equipment Morphology
Equipment Construction
Spatial Organization",,,1.0,2.0,,,,Cannot,Cannot,,,,,Yes,No,parallel,parallel,,,Yes,,No,,,,,,Cannot,Settlement,,256485.0,1,1,rectangular (?),crushed stone and mortar,True
2B311884-4AAA-4E9D-9D37-E97ED78025FC,FB546CD3-7902-4DF3-8044-3082C98D560F,Tróia,Workshop 16,,Tróia,Lusitania,Portugal,Alentejo,Lisbon,38.48556,-8.88203,1,301,500.0,5.0,0.0,4,"There is no datable material but a late date was proposed because the workshop sits on a high dune like Workshop 11, which postdates the 3rd century CE mausoleum (Vaz Pinto et al. 2011; 2014a).",Fish-salting,Uncertain,Not visited in 2017 because it was difficult to find and seemed to be on a precarious area of dunes.,,256485.0,http://ramppa.uca.es/cetaria/troia-16,2.0,"Equipment Morphology
Location (Resource Proximity)
Equipment Construction",,,1.0,0.0,,,,Cannot,Cannot,,,,,Cannot,Cannot,,,,,Cannot,,No,,,,,,Cannot,Settlement,,256485.0,1,1,rectangular (?),unknown,True
404E70D0-95E5-4F03-95D1-32DFFC6CDD59,FB546CD3-7902-4DF3-8044-3082C98D560F,Tróia,Workshop 17,,Tróia,Lusitania,Portugal,Alentejo,Lisbon,38.48524,-8.88084,6,1,200.0,2.0,1.0,4,There is no datable material but a chronology has been proposed based on comparison to other workshops at Tróia that were built in the 1st century CE (Vaz Pinto et al. 2011; 2014a).,Fish-salting,Yes,,"June 22, 2017",256485.0,http://ramppa.uca.es/cetaria/troia-17,2.0,"Location (Resource Proximity)
Equipment Morphology
Equipment Construction
Spatial Organization",,,0.0,6.0,,,,Yes,No,,,,,Yes,No,parallel,parallel,,,Yes,,No,,,,,,Cannot,Settlement,,256485.0,3,6,rectangular (?);square,crushed stone and mortar,True
172DBDBC-2E62-4519-8601-DCCD5701616C,FB546CD3-7902-4DF3-8044-3082C98D560F,Tróia,Workshop 18,,Tróia,Lusitania,Portugal,Alentejo,Lisbon,38.48497,-8.88039,2,1,100.0,1.0,1.0,4,"There is no datable material but a chronology has been proposed based on comparison to other workshops at Tróia that use opus vittatum, built in the 1st century CE (Vaz Pinto et al. 2011; 2014a).",Fish-salting,Yes,,"June 22, 2017",256485.0,http://ramppa.uca.es/cetaria/troia-18,2.0,"Location (Resource Proximity)
Equipment Morphology
Equipment Construction",,,0.0,2.0,,,,Yes,No,,,,,Cannot,Cannot,joined,joined,,,Cannot,,No,,,,,,Cannot,Settlement,,256485.0,1,2,rectangle,"crushed stone and mortar
opus signinum",True
08AB8CE5-0FE2-41FE-B931-1A9412B677E0,FB546CD3-7902-4DF3-8044-3082C98D560F,Tróia,Workshop 19,,Tróia,Lusitania,Portugal,Alentejo,Lisbon,38.48472,-8.87986,2,1,200.0,2.0,1.0,4,There is no datable material but a chronology has been proposed based on comparison to other workshops at Tróia that were built in the 1st century CE (Vaz Pinto et al. 2011; 2014a).,Fish-salting,Yes,,"June 22, 2017",256485.0,http://ramppa.uca.es/cetaria/troia-19,2.0,"Location (Resource Proximity)
Equipment Morphology
Equipment Construction
Spatial Organization",,,2.0,0.0,,,,Cannot,Cannot,,,,,Yes,No,parallel,parallel,,,Yes,,No,,,,,,Cannot,Settlement,,256485.0,2,2,rectangular (?);square,crushed stone and mortar,True
22F549C9-6FB4-4391-8737-F66CC263D7DB,FB546CD3-7902-4DF3-8044-3082C98D560F,Tróia,Workshop 2,,Tróia,Lusitania,Portugal,Alentejo,Lisbon,38.48639,-8.88467,30,1,50.0,1.0,1.0,4,"Feature 17 is a corridor, not a vat. The workshop was built in the first half of the 1st century—second half of the 2nd century CE (Vaz Pinto et al. 2011). At this time, Workshops 1 and 2 were a single factory with two production units connected by a corridor. In this phase Workshop 2 contained 30 vats (Vaz Pinto et al. 2014a); Étienne et al. (1994) believed that vats 6, 7, 10, 11, and 16 were subdivided after their initial construction but Vaz Pinto et al. feel that the divisions were original. In the second phase (sometime between the first half of the 3rd century and the second quarter of the 5th century CE), the workshop was separated from Workshop 1 and it was divided into 2A and 2B (Vaz Pinto et al. 2014a). Six vats were filled and covered during this phase. In the third phase (sometime before the third quarter of the 5th century CE), workshop 1B was attached to workshop 2A (Vaz Pinto et al. 2014a).",Fish-salting,Yes,,"June 7, 2016 and June 21, 2017",256485.0,http://ramppa.uca.es/cetaria/troia-2,2.0,"Equipment Morphology
Equipment Construction
Location (Resource Proximity)
Spatial Organization
Ecofacts",Fish remains were found in some vats. Étienne et al. (1994) classified it as definitely a fish-salting workshop.,,0.0,30.0,,,,Yes,Yes,,,,,Yes,No,rectangle,rectangle,Yes,,Yes,includes several cuvets,No,,,,,,Just WS,Settlement,,256485.0,2,30,rectangle;square,crushed stone and mortar,True
5C09C141-094F-495E-8927-07E548A3B243,FB546CD3-7902-4DF3-8044-3082C98D560F,Tróia,Workshop 20,,Tróia,Lusitania,Portugal,Alentejo,Lisbon,38.48387,-8.8789,2,1,200.0,2.0,1.0,4,This workshop is poorly preserved but it may have had two parallel sets of vats or a U-shape. There is no datable material but a chronology has been proposed based on comparison to other workshops at Tróia that were built in the 1st century CE (Vaz Pinto et al. 2011; 2014a).,Fish-salting,Yes,Barely visible,"June 7, 2016",256485.0,http://ramppa.uca.es/cetaria/troia-20,2.0,"Equipment Morphology
Equipment Construction
Location (Resource Proximity)",,,0.0,2.0,,,,Yes,No,,,,,Cannot,Cannot,parallel,parallel,,,Cannot,,No,,,,,,Just WS,Settlement,,256485.0,1,2,rectangle,opus signinum,True
539546B8-3ABD-4776-A840-43D94AC945AD,FB546CD3-7902-4DF3-8044-3082C98D560F,Tróia,Workshop 21,,Tróia,Lusitania,Portugal,Alentejo,Lisbon,38.48324,-8.87888,2,1,200.0,2.0,1.0,4,"Workshop 21 abuts the north side of Workshop 22. The walls preserve cavities for roof beams and a window, providing evidence of a second floor. Several tanks are known to exist but are only barely visible; the excavators suggest that the workshop was U-shaped or square. It was divided in two at an unknown date. There is no datable material but a chronology has been proposed based on comparison to other workshops at Tróia that were built in the 1st century CE (Vaz Pinto et al. 2011; 2014a).",Fish-salting,Yes,,"June 7, 2016",256485.0,http://ramppa.uca.es/cetaria/troia-21,2.0,"Location (Resource Proximity)
Equipment Morphology
Equipment Construction",,,0.0,2.0,,,,Cannot,Yes,,,,,Yes,No,parallel,parallel,,,Yes,,No,,,,,,Just WS,Settlement,,256485.0,1,2,rectangle,crushed stone and mortar,True
B31AA33A-CB3E-4AE0-91B3-5AAF5546B21F,FB546CD3-7902-4DF3-8044-3082C98D560F,Tróia,Workshop 22,,Tróia,Lusitania,Portugal,Alentejo,Lisbon,38.48307,-8.8788,7,1,200.0,2.0,1.0,4,The workshop abuts the south side of workshop 21. There is no datable material but a chronology has been proposed based on comparison to other workshops at Tróia built in the 1st century CE (Vaz Pinto et al. 2011; 2014a).,Fish-salting,Yes,,"June 7, 2016",256485.0,http://ramppa.uca.es/cetaria/troia-22,2.0,"Location (Resource Proximity)
Equipment Morphology
Spatial Organization
Equipment Construction",,,0.0,7.0,,,,Yes,Yes,,,,,Yes,No,U-shaped,U-shaped,,,Yes,,No,,,,,,Just WS,Settlement,,256485.0,3,7,rectangle;rectangular (?);square,crushed stone and mortar,True
AC653D96-2F34-4E0C-85E3-A6E3D42ADCA0,FB546CD3-7902-4DF3-8044-3082C98D560F,Tróia,Workshop 23,,Tróia,Lusitania,Portugal,Alentejo,Lisbon,38.48274,-8.87875,10,1,200.0,2.0,1.0,4,There is no datable material but a chronology has been proposed based on comparison to other workshops at Tróia that were built in the 1st century CE (Vaz Pinto et al. 2011; 2014a).,Fish-salting,Yes,,"June 7, 2016 and June 22, 2017",256485.0,http://ramppa.uca.es/cetaria/troia-23,2.0,"Location (Resource Proximity)
Equipment Morphology
Spatial Organization
Equipment Construction
Ecofacts",Fish remains were found; excavation is ongoing so the results have not yet been published fully.,,0.0,10.0,,,,Yes,Yes,,,,,Yes,No,rectangle,rectangle,Yes,,Yes,,No,,,,,,Just WS,Settlement,,256485.0,2,10,rectangle;square,crushed stone and mortar,True
D307F689-8615-4FDD-8396-295772423178,FB546CD3-7902-4DF3-8044-3082C98D560F,Tróia,Workshop 24,,Tróia,Lusitania,Portugal,Alentejo,Lisbon,38.48294,-8.87865,3,1,200.0,2.0,1.0,4,There is no datable material but a chronology has been proposed based on comparison to other workshops at Tróia that were built in the 1st century CE (Vaz Pinto et al. 2011; 2014a).,Fish-salting,Uncertain,I think it is almost totally destroyed now.,"June 7, 2016",256485.0,http://ramppa.uca.es/cetaria/troia-24,2.0,"Location (Resource Proximity)
Equipment Morphology
Spatial Organization
Equipment Construction",,,0.0,3.0,,,,Yes,Cannot,,,,,Cannot,Cannot,grid,grid,,,Cannot,,No,,,,,,Cannot,Settlement,,256485.0,2,3,rectangular (?);square,unknown,True
F4543219-4128-47B8-8C6D-C0FD3033BA14,FB546CD3-7902-4DF3-8044-3082C98D560F,Tróia,Workshop 25,,Tróia,Lusitania,Portugal,Alentejo,Lisbon,38.47312,-8.87063,1,1,200.0,2.0,1.0,4,There is no datable material but a chronology has been proposed based on comparison to other workshops at Tróia that were built in the 1st century CE (Vaz Pinto et al. 2011; 2014a).,Fish-salting,Yes,"On the side of a military installation, not easy to get to",,256485.0,http://ramppa.uca.es/cetaria/troia-25,2.0,"Location (Resource Proximity)
Equipment Morphology
Spatial Organization
Equipment Construction",,,1.0,0.0,,,,Cannot,Cannot,,,,,Yes,No,,,,,Yes,,No,,,,,,Cannot,Settlement,,256485.0,1,1,rectangular (?),unknown,True
0C577408-EB8E-45C0-BF6B-8F03E9A7CE9E,FB546CD3-7902-4DF3-8044-3082C98D560F,Tróia,Workshop 3,,Tróia,Lusitania,Portugal,Alentejo,Lisbon,38.48694,-8.88623,9,1,200.0,2.0,1.0,4,"No material available for dating. The chronology has been proposed based on the dating of other workshops at Tróia with similar construction and at similar levels, such as Workshop 6 (Vaz Pinto et al. 2011; 2014a).",Fish-salting,Yes,,"June 7, 2016",256485.0,http://ramppa.uca.es/cetaria/troia-3,2.0,"Location (Resource Proximity)
Equipment Morphology
Equipment Construction
Spatial Organization",Étienne et al. (1994) classified it as definitely a fish-salting workshop.,,0.0,9.0,,,,Yes,Yes,,,,,Yes,No,U-shaped,U-shaped,Yes,,Yes,includes two cuvets,No,,,,,,Just WS,Settlement,,256485.0,1,9,rectangle,crushed stone and mortar,True
6E3B83B5-86D8-41BC-AACA-316A4BD24F0A,FB546CD3-7902-4DF3-8044-3082C98D560F,Tróia,Workshop 4,,Tróia,Lusitania,Portugal,Alentejo,Lisbon,38.4864,-8.88555,12,1,100.0,1.0,1.0,4,"The workshop likely formed a rectangle of vats surrounding a courtyard; the late walls visible in the North probably sit atop an unexcavated northeastern line of vats. The only datable material is from the workshop's abandonment between the middle of the 4th century and the middle of the 5th century CE. Vaz Pinto et al. (2011; 2014a) proposed that the workshop was built at the same time as the other major workshops at Tróia, in the 1st century CE.",Fish-salting,Yes,,"June 7, 2016",256485.0,http://ramppa.uca.es/cetaria/troia-4,2.0,"Location (Resource Proximity)
Equipment Morphology
Equipment Construction
Spatial Organization
Ecofacts",Fish remains were found in two vats in 2005 and 2014 but have not yet been studied.,,0.0,12.0,,,,Yes,Yes,,,,,Yes,No,rectangle,rectangle,Yes,,Yes,,No,,,,,,Just WS,Settlement,,256485.0,3,12,rectangle;square,type unknown;unknown,True
6DA43AA1-D0F2-485D-8B18-AA97E3615645,FB546CD3-7902-4DF3-8044-3082C98D560F,Tróia,Workshop 5,,Tróia,Lusitania,Portugal,Alentejo,Lisbon,38.48682,-8.88628,9,1,200.0,2.0,1.0,4,Vat 5 was subdivided at an unknown date. The workshop originally was U-shaped but the southwest end was destroyed by the construction of a modern building. There is no datable material but a chronology has been proposed based on comparison to other workshops at Tróia that were built in the 1st century CE (Vaz Pinto et al. 2011; 2014a).,Fish-salting,Yes,,"June 7, 2016",256485.0,http://ramppa.uca.es/cetaria/troia-5,2.0,"Location (Resource Proximity)
Equipment Morphology
Equipment Construction
Spatial Organization",,,0.0,9.0,,,,Yes,Yes,,,,,Yes,No,U-shaped,U-shaped,Yes,,Yes,,No,,,,,,Just WS,Settlement,,256485.0,1,9,rectangle,type unknown,True
B2C66101-7DFD-46ED-B3AE-4E21213A7DDB,FB546CD3-7902-4DF3-8044-3082C98D560F,Tróia,Workshop 6,,Tróia,Lusitania,Portugal,Alentejo,Lisbon,38.48696,-8.88606,11,1,100.0,1.0,1.0,4,Vat 4 was subdivided at an unknown date. The southwest end of the workshop was partly destroyed by the construction of the paleochristian basilica; only the outlines of some vats are visible. The only datable material is from the abandonment of the workshop in the first half of the 4th century CE. A construction date in the 1st century CE has been proposed based on comparison to other workshops at Tróia (Vaz Pinto et al. 2011; 2014a).,Fish-salting,Yes,,"June 7, 2016",256485.0,http://ramppa.uca.es/cetaria/troia-6,2.0,"Location (Resource Proximity)
Equipment Morphology
Equipment Construction
Spatial Organization
Ecofacts",Fish remains were found in one of the vats.,,0.0,11.0,,,,Yes,Yes,,,,,Yes,No,U-shaped,U-shaped,Yes,,Yes,,No,,,,,,Just WS,Settlement,,256485.0,4,11,rectangle;square,type unknown;unknown,True
85D4EDDF-8DEE-4398-BE44-425BEB786D49,FB546CD3-7902-4DF3-8044-3082C98D560F,Tróia,Workshop 7,,Tróia,Lusitania,Portugal,Alentejo,Lisbon,38.48707,-8.88578,8,1,200.0,2.0,1.0,4,"A ninth vat is suggested on the plan, which would begin another line of vats in an L, U, or rectangular shape. There is no datable material but a chronology has been proposed based on comparison to other workshops at Tróia that were built in the 1st century CE (Vaz Pinto et al. 2011; 2014a).",Fish-salting,No,Inês said workshops 7–10 have been covered with sand,,256485.0,http://ramppa.uca.es/cetaria/troia-7,2.0,"Location (Resource Proximity)
Equipment Morphology
Equipment Construction
Spatial Organization",,,0.0,8.0,,,,Yes,Yes,,,,,Yes,No,L-shaped,L-shaped,,,Yes,four pillars suggest a courtyard to the south,No,,,,,,Cannot,Settlement,,256485.0,1,8,rectangle,unknown,True
9DD2B338-6A96-4308-90E5-BD3BEBE0204A,FB546CD3-7902-4DF3-8044-3082C98D560F,Tróia,Workshop 8,,Tróia,Lusitania,Portugal,Alentejo,Lisbon,38.48701,-8.88539,8,1,200.0,2.0,1.0,4,There is no datable material but a chronology has been proposed based on comparison to other workshops at Tróia that were built in the 1st century CE (Vaz Pinto et al. 2011; 2014a).,Fish-salting,No,Inês said workshops 7–10 have been covered with sand,,256485.0,http://ramppa.uca.es/cetaria/troia-8,2.0,"Location (Resource Proximity)
Equipment Morphology
Equipment Construction
Spatial Organization",,,0.0,8.0,,,,Yes,Yes,,,,,Cannot,Cannot,"grid
unknown",grid,,,Cannot,,No,,,,,,Cannot,Settlement,,256485.0,2,8,rectangle;rectangular (?),crushed stone and mortar;unknown,True
F35B9E83-DF61-4E20-B140-10C79663D94F,FB546CD3-7902-4DF3-8044-3082C98D560F,Tróia,Workshop 9,,Tróia,Lusitania,Portugal,Alentejo,Lisbon,38.48697,-8.88524,3,1,200.0,2.0,1.0,4,There is no datable material but a chronology has been proposed based on comparison to other workshops at Tróia that were built in the 1st century CE (Vaz Pinto et al. 2011; 2014a).,Fish-salting,No,Inês said workshops 7–10 have been covered with sand,,256485.0,http://ramppa.uca.es/cetaria/troia-9,2.0,"Location (Resource Proximity)
Equipment Morphology
Equipment Construction
Spatial Organization",,,0.0,2.0,,,,Cannot,Cannot,,,,,Cannot,Cannot,U-shaped,U-shaped,,,Yes,probable courtyard area in the north,No,,,,,,Cannot,Settlement,,256485.0,1,3,rectangle,crushed stone and mortar,True
5988E7A6-443A-4E07-930E-DFD4D4DD9CC4,4D0720C2-025E-4198-8547-BD85C7EC8423,Tyritake,Workshop 1,Tyritake,,Regnum Bospori,Crimea,,Crimea,45.27602,36.40677,6,1,100.0,1.0,1.0,3,Located in excavation area XIII. Gajdukevič (1940; 1971) calls it workshop A; Zinko (2006) calls it workshop 5.,Fish-salting,Uncertain,,,854745.0,,,"Location (Resource Proximity)
Spatial Organization
Equipment Morphology
Equipment Construction",,,0.0,6.0,,,,Yes,No,,,,,Cannot,Cannot,grid,grid,Yes,,Yes,,No,,,,,,Assoc w/ other,Urban,,854745.0,1,6,square,type unknown,True
45AC3E28-E63A-4186-B161-C9E991EC4E05,4D0720C2-025E-4198-8547-BD85C7EC8423,Tyritake,Workshop 2,Tyritake,,Regnum Bospori,Crimea,,Crimea,45.27602,36.40677,5,1,100.0,1.0,1.0,3,Located in excavation area XIII. Gajdukevič (1940; 1971) calls it workshop B.,Fish-salting,Uncertain,,,854745.0,,,"Ecofacts
Location (Resource Proximity)
Spatial Organization
Equipment Morphology
Equipment Construction",Fish remains were found in some vats.,,1.0,4.0,,,,Yes,Yes,,,,,Cannot,Cannot,"grid
scattered",grid,Yes,,Yes,,No,,,,,,Just WS,Urban,,854745.0,2,5,rectangle,type unknown,True
A43F9DDD-31C6-4915-8A2B-49D2588B1662,4D0720C2-025E-4198-8547-BD85C7EC8423,Tyritake,Workshop 3,Tyritake,,Regnum Bospori,Crimea,,Crimea,45.27602,36.40677,6,1,100.0,1.0,1.0,3,Located in excavation area XIII. Gajdukevič (1940; 1971) calls it workshop C; Zinko (2006) calls it workshop 7.,Fish-salting,Uncertain,,,854745.0,,,"Artifacts
Spatial Organization
Equipment Morphology
Equipment Construction
Location (Resource Proximity)","Fishing net weights were found nearby (see Højte 2005, fig. 8c).",,2.0,4.0,,,,Yes,Yes,,,,,Yes,No,grid,grid,Yes,,Yes,,No,,,,,,Just WS,Urban,,854745.0,1,6,rectangle,type unknown,True
DEC86F2E-F6A8-44BA-ACD7-8F9C2E259955,4D0720C2-025E-4198-8547-BD85C7EC8423,Tyritake,Workshop 4,Tyritake,,Regnum Bospori,Crimea,,Crimea,45.27602,36.40677,4,1,100.0,1.0,1.0,3,Located in excavation area XIII. Gajdukevič (1940; 1971) calls it workshop D; Zinko (2006) calls it workshop 6.,Fish-salting,Uncertain,,,854745.0,,,"Location (Resource Proximity)
Equipment Morphology
Spatial Organization
Equipment Construction",,,0.0,4.0,,,,Yes,Yes,,,,,Yes,No,line,line,Yes,,Yes,,No,,,,,,Just WS,Urban,,854745.0,2,4,irregular;rectangle,type unknown,True
D56BDD92-BCE1-421C-B77A-446DA5E1FEA4,4D0720C2-025E-4198-8547-BD85C7EC8423,Tyritake,Workshop 6,Tyritake,,Regnum Bospori,Crimea,,Crimea,45.27519,36.40634,13,1,100.0,1.0,1.0,4,Located in excavation area I. Zinko (2006) calls it workshop 1.,Fish-salting,No,Reburied.,,854745.0,,,"Location (Resource Proximity)
Spatial Organization
Equipment Morphology
Ecofacts
Equipment Construction
Artifacts",Some fish remains and fishing equipment were found in the vats.,,0.0,13.0,,,,Yes,No,,,,,Yes,No,grid,grid,,,Cannot,,No,,,,,,Cannot,Urban,,854745.0,2,13,rectangle;rectangular (?),opus signinum,True
C4E34AC1-A10D-4FD6-B52D-D28B051C516C,4D0720C2-025E-4198-8547-BD85C7EC8423,Tyritake,Workshop 7,Tyritake,,Regnum Bospori,Crimea,,Crimea,45.27583,36.40634,5,1,100.0,1.0,1.0,4,Located in excavation area V. Zinko (2006) calls it workshop 2.,Fish-salting,Uncertain,,,854745.0,,,"Ecofacts
Location (Resource Proximity)
Spatial Organization
Equipment Construction
Equipment Morphology",Fish and animal bones were found in the vats.,,1.0,4.0,,,,Yes,Yes,,,,,Cannot,Cannot,grid,grid,Yes,,Cannot,,No,,,,,,Just WS,Urban,,854745.0,2,5,irregular;rectangle,type unknown,True
DBC0A0A0-5095-4BE5-9B8D-676EE9313144,4D0720C2-025E-4198-8547-BD85C7EC8423,Tyritake,Workshop 9,Tyritake,,Regnum Bospori,Crimea,,Crimea,45.27627,36.40727,6,1,100.0,1.0,1.0,3,Located in excavation area X. Zinko (2006) calls it workshop 4.,Fish-salting,Uncertain,,,854745.0,,,"Location (Resource Proximity)
Equipment Morphology
Spatial Organization
Equipment Construction",,,0.0,6.0,,,,Yes,No,,,,,Cannot,Cannot,grid,grid,Yes,,Cannot,,No,,,,,,Cannot,Urban,,854745.0,1,6,rectangle,type unknown,True
1BD7CBAA-1389-4401-A6FA-C687DD6C0E3B,81F8D905-D1E5-4AF3-8333-A3404E2992AB,Vau,,,Vau,Lusitania,Portugal,Algarve,Southern Portugal,37.13114,-8.60433,15,,,,,4,"Also called ""Quinta da Rocha.""",Fish-salting,No,Destroyed by the river,,,http://ramppa.uca.es/cetaria/praia-do-vau,5925.0,"Equipment Morphology
Equipment Construction
Spatial Organization
Location (Resource Proximity)
Ecofacts",Abundant fish remains were found in some vats. Étienne et al. (1994) classified it as definitely a fish-salting workshop.,,0.0,15.0,,,,Yes,Yes,,,,,Cannot,Cannot,grid,grid,,,Cannot,,No,,,,,,Cannot,Rural,,,2,15,rectangle;rectangular (?),opus signinum,False
10DD75A8-9453-4E80-9D31-7D3744B9A0E1,43B60868-E6F8-437D-809F-FECFEF2C4117,Vendicari,,,Vendicari,Sicilia,Italy,Sicily,Eastern Sicily,36.80247,15.10081,25,-350,100.0,,1.0,3,"The only datable material comes from the filling of the vats (Basile 1992, 67). Botte (2009, 85; 2016, 240, 245) argues that all of the circular vats and perhaps rectangular vats 1–4 were built in the second half of the 4th century BCE, while the remaining rectangular vats were built in the Augustan period or the 1st century CE. This dating is based almost entirely on form.",Fish-salting,Yes,,,,http://ramppa.uca.es/cetaria/vendicari,,"Equipment Morphology
Location (Resource Proximity)
Equipment Construction
Spatial Organization","Some charred fish remains were found in a nearby drain, but their association with the vats is tenuous at best.",Yes,23.0,2.0,,,,Yes,Yes,,,,,Cannot,Cannot,"scattered
L-shaped
grid",L-shaped,,,Cannot,,No,,,,,,Cannot,Rural,,,7,25,circle;irregular;rectangle,opus signinum,True
6F312E9C-05D5-4EE8-A5FF-667AE23CD222,F3BAEAD9-B01C-4B90-BFB3-7764C14B8279,Vigo,Praza de Compostela 2–3,,Vigo,Hispania Tarraconensis,Spain,Galicia,Northwestern Iberia,42.23868,-8.72377,11,,,,,4,The three eastern vats seem to be separated from the others by an open space with a drain running through it. It is unclear whether the vats are part of one workshop or two. It is also unclear whether the ceramic material recovered from the site and dated to the 3rd–5th centuries CE was associated with the construction or abandonment of the vats.,Fish-salting,Uncertain,,,,http://ramppa.uca.es/cetaria/vigo-23,,"Location (Resource Proximity)
Equipment Morphology
Equipment Construction
Spatial Organization",,,0.0,11.0,,,,Cannot,Yes,,,,,Yes,No,"L-shaped
unknown",L-shaped,,,Cannot,,No,,,,,,Cannot,Settlement,,236716.0,2,11,rectangular (?);square,none survives;unknown,False
BCC8F3E6-90D9-4360-9D2E-886B337B97FA,F3BAEAD9-B01C-4B90-BFB3-7764C14B8279,Vigo,Rúa do Marqués de Valadares,,Vigo,Hispania Tarraconensis,Spain,Galicia,Northwestern Iberia,42.23843,-8.72105,5,126,150.0,2.0,1.0,4,Located at Rúa do Marqués de Valadares 43.,Fish-salting,Uncertain,,,,http://ramppa.uca.es/cetaria/vigo-1,,"Location (Resource Proximity)
Equipment Morphology
Equipment Construction
Spatial Organization
Ecofacts",Abundant fish remains were found in the vats but they have not yet been studied.,,0.0,5.0,,,,Yes,Yes,,,,,Yes,No,L-shaped,L-shaped,,,Yes,,No,,,,,,Cannot,Settlement,,236716.0,3,5,rectangle;rectangular (?);square,"crushed stone and mortar
opus signinum;opus signinum
crushed stone and mortar",True
FB0FDC3D-5ADA-436E-BE30-A6E5A5114E04,20637F47-54B9-46C0-BC8F-1E288BB9D057,Zolotoe,,,Zolotoe,Regnum Bospori,Crimea,,Crimea,45.4322,36.07094,4,101,200.0,2.0,1.0,4,Two pithoi were located 3 m north of the vats.,Fish-salting,Uncertain,,,854752.0,,,"Location (Resource Proximity)
Equipment Morphology
Equipment Construction
Spatial Organization
Ecofacts
Artifacts","Fish remains and fishing equipment were found in associated contexts, including in a nearby pithos.",,0.0,4.0,,,,Yes,No,,,,,Yes,No,grid,grid,,,Cannot,,No,,,,,,Cannot,Unknown,"Also transliterated as ""Zolote"" and ""Zolotoye.""",854752.0,2,4,rectangle;rectangular (?),type unknown,True
75A0953C-A168-4E69-B4D7-0142D18B2E6F,ABE795ED-448F-4EE2-B3E1-ADC1E140D991,Zouchis (Henchir Mdeina),,Zouchis,Henchir Mdeina,Africa Proconsularis,Tunisia,,North-central Africa,33.18,11.437,3,,,,,2,Many more vats have been reported but have not been documented fully.,Fish-salting,Yes,"US State Department Travel Warning for the area (Sept 29, 2016): https://travel.state.gov/content/passports/en/alertswarnings/tunisia-travel-warning1.html",,,,,"Location (Resource Proximity)
Equipment Construction
Equipment Morphology
Spatial Organization","I have reservations about the identification of the three documented vats, but not enough to omit them from the data set.",,1.0,2.0,,,,Yes,Yes,,,,,Yes,No,unknown,unknown,,,Cannot,,No,,,,,,Assoc w/ villa,Suburban,"In antiquity the settlement also was called Taricheiai, reflecting a link to fish salting.",344500.0,2,3,rectangle,ash mortar;unknown,False
