oxrep_site_id,name,mining_area,country,province,start_after,start_before,end_after,end_before,gold,silver,lead,copper,iron,latitude,longitude,metals_text,mining_techniques,summary,bibliography,n_associated_structures,associated_structures,n_objects,record_url,page_scraped,coord_flag,metals,dated,active_AD200_certain,active_AD200_plausible
1957,Abundancia,Abundancia,Spain,Hispania Baetica,,,,,False,False,False,True,False,38.381987,-6.640711,Copper,,,Domergue 1990: 44-48 .,0,,0,https://oxrep.classics.ox.ac.uk/databases/mines_database/records/1957/,True,,copper,False,,
2058,Almaşu Mare,Alba County,Romania,Dacia,106.0,271.0,106.0,271.0,True,False,False,False,False,46.110667,23.116399,Gold,Underground Mining,There are three gold veins on this plateau which have archaeological evidence dating to the Roman period. Galleries were found in the 1893.,Simion 2004: 132 .,1,Gallery,0,https://oxrep.classics.ox.ac.uk/databases/mines_database/records/2058/,True,,gold,True,0.0,1.0
2068,Scărişoara,Alba County,Romania,Dacia,106.0,,,271.0,True,False,False,False,False,46.466667,22.85,Gold,,Possible gold washing dating to the Roman period took place here.,Simion 2004: 140 .,0,,0,https://oxrep.classics.ox.ac.uk/databases/mines_database/records/2068/,True,,gold,True,1.0,1.0
2076,Vidolm,Alba County,Romania,Dacia,106.0,,,271.0,True,False,False,False,False,46.480108,23.511795,Gold,,Gold washing occurred here with finds such as an axe (possibly Roman) and coins dating to the 2nd and 3rd centuries.,Simion 2004: 142 .,0,,0,https://oxrep.classics.ox.ac.uk/databases/mines_database/records/2076/,True,,gold,True,1.0,1.0
2081,Sălciua de Sus,Alba County,Romania,Dacia,106.0,271.0,106.0,271.0,True,False,False,False,False,46.39432,23.40113,Gold,,Placier mining took place on the river bank- coins found dating to the 2nd and 3rd century.,Simion 2004: 140 .,0,,0,https://oxrep.classics.ox.ac.uk/databases/mines_database/records/2081/,True,,gold,True,0.0,1.0
2084,Bucium,Alba County,Romania,Dacia,106.0,271.0,106.0,271.0,True,False,False,False,False,46.264,23.176,Gold,"Hushing , Underground Mining","A surface and underground gold mining site. On the surface hushing tanks were supplied by aqueducts leading to the Breaza Mountain. One working face, the Leruga, measures 20m wide and 30m deep. Another, the Maria Loretto, measures 30,000 m³ but it may have been exploited in multiple periods. Underground mining also took place with galleries measuring 2m x 1.5m complete with lamp niches. In 1929 pieces of a wooden water wheel were found. Nearby Roman settlement and graveyard have been identified. A particularly rich site for Roman artefacts including some epigraphy.",Simion 2004: 135 .,3,Gallery; Mine Shaft; Water-Lifting System,0,https://oxrep.classics.ox.ac.uk/databases/mines_database/records/2084/,True,,gold,True,0.0,1.0
2089,Valea Dosului,Alba County,Romania,Dacia,106.0,271.0,106.0,271.0,True,False,False,False,False,46.166667,23.166667,Gold,Underground Mining,Near the site of Ampelum. Underground mining located on the south eastern and north western slopes of Dumbrava hill.,Simion 2004: 142 .,0,,0,https://oxrep.classics.ox.ac.uk/databases/mines_database/records/2089/,True,,gold,True,0.0,1.0
2096,Bistra,Alba County,Romania,Dacia,106.0,271.0,106.0,271.0,True,False,False,False,False,46.378701,23.102108,Gold,,It was reported in the late 1800's that Roman structures existed and evidence for mining included tools. Gold washing was said to have taken place.,Simion 2004: 132 .,0,,0,https://oxrep.classics.ox.ac.uk/databases/mines_database/records/2096/,True,,gold,True,0.0,1.0
2098,Roşia Montană,Alba County,Romania,Dacia,106.0,271.0,106.0,271.0,True,False,False,False,False,46.3,23.133333,Gold,Underground Mining,"Large area of opencast (now largely destroyed) and undergound workings across 8 massifs in a richly mineralised ore body containing gold, silver and electrum. It seems that the ancient name of the main settlement was Alburnus Maior, with smaller settlements including a Vicus Pirustarum also attested. The mining works and the remains of buildings and cemeteries stretch over an area of 5.5 km² with of 7 km of Roman underground workings. The main extraction areas were at Găuri, Cetate, Cârnic, Cârnicel, Lety-Cos, Tarina and Orlea, with workings also at Jig-Vaidoia and Habad. Wooden writing tablets dating from between AD 131 and 167 have been found in several different mine galleries, probably hidden during the Marcomannic invasions of 167 which seem to have disrupted, though not entirely ended, Roman mining here. Brickstamps of Leg. XIII Gemina and dedications by beneficarii consulares attest some military administrative involvement, probably outposted from the administrative centre of the mining district located to the east at Apelum/Zlatna. Roman settlements surround the mining works at Tăul Ţapului, Hăbad-Brădoaia, and Hop-Botar, with cemeteries known at these sites and also at Părăul Porcului – Tăul Secuilor, Ţarina, and Tăul Cornei. Ore processing activity is attested at Ţarina and Jig-Vaidoia, but the associated settlements have not yet been found. Roman mining ended suddenly with the abadonment of Dacia in the reign of Aurelian.",Damian 2003 ; Domergue 2008 ; Hirt 2010: 41-44 .,12,Gallery; Gallery; Gallery; Gallery; Gallery; Gallery; Gallery; Gallery; Gallery; Gallery; Water-Lifting System; Water-Lifting System,0,https://oxrep.classics.ox.ac.uk/databases/mines_database/records/2098/,True,,gold,True,0.0,1.0
2100,Avram Iancu,Alba County,Romania,Dacia,106.0,271.0,106.0,271.0,True,False,False,False,False,46.345392,22.873996,Gold,,"Roman structures have been identified here as well as possible sites of ""gold washing.""",Simion 2004: 132 .,0,,0,https://oxrep.classics.ox.ac.uk/databases/mines_database/records/2100/,True,,gold,True,0.0,1.0
2103,Albac,Alba County,Romania,Dacia,106.0,271.0,106.0,271.0,True,False,False,False,False,46.453429,22.949816,Gold,,A site with traces of gold washing.,Simion 2004: 132 .,0,,0,https://oxrep.classics.ox.ac.uk/databases/mines_database/records/2103/,True,,gold,True,0.0,1.0
2109,Lupşa,Alba County,Romania,Dacia,106.0,271.0,106.0,271.0,True,False,False,False,False,46.369096,23.206326,Gold,,Gold washing took place here. Pottery and other datable Roman finds located nearby.,Simion 2004: 138 .,0,,0,https://oxrep.classics.ox.ac.uk/databases/mines_database/records/2109/,True,,gold,True,0.0,1.0
229,San Juan Bautista,Alcudia,Spain,Hispania Tarraconensis,,,,,False,True,True,False,False,38.611369,-4.498596,"Lead , Silver",,,Domergue 1990: 44-48 .,0,,0,https://oxrep.classics.ox.ac.uk/databases/mines_database/records/229/,True,,silver;lead,False,,
230,San Quintin,Alcudia,Spain,Hispania Tarraconensis,,,,,False,True,True,False,False,38.8167,-4.2833,"Lead , Silver",Underground Mining,,Domergue 1990: 44-48 .,1,Mine Shaft,0,https://oxrep.classics.ox.ac.uk/databases/mines_database/records/230/,True,,silver;lead,False,,
303,Pozo Rico (Alcudia),Alcudia,Spain,Hispania Tarraconensis,,,,,False,True,True,False,False,38.43136,-3.944377,"Lead , Silver",Underground Mining,,Domergue 1990: 44-48 .,0,,0,https://oxrep.classics.ox.ac.uk/databases/mines_database/records/303/,True,,silver;lead,False,,
338,La Fortuna,Alcudia,Spain,Hispania Tarraconensis,,,,,False,True,True,False,False,38.834203,-4.358941,"Silver , Lead",,,Domergue 1990: 44-48 .,0,,0,https://oxrep.classics.ox.ac.uk/databases/mines_database/records/338/,True,,silver;lead,False,,
381,Los Dolores,Alcudia,Spain,Hispania Tarraconensis,,,,,False,True,True,False,False,38.643081,-4.451896,"Silver , Lead",,,Domergue 1990: 44-48 .,0,,0,https://oxrep.classics.ox.ac.uk/databases/mines_database/records/381/,True,,silver;lead,False,,
448,Los Galayos,Alcudia,Spain,Hispania Tarraconensis,,,,,False,True,True,False,False,38.451619,-3.938281,"Lead , Silver",,,Domergue 1990: 44-48 .,0,,0,https://oxrep.classics.ox.ac.uk/databases/mines_database/records/448/,True,,silver;lead,False,,
482,Villagutiérrez,Alcudia,Spain,Hispania Tarraconensis,,,,,False,True,True,False,False,38.906131,-4.455302,"Lead , Silver",,,Domergue 1990: 44-48 .,0,,0,https://oxrep.classics.ox.ac.uk/databases/mines_database/records/482/,True,,silver;lead,False,,
508,Petaca,Alcudia,Spain,Hispania Tarraconensis,,,,,False,True,True,False,False,38.557017,-4.251091,"Lead , Silver",,,Domergue 1990: 44-48 .,0,,0,https://oxrep.classics.ox.ac.uk/databases/mines_database/records/508/,True,,silver;lead,False,,
548,Valdeinfierno,Alcudia,Spain,Hispania Tarraconensis,,,,,False,True,True,False,False,38.865672,-4.523955,"Lead , Silver",Underground Mining,,Domergue 1990: 44-48 .,1,Mine Shaft,0,https://oxrep.classics.ox.ac.uk/databases/mines_database/records/548/,True,,silver;lead,False,,
650,Castellar,Alcudia,Spain,Hispania Tarraconensis,,,,,True,True,False,False,False,38.883867,-4.484575,"Gold , Silver",,,Domergue 1990: 44-48 .,0,,0,https://oxrep.classics.ox.ac.uk/databases/mines_database/records/650/,True,,gold;silver,False,,
699,La Victoria,Alcudia,Spain,Hispania Tarraconensis,,,,,False,True,True,False,False,38.814278,-4.497437,"Lead , Silver",Underground Mining,,Domergue 1990: 44-48 .,1,Mine Shaft,0,https://oxrep.classics.ox.ac.uk/databases/mines_database/records/699/,True,,silver;lead,False,,
823,Candelaria,Alcudia,Spain,Hispania Tarraconensis,,,,,False,True,True,True,False,38.661911,-4.546586,"Copper , Lead , Silver",Underground Mining,,Domergue 1990: 44-48 .,1,Mine Shaft,0,https://oxrep.classics.ox.ac.uk/databases/mines_database/records/823/,True,,silver;lead;copper,False,,
893,Solana Ballesteros,Alcudia,Spain,Hispania Tarraconensis,,,,,False,True,True,False,False,38.72335,-4.862978,"Silver , Lead",Underground Mining,,Domergue 1990: 44-48 .,1,Mine Shaft,0,https://oxrep.classics.ox.ac.uk/databases/mines_database/records/893/,True,,silver;lead,False,,
903,Quinto del Hierro,Alcudia,Spain,Hispania Tarraconensis,,,,,False,True,True,False,False,38.745273,-4.759526,"Silver , Lead",Underground Mining,,Laurent 1975: 61-69 ; Domergue 1990: 44-48 .,1,Mine Shaft,0,https://oxrep.classics.ox.ac.uk/databases/mines_database/records/903/,True,,silver;lead,False,,
927,El Pleito,Alcudia,Spain,Hispania Tarraconensis,,,,,False,True,True,False,False,38.80539,-4.404521,"Silver , Lead",,,Domergue 1990: 44-48 .,0,,0,https://oxrep.classics.ox.ac.uk/databases/mines_database/records/927/,True,,silver;lead,False,,
948,El Mochuelo,Alcudia,Spain,Hispania Tarraconensis,,,,,False,True,True,False,False,38.561692,-4.589125,"Lead , Silver",Underground Mining,,Domergue 1990: 44-48 .,1,Mine Shaft,0,https://oxrep.classics.ox.ac.uk/databases/mines_database/records/948/,True,,silver;lead,False,,
987,La Cabra,Alcudia,Spain,Hispania Tarraconensis,,,,,False,True,True,False,False,38.662461,-4.467466,"Silver , Lead",,,Domergue 1990: 44-48 .,0,,0,https://oxrep.classics.ox.ac.uk/databases/mines_database/records/987/,True,,silver;lead,False,,
1086,S Marcos,Alcudia,Spain,Hispania Tarraconensis,,,,,False,True,True,False,False,38.659547,-4.523543,"Silver , Lead",Underground Mining,,Domergue 1990: 44-48 .,1,Mine Shaft,0,https://oxrep.classics.ox.ac.uk/databases/mines_database/records/1086/,True,,silver;lead,False,,
1095,El Chorrillo,Alcudia,Spain,Hispania Tarraconensis,,,,,False,True,True,False,False,38.444371,-3.924495,"Lead , Silver",,,Domergue 1990: 44-48 .,0,,0,https://oxrep.classics.ox.ac.uk/databases/mines_database/records/1095/,True,,silver;lead,False,,
1126,La Luz (Alcudia),Alcudia,Spain,Hispania Tarraconensis,,,,,False,True,True,False,False,38.691206,-4.308443,"Lead , Silver",,,Domergue 1990: 44-48 .,0,,0,https://oxrep.classics.ox.ac.uk/databases/mines_database/records/1126/,True,,silver;lead,False,,
1147,La Romana,Alcudia,Spain,Hispania Tarraconensis,,,,,False,True,True,False,False,38.633892,-4.415388,"Lead , Silver",Underground Mining,,Domergue 1990: 44-48 .,1,Mine Shaft,0,https://oxrep.classics.ox.ac.uk/databases/mines_database/records/1147/,True,,silver;lead,False,,
1161,Diogenes,Alcudia,Spain,Hispania Tarraconensis,,,,,False,True,True,False,False,38.513458,-4.127,"Silver , Lead","Underground Mining , Opencast Mining",,Domergue 1990: 44-48 .,1,Mine Shaft,0,https://oxrep.classics.ox.ac.uk/databases/mines_database/records/1161/,True,,silver;lead,False,,
1283,Romanilla,Alcudia,Spain,Hispania Tarraconensis,,,,,False,True,True,False,False,38.618209,-4.326631,"Lead , Silver",Underground Mining,,Domergue 1990: 44-48 .,1,Mine Shaft,0,https://oxrep.classics.ox.ac.uk/databases/mines_database/records/1283/,True,,silver;lead,False,,
1318,EL Gallo,Alcudia,Spain,Hispania Tarraconensis,,,,,False,True,True,False,False,38.569109,-4.355739,"Lead , Silver",Underground Mining,,Domergue 1990: 44-48 .,1,Mine Shaft,0,https://oxrep.classics.ox.ac.uk/databases/mines_database/records/1318/,True,,silver;lead,False,,
1391,Río Valmayor,Alcudia,Spain,Hispania Tarraconensis,,,,,False,True,True,False,False,38.42108,-4.333395,"Silver , Lead",Underground Mining,,Domergue 1990: 44-48 .,0,,0,https://oxrep.classics.ox.ac.uk/databases/mines_database/records/1391/,True,,silver;lead,False,,
1402,Socorro,Alcudia,Spain,Hispania Tarraconensis,,,,,False,True,True,True,False,38.726417,-3.691899,"Copper , Silver , Lead",Underground Mining,,Domergue 1990: 44-48 .,1,Mine Shaft,0,https://oxrep.classics.ox.ac.uk/databases/mines_database/records/1402/,True,,silver;lead;copper,False,,
1583,San Serafín,Alcudia,Spain,Hispania Tarraconensis,,,,,False,True,True,True,False,38.478176,-4.501499,"Lead , Copper , Silver",Underground Mining,,Domergue 1990: 44-48 .,1,Mine Shaft,0,https://oxrep.classics.ox.ac.uk/databases/mines_database/records/1583/,True,,silver;lead;copper,False,,
1590,Las Minillas,Alcudia,Spain,Hispania Tarraconensis,,,,,False,True,True,True,False,38.8815,-4.974539,"Copper , Lead , Silver",Underground Mining,,Domergue 1990: 44-48 .,1,Mine Shaft,0,https://oxrep.classics.ox.ac.uk/databases/mines_database/records/1590/,True,,silver;lead;copper,False,,
1602,El Nido,Alcudia,Spain,Hispania Tarraconensis,,,,,False,True,True,False,False,38.62544,-4.364522,"Lead , Silver",,,Domergue 1990: 44-48 .,0,,0,https://oxrep.classics.ox.ac.uk/databases/mines_database/records/1602/,True,,silver;lead,False,,
1669,Cobatillas,Alcudia,Spain,Hispania Tarraconensis,,,,,False,True,True,False,False,38.66607,-4.56857,"Lead , Silver",,,Domergue 1990: 44-48 .,0,,0,https://oxrep.classics.ox.ac.uk/databases/mines_database/records/1669/,True,,silver;lead,False,,
1987,El Borracho,Alcudia,Spain,Hispania Tarraconensis,,,,,False,True,True,False,False,38.87977,-4.937013,"Silver , Lead",,,Domergue 1990: 44-48 .,0,,0,https://oxrep.classics.ox.ac.uk/databases/mines_database/records/1987/,True,,silver;lead,False,,
1988,El Burcio,Alcudia,Spain,Hispania Tarraconensis,,,,,False,True,True,False,False,38.555455,-3.988416,"Lead , Silver",,,Domergue 1990: 44-48 .,0,,0,https://oxrep.classics.ox.ac.uk/databases/mines_database/records/1988/,True,,silver;lead,False,,
2005,Cotofia,Alcudia,Spain,Hispania Tarraconensis,,,,,False,True,True,False,False,38.574689,-4.230459,"Lead , Silver",,,Domergue 1990: 44-48 .,0,,0,https://oxrep.classics.ox.ac.uk/databases/mines_database/records/2005/,True,,silver;lead,False,,
2039,Las Pozas,Alcudia,Spain,Hispania Tarraconensis,,,,,False,True,True,False,False,38.536463,-4.082296,"Silver , Lead",Underground Mining,,Domergue 1990: 44-48 .,1,Mine Shaft,0,https://oxrep.classics.ox.ac.uk/databases/mines_database/records/2039/,True,,silver;lead,False,,
10,Alderley,Alderley,United Kingdom,Brittannia,,,,,False,False,False,True,False,53.303,-2.236,Copper,Underground Mining,Cavers found a 4th century coin horde at Engine Vein.,UM 1996 .,1,Mine Shaft,0,https://oxrep.classics.ox.ac.uk/databases/mines_database/records/10/,True,,copper,False,,
255,Herdade da Tinoca,Alentejo,Portugal,Lusitania,,,,,False,False,False,True,False,39.07045,-7.144265,Copper,,,Domergue 1990: 49-52 .,0,,0,https://oxrep.classics.ox.ac.uk/databases/mines_database/records/255/,True,,copper,False,,
1103,Aljustrel,Alentejo,Portugal,Lusitania,,,,,False,True,False,True,True,39.6167,-8.6667,"Silver , Copper , Iron",Underground Mining,"A lead/silver and copper mining district of Portugal. Two bronze tablets were found here detailing the laws and regulations as well as the imperial administration's role in managing the town, granting leases, and overseeing the mining works.",Domergue 1983: 5-193 ; Domergue 1990: 49-52 .,2,Mine Shaft; undefined location,3,https://oxrep.classics.ox.ac.uk/databases/mines_database/records/1103/,True,,silver;copper;iron,False,,
1435,Brancanes,Alentejo,Portugal,Lusitania,,,,,False,False,False,True,False,37.548654,-8.019287,Copper,Underground Mining,,Domergue 1990: 49-52 .,1,Mine Shaft,0,https://oxrep.classics.ox.ac.uk/databases/mines_database/records/1435/,True,,copper,False,,
1940,Serra de Caveira,Alentejo,Portugal,Lusitania,,,,,False,False,False,True,False,38.246143000000004,-8.415321,Copper,Underground Mining,,Domergue 1990: 49-52 .,1,Mine Shaft,0,https://oxrep.classics.ox.ac.uk/databases/mines_database/records/1940/,True,,copper,False,,
2023,Herdade do Montinho,Alentejo,Portugal,Lusitania,,,,,False,False,False,True,False,39.01942,-7.875241,Copper,,,Domergue 1990: 49-52 .,0,,0,https://oxrep.classics.ox.ac.uk/databases/mines_database/records/2023/,True,,copper,False,,
666,Cueva de la Paloma,Almería,Spain,Hispania Baetica,,,,,False,False,False,True,False,37.35976,-2.403741,Copper,,,Domergue 1990: 62-64 .,0,,0,https://oxrep.classics.ox.ac.uk/databases/mines_database/records/666/,True,,copper,False,,
755,Sierra Almagrera,Almería,Spain,Hispania Baetica,,,,,False,True,True,True,False,37.28333,-1.73333,"Lead , Copper , Silver",,,Domergue 1990: 62-64 ; Domergue 2008: 158 .,0,,0,https://oxrep.classics.ox.ac.uk/databases/mines_database/records/755/,True,,silver;lead;copper,False,,
1023,El Charcón,Almería,Spain,Hispania Baetica,,,,,False,True,True,False,False,37.55,-2.6,"Silver , Lead",Underground Mining,,Domergue 1990: 62-64 .,1,Mine Shaft,0,https://oxrep.classics.ox.ac.uk/databases/mines_database/records/1023/,True,,silver;lead,False,,
1062,Sierra de Gador,Almería,Spain,Hispania Baetica,,,,,False,True,True,False,False,36.953897,-2.492955,"Silver , Lead",,,Domergue 1990: 62-64 .,0,,0,https://oxrep.classics.ox.ac.uk/databases/mines_database/records/1062/,True,,silver;lead,False,,
1539,Pilar de Jaravía,Almería,Spain,Hispania Baetica,,,,,False,True,True,False,False,37.393328,-1.692311,"Silver , Lead",,,Domergue 1990: 62-64 .,0,,0,https://oxrep.classics.ox.ac.uk/databases/mines_database/records/1539/,True,,silver;lead,False,,
2035,Herrerías (Almería),Almería,Spain,Hispania Baetica,,,,,False,True,False,False,False,37.296867,-1.985408,Silver,,,Domergue 1990: 62-64 .,0,,0,https://oxrep.classics.ox.ac.uk/databases/mines_database/records/2035/,True,,silver,False,,
1591,Alpartir,Alpartir,Spain,Hispania Tarraconensis,,,,,False,False,False,True,False,41.416667,-1.383333,Copper,Underground Mining,,Domergue 1990: 64 .,1,Mine Shaft,0,https://oxrep.classics.ox.ac.uk/databases/mines_database/records/1591/,True,,copper,False,,
202,Stavelot,Ardennes,Belgium,Gallia Belgica,,,,,True,False,False,False,False,50.3833,5.9333,Gold,,,Domergue 2008: 81-82 .,0,,0,https://oxrep.classics.ox.ac.uk/databases/mines_database/records/202/,True,,gold,False,,
1852,Arditurri,Arditurri,Spain,Hispania Tarraconensis,,,,,False,True,True,False,False,43.272876,-1.796012,"Lead , Silver",Underground Mining,,Domergue 1990: 64 .,1,Mine Shaft,0,https://oxrep.classics.ox.ac.uk/databases/mines_database/records/1852/,True,,silver;lead,False,,
222,Bastide de Serou,Ariege,France,Gallia Narbonensis,,,,,True,False,False,True,False,43.012778,1.428611,"Copper , Gold","Hydraulic Mining , Underground Mining",,Davies 1935: 78-80 ; Domergue 2008 .,1,Gallery,0,https://oxrep.classics.ox.ac.uk/databases/mines_database/records/222/,True,,gold;copper,False,,
387,Tou de la Mine,Ariege,France,Gallia Narbonensis,,,,,True,False,False,False,False,42.932629,1.443469,Gold,Opencast Mining,,Domergue 2008: 81-91 ; Domergue 2008: 23 .,0,,0,https://oxrep.classics.ox.ac.uk/databases/mines_database/records/387/,True,,gold,False,,
719,L'Assaladou,Ariege,France,Gallia Narbonensis,,,,,True,False,False,False,False,42.950758,1.451866,Gold,"Underground Mining , Opencast Mining",,Cauuet 2001: 41-47 .,2,Gallery; Mine Shaft,0,https://oxrep.classics.ox.ac.uk/databases/mines_database/records/719/,True,,gold,False,,
355,Castropodame,Astorga,Spain,Hispania Tarraconensis,,,,,True,False,False,False,False,42.580044,-6.467308,Gold,"Hushing , Hydraulic Mining",,Domergue 1990: 40-43 .,0,,0,https://oxrep.classics.ox.ac.uk/databases/mines_database/records/355/,True,,gold,False,,
410,Villar del Monte,Astorga,Spain,Hispania Tarraconensis,,,,,True,False,False,False,False,42.2333,-6.3167,Gold,"Hydraulic Mining , Ground Sluicing",,Domergue 1990: 40-43 .,0,,0,https://oxrep.classics.ox.ac.uk/databases/mines_database/records/410/,True,,gold,False,,
436,Río Turieno,Astorga,Spain,Hispania Tarraconensis,,,,,True,False,False,False,False,42.440161,-6.227791,Gold,"Rake/comb , Hydraulic Mining",,Domergue 1990: 40-43 .,0,,0,https://oxrep.classics.ox.ac.uk/databases/mines_database/records/436/,True,,gold,False,,
440,El Ganso,Astorga,Spain,Hispania Tarraconensis,,,,,True,False,False,False,False,42.4667,-6.2,Gold,"Hushing , Hydraulic Mining",,Domergue 1990: 40-43 .,0,,0,https://oxrep.classics.ox.ac.uk/databases/mines_database/records/440/,True,,gold,False,,
451,Manzaneda,Astorga,Spain,Hispania Tarraconensis,,,,,True,False,False,False,False,42.2667,-6.3167,Gold,"Hydraulic Mining , Rake/comb",,Domergue 1990: 40-43 .,0,,0,https://oxrep.classics.ox.ac.uk/databases/mines_database/records/451/,True,,gold,False,,
642,Peña Bellosa,Astorga,Spain,Hispania Tarraconensis,,,,,True,False,False,False,False,42.373419,-6.319208,Gold,"Hydraulic Mining , Hushing",,Domergue 1990: 40-43 .,0,,0,https://oxrep.classics.ox.ac.uk/databases/mines_database/records/642/,True,,gold,False,,
645,La Fucarona,Astorga,Spain,Hispania Tarraconensis,,,,,True,False,False,False,False,42.50228,-6.219139,Gold,"Hushing , Hydraulic Mining",,Domergue 1990 ; Domergue 1990: 40-43 .,0,,0,https://oxrep.classics.ox.ac.uk/databases/mines_database/records/645/,True,,gold,False,,
726,Andiñuela,Astorga,Spain,Hispania Tarraconensis,,,,,True,False,False,False,False,42.457086,-6.315604,Gold,,,Domergue 1990: 40-43 .,0,,0,https://oxrep.classics.ox.ac.uk/databases/mines_database/records/726/,True,,gold,False,,
739,Turienzo Castañedo,Astorga,Spain,Hispania Tarraconensis,,,,,True,False,False,False,False,42.585769,-6.405066,Gold,"Ground Sluicing , Hydraulic Mining",,Domergue 1990: 40-43 .,0,,0,https://oxrep.classics.ox.ac.uk/databases/mines_database/records/739/,True,,gold,False,,
909,Manzanal del Puerto,Astorga,Spain,Hispania Tarraconensis,,,,,True,False,False,False,False,42.5833,-6.2167,Gold,"Hydraulic Mining , Rake/comb",,Domergue 1990: 40-43 .,0,,0,https://oxrep.classics.ox.ac.uk/databases/mines_database/records/909/,True,,gold,False,,
967,Espinoso de Compludo,Astorga,Spain,Hispania Tarraconensis,,,,,True,False,False,False,False,42.4833,-6.5,Gold,"Hydraulic Mining , Ground Sluicing",,Domergue 1990: 40-43 .,0,,0,https://oxrep.classics.ox.ac.uk/databases/mines_database/records/967/,True,,gold,False,,
1077,Manzarnoso,Astorga,Spain,Hispania Tarraconensis,,,,,True,False,False,False,False,42.590802,-6.123552,Gold,"Rake/comb , Hydraulic Mining",,Domergue 1990: 40-43 .,0,,0,https://oxrep.classics.ox.ac.uk/databases/mines_database/records/1077/,True,,gold,False,,
1096,Laguna de Valseco,Astorga,Spain,Hispania Tarraconensis,,,,,True,False,False,False,False,42.542774,-6.104319,Gold,,,Domergue 1990: 40-43 .,0,,0,https://oxrep.classics.ox.ac.uk/databases/mines_database/records/1096/,True,,gold,False,,
1127,La Fontanilla,Astorga,Spain,Hispania Tarraconensis,,,,,True,False,False,False,False,42.497126,-6.146855,Gold,,,Domergue 1990: 40-43 .,0,,0,https://oxrep.classics.ox.ac.uk/databases/mines_database/records/1127/,True,,gold,False,,
1271,Morla,Astorga,Spain,Hispania Tarraconensis,,,,,True,False,False,False,False,42.25,-6.2667,Gold,"Hydraulic Mining , Ground Sluicing , Rake/comb",,Domergue 1990: 40-43 .,0,,0,https://oxrep.classics.ox.ac.uk/databases/mines_database/records/1271/,True,,gold,False,,
1337,Prado Posadillas Huergas,Astorga,Spain,Hispania Tarraconensis,,,,,True,False,False,False,False,42.956365,-6.092918,Gold,"Hydraulic Mining , Rake/comb",,Domergue 1990: 40-43 .,0,,0,https://oxrep.classics.ox.ac.uk/databases/mines_database/records/1337/,True,,gold,False,,
1459,La Calabaza,Astorga,Spain,Hispania Tarraconensis,,,,,True,False,False,False,False,42.258059,-6.185815,Gold,,,Domergue 1990: 40-43 .,0,,0,https://oxrep.classics.ox.ac.uk/databases/mines_database/records/1459/,True,,gold,False,,
1475,La Cruz de Hierro,Astorga,Spain,Hispania Tarraconensis,,,,,True,False,False,False,False,43.0167,-5.8667,Gold,,,Domergue 1990: 40-43 .,0,,0,https://oxrep.classics.ox.ac.uk/databases/mines_database/records/1475/,True,,gold,False,,
1495,Valduerna,Astorga,Spain,Hispania Tarraconensis,,,,,True,False,False,False,False,42.324237,-6.134766,Gold,"Ruina Montium , Rake/comb , Ground Sluicing , Hydraulic Mining",,Domergue 1977: 9-29 ; Domergue 1978 ; Domergue 1990: 40-43 .,0,,0,https://oxrep.classics.ox.ac.uk/databases/mines_database/records/1495/,True,,gold,False,,
1498,La Presa,Astorga,Spain,Hispania Tarraconensis,,,,,True,False,False,False,False,42.353654,-6.272717,Gold,,,Domergue 1990: 40-43 .,0,,0,https://oxrep.classics.ox.ac.uk/databases/mines_database/records/1498/,True,,gold,False,,
1601,Pradorrey,Astorga,Spain,Hispania Tarraconensis,,,,,True,False,False,False,False,42.5,-6.1167,Gold,,,Domergue 1990: 40-43 .,0,,0,https://oxrep.classics.ox.ac.uk/databases/mines_database/records/1601/,True,,gold,False,,
1685,Quintanilla de Flórez,Astorga,Spain,Hispania Tarraconensis,,,,,True,False,False,False,False,42.254763,-6.103111,Gold,,,Domergue 1990: 40-43 .,0,,0,https://oxrep.classics.ox.ac.uk/databases/mines_database/records/1685/,True,,gold,False,,
1836,Teleno,Astorga,Spain,Hispania Tarraconensis,,,,,True,False,False,False,False,42.345661,-6.39532,Gold,"Hydraulic Mining , Hushing , Rake/comb",,Domergue 1990: 40-43 .,0,,0,https://oxrep.classics.ox.ac.uk/databases/mines_database/records/1836/,True,,gold,False,,
1837,Las Murias,Astorga,Spain,Hispania Tarraconensis,,,,,True,False,False,False,False,42.191923,-6.196437,Gold,"Hydraulic Mining , Ground Sluicing",,Domergue 1990: 40-43 .,0,,0,https://oxrep.classics.ox.ac.uk/databases/mines_database/records/1837/,True,,gold,False,,
1966,El Saldonal,Astorga,Spain,Hispania Tarraconensis,,,,,True,False,False,False,False,42.515802,-6.166569,Gold,,,Domergue 1990: 40-43 .,0,,0,https://oxrep.classics.ox.ac.uk/databases/mines_database/records/1966/,True,,gold,False,,
280,Atalaya,Atalaya,Spain,Hispania Tarraconensis,,,,,False,False,False,True,False,41.416535,-1.316172,Copper,,,Domergue 1990: 64 .,0,,0,https://oxrep.classics.ox.ac.uk/databases/mines_database/records/280/,True,,copper,False,,
203,Pontgibaud,Auverge,France,Gallia Aquitania,,,,,False,True,True,False,False,45.833,2.851,"Silver , Lead",,,Domergue 2008: 86 .,0,,0,https://oxrep.classics.ox.ac.uk/databases/mines_database/records/203/,True,,silver;lead,False,,
1579,Zeleznik,Avala,Serbia,Moesia Superior,,,,,False,True,True,False,False,44.690278,20.514167,"Silver , Lead",Underground Mining,,Hirt 2010: 60-61 .,1,Slag Heap,0,https://oxrep.classics.ox.ac.uk/databases/mines_database/records/1579/,True,,silver;lead,False,,
278,Santa Bárbara,Azuaga-Fuenteovejuna,Spain,Hispania Baetica,,,,,False,True,True,False,False,38.378349,-5.539119,"Silver , Lead",Underground Mining,,Domergue 1990: 44-48 .,1,Mine Shaft,0,https://oxrep.classics.ox.ac.uk/databases/mines_database/records/278/,True,,silver;lead,False,,
288,Los Eneros,Azuaga-Fuenteovejuna,Spain,Hispania Baetica,,,,,False,True,True,True,False,38.266124,-5.45205,"Silver , Lead , Copper",Underground Mining,,Domergue 1990: 44-48 .,1,Mine Shaft,0,https://oxrep.classics.ox.ac.uk/databases/mines_database/records/288/,True,,silver;lead;copper,False,,
289,Guaditoca,Azuaga-Fuenteovejuna,Spain,Hispania Baetica,,,,,False,True,True,False,False,38.190738,-5.685597,"Lead , Silver",Underground Mining,,Domergue 1990: 44-48 .,1,Mine Shaft,0,https://oxrep.classics.ox.ac.uk/databases/mines_database/records/289/,True,,silver;lead,False,,
318,Dehesa,Azuaga-Fuenteovejuna,Spain,Hispania Baetica,,,,,False,True,True,False,False,38.237933,-5.825128,"Silver , Lead",,,Domergue 1990: 44-48 .,0,,0,https://oxrep.classics.ox.ac.uk/databases/mines_database/records/318/,True,,silver;lead,False,,
402,El Piconcillo,Azuaga-Fuenteovejuna,Spain,Hispania Baetica,,,,,False,True,True,True,False,38.175924,-5.465188,"Copper , Silver , Lead",Underground Mining,,Domergue 1990: 44-48 .,0,,0,https://oxrep.classics.ox.ac.uk/databases/mines_database/records/402/,True,,silver;lead;copper,False,,
477,La Lagunilla,Azuaga-Fuenteovejuna,Spain,Hispania Baetica,,,,,False,True,True,False,False,38.164574,-5.486497,"Lead , Silver",,,Domergue 1990: 44-48 .,0,,0,https://oxrep.classics.ox.ac.uk/databases/mines_database/records/477/,True,,silver;lead,False,,
579,El Calvo,Azuaga-Fuenteovejuna,Spain,Hispania Baetica,,,,,False,True,True,False,False,38.253419,-5.831657,"Lead , Silver",,,Domergue 1990: 44-48 .,0,,0,https://oxrep.classics.ox.ac.uk/databases/mines_database/records/579/,True,,silver;lead,False,,
615,Segunda Pepe,Azuaga-Fuenteovejuna,Spain,Hispania Baetica,,,,,False,True,True,False,False,38.209892,-5.652803,"Lead , Silver",,,Domergue 1990: 44-48 .,0,,0,https://oxrep.classics.ox.ac.uk/databases/mines_database/records/615/,True,,silver;lead,False,,
665,Salto del Burro,Azuaga-Fuenteovejuna,Spain,Hispania Baetica,,,,,False,True,True,False,False,38.21445,-5.632184,"Lead , Silver",Underground Mining,,Domergue 1990: 44-48 .,1,Mine Shaft,0,https://oxrep.classics.ox.ac.uk/databases/mines_database/records/665/,True,,silver;lead,False,,
671,Esperanza,Azuaga-Fuenteovejuna,Spain,Hispania Baetica,,,,,False,True,True,False,False,38.214493,-5.690208,"Lead , Silver",Underground Mining,,Domergue 1990: 44-48 .,1,Mine Shaft,0,https://oxrep.classics.ox.ac.uk/databases/mines_database/records/671/,True,,silver;lead,False,,
679,El Infierno,Azuaga-Fuenteovejuna,Spain,Hispania Baetica,,,,,False,True,True,False,False,38.242226,-5.595751,"Lead , Silver",,,Domergue 1990: 44-48 .,0,,0,https://oxrep.classics.ox.ac.uk/databases/mines_database/records/679/,True,,silver;lead,False,,
680,Las Musas,Azuaga-Fuenteovejuna,Spain,Hispania Baetica,,,,,False,True,True,False,False,38.25896,-5.655054,"Silver , Lead",Underground Mining,,Domergue 1990: 44-48 .,0,,0,https://oxrep.classics.ox.ac.uk/databases/mines_database/records/680/,True,,silver;lead,False,,
757,Rosalía,Azuaga-Fuenteovejuna,Spain,Hispania Baetica,,,,,False,True,True,False,False,38.259525,-5.45025,"Silver , Lead",,,Domergue 1990: 44-48 .,0,,0,https://oxrep.classics.ox.ac.uk/databases/mines_database/records/757/,True,,silver;lead,False,,
863,Araceli,Azuaga-Fuenteovejuna,Spain,Hispania Baetica,,,,,False,True,True,False,False,38.211745,-5.595789,"Silver , Lead",Underground Mining,,Domergue 1990: 44-48 .,1,Mine Shaft,0,https://oxrep.classics.ox.ac.uk/databases/mines_database/records/863/,True,,silver;lead,False,,
1019,Carmelita,Azuaga-Fuenteovejuna,Spain,Hispania Baetica,,,,,False,True,True,False,False,38.235187,-5.775449,"Lead , Silver",Underground Mining,,Domergue 1990: 44-48 .,1,Mine Shaft,0,https://oxrep.classics.ox.ac.uk/databases/mines_database/records/1019/,True,,silver;lead,False,,
1074,La Loba,Azuaga-Fuenteovejuna,Spain,Hispania Baetica,,,,,False,True,True,True,False,38.329377,-5.442459,"Lead , Copper , Silver",Underground Mining,,Domergue 1990: 44-48 .,0,,0,https://oxrep.classics.ox.ac.uk/databases/mines_database/records/1074/,True,,silver;lead;copper,False,,
1101,Peñón del Moro,Azuaga-Fuenteovejuna,Spain,Hispania Baetica,,,,,False,True,True,False,False,38.237293,-5.998078,"Lead , Silver",,,Domergue 1990: 44-48 .,0,,0,https://oxrep.classics.ox.ac.uk/databases/mines_database/records/1101/,True,,silver;lead,False,,
1121,Venus,Azuaga-Fuenteovejuna,Spain,Hispania Baetica,,,,,False,True,True,False,False,38.201765,-5.612749,"Lead , Silver",Underground Mining,,Domergue 1990: 44-48 .,1,Mine Shaft,0,https://oxrep.classics.ox.ac.uk/databases/mines_database/records/1121/,True,,silver;lead,False,,
1151,Cerro de la Orden,Azuaga-Fuenteovejuna,Spain,Hispania Baetica,,,,,False,True,True,False,False,38.26582,-5.80796,"Silver , Lead",Underground Mining,,Domergue 1990: 44-48 .,0,,0,https://oxrep.classics.ox.ac.uk/databases/mines_database/records/1151/,True,,silver;lead,False,,
1328,Escarranchal,Azuaga-Fuenteovejuna,Spain,Hispania Baetica,,,,,False,True,True,False,False,38.206332,-5.806176,"Lead , Silver",,,Domergue 1990: 44-48 .,0,,0,https://oxrep.classics.ox.ac.uk/databases/mines_database/records/1328/,True,,silver;lead,False,,
1346,La Pastora,Azuaga-Fuenteovejuna,Spain,Hispania Baetica,,,,,False,False,False,True,False,38.148167,-5.414744,Copper,,,Domergue 1990: 44-48 .,0,,0,https://oxrep.classics.ox.ac.uk/databases/mines_database/records/1346/,True,,copper,False,,
1358,Dehesa de la Mesa,Azuaga-Fuenteovejuna,Spain,Hispania Baetica,,,,,False,True,True,False,False,38.200487,-5.572085,"Silver , Lead",,,Domergue 1990: 44-48 .,0,,0,https://oxrep.classics.ox.ac.uk/databases/mines_database/records/1358/,True,,silver;lead,False,,
1469,El Lirio,Azuaga-Fuenteovejuna,Spain,Hispania Baetica,,,,,False,True,True,False,False,38.232911,-5.616988,"Silver , Lead",,,Domergue 1990: 44-48 .,0,,0,https://oxrep.classics.ox.ac.uk/databases/mines_database/records/1469/,True,,silver;lead,False,,
1476,Santa María,Azuaga-Fuenteovejuna,Spain,Hispania Baetica,,,,,False,True,True,False,False,38.252802,-5.684947,"Silver , Lead",,,Domergue 1990: 44-48 .,0,,0,https://oxrep.classics.ox.ac.uk/databases/mines_database/records/1476/,True,,silver;lead,False,,
1550,Justicia,Azuaga-Fuenteovejuna,Spain,Hispania Baetica,,,,,False,True,True,False,False,38.233366,-5.647718,"Lead , Silver",,,Domergue 1990: 44-48 .,0,,0,https://oxrep.classics.ox.ac.uk/databases/mines_database/records/1550/,True,,silver;lead,False,,
1612,Las Morenas,Azuaga-Fuenteovejuna,Spain,Hispania Baetica,,,,,False,True,True,False,False,38.240099,-5.575373,"Silver , Lead",,,Domergue 1990: 44-48 .,0,,0,https://oxrep.classics.ox.ac.uk/databases/mines_database/records/1612/,True,,silver;lead,False,,
1642,La Serrana,Azuaga-Fuenteovejuna,Spain,Hispania Baetica,,,,,False,True,True,False,False,38.182214,-5.806532,"Silver , Lead",,,Domergue 1990: 44-48 .,0,,0,https://oxrep.classics.ox.ac.uk/databases/mines_database/records/1642/,True,,silver;lead,False,,
1731,Triunfo,Azuaga-Fuenteovejuna,Spain,Hispania Baetica,,,,,False,True,True,False,False,38.251878,-5.724527,"Lead , Silver",Underground Mining,,Domergue 1990: 44-48 .,1,Mine Shaft,0,https://oxrep.classics.ox.ac.uk/databases/mines_database/records/1731/,True,,silver;lead,False,,
1743,El Hambre,Azuaga-Fuenteovejuna,Spain,Hispania Baetica,,,,,False,True,True,False,False,38.174718,-5.518064,"Lead , Silver",,,Domergue 1990: 44-48 .,0,,0,https://oxrep.classics.ox.ac.uk/databases/mines_database/records/1743/,True,,silver;lead,False,,
1750,Ferminera,Azuaga-Fuenteovejuna,Spain,Hispania Baetica,,,,,False,True,True,False,False,38.234521,-5.691257,"Lead , Silver",,,Domergue 1990: 44-48 .,0,,0,https://oxrep.classics.ox.ac.uk/databases/mines_database/records/1750/,True,,silver;lead,False,,
1786,Las Alquitones,Azuaga-Fuenteovejuna,Spain,Hispania Baetica,,,,,False,True,True,False,False,38.22587,-5.55486,"Silver , Lead",,,Domergue 1990: 44-48 .,0,,0,https://oxrep.classics.ox.ac.uk/databases/mines_database/records/1786/,True,,silver;lead,False,,
1799,Mesa del Castaño,Azuaga-Fuenteovejuna,Spain,Hispania Baetica,,,,,False,False,False,True,False,38.169288,-5.547421,Copper,,,Domergue 1990: 44-48 .,0,,0,https://oxrep.classics.ox.ac.uk/databases/mines_database/records/1799/,True,,copper,False,,
1803,San Rafael,Azuaga-Fuenteovejuna,Spain,Hispania Baetica,,,,,False,True,True,False,False,38.227516,-5.602904,"Lead , Silver",Underground Mining,,Domergue 1990: 44-48 .,1,Mine Shaft,0,https://oxrep.classics.ox.ac.uk/databases/mines_database/records/1803/,True,,silver;lead,False,,
1968,Navalespino,Azuaga-Fuenteovejuna,Spain,Hispania Baetica,,,,,False,True,True,True,False,38.401946,-5.549739,"Lead , Copper , Silver",,,Domergue 1990: 44-48 .,0,,0,https://oxrep.classics.ox.ac.uk/databases/mines_database/records/1968/,True,,silver;lead;copper,False,,
2033,Arroyo Téllez,Azuaga-Fuenteovejuna,Spain,Hispania Baetica,,,,,False,True,True,False,False,38.166475,-5.633997,"Silver , Lead",Underground Mining,,Domergue 1990: 44-48 .,1,Mine Shaft,0,https://oxrep.classics.ox.ac.uk/databases/mines_database/records/2033/,True,,silver;lead,False,,
221,Banca,Banca,France,Gallia Aquitania,,,,,False,False,False,True,False,43.1275,-1.373056,Copper,,,Domergue 2008: 4 .,0,,0,https://oxrep.classics.ox.ac.uk/databases/mines_database/records/221/,True,,copper,False,,
1439,Barranco Hondillo,Barranco Hondillo,Spain,Hispania Baetica,,,,,False,True,True,False,False,38.377256,-3.263405,"Lead , Silver",,,Domergue 1990: 44-48 .,0,,0,https://oxrep.classics.ox.ac.uk/databases/mines_database/records/1439/,True,,silver;lead,False,,
1989,Barranco de Salanca,Barranco de Salanca,Spain,Hispania Tarraconensis,,,,,False,False,True,False,False,41.445072,1.103516,Lead,,,Domergue 1990: 64 .,0,,0,https://oxrep.classics.ox.ac.uk/databases/mines_database/records/1989/,True,,lead,False,,
763,Barranco de Santa Filomena,Barranco de Santa Filomena,Spain,Hispania Tarraconensis,,,,,False,False,False,True,False,41.445898,1.116023,Copper,,,Domergue 1990: 64 .,0,,0,https://oxrep.classics.ox.ac.uk/databases/mines_database/records/763/,True,,copper,False,,
675,Monfortinho,Beiras,Portugal,Hispania Tarraconensis,,,,,True,False,False,False,False,40.0,-6.9167,Gold,"Rake/comb , Hydraulic Mining",,Domergue 1990: 40-42 .,0,,0,https://oxrep.classics.ox.ac.uk/databases/mines_database/records/675/,True,,gold,False,,
727,Milreu,Beiras,Portugal,Hispania Tarraconensis,,,,,True,False,False,False,False,39.6333,-8.1333,Gold,,,Domergue 1990: 40-42 .,1,undefined location,1,https://oxrep.classics.ox.ac.uk/databases/mines_database/records/727/,True,,gold,False,,
792,Tage 2,Beiras,Portugal,Hispania Tarraconensis,,,,,True,False,False,False,False,39.474753,-8.282826,Gold,"Hydraulic Mining , Rake/comb",,Domergue 1990: 40-42 .,0,,0,https://oxrep.classics.ox.ac.uk/databases/mines_database/records/792/,True,,gold,False,,
913,Meimoa,Beiras,Portugal,Hispania Tarraconensis,,,,,True,False,False,False,False,40.2333,-7.1833,Gold,"Ground Sluicing , Hydraulic Mining",,Domergue 1990: 40-42 .,0,,0,https://oxrep.classics.ox.ac.uk/databases/mines_database/records/913/,True,,gold,False,,
1011,Tage 1,Beiras,Portugal,Hispania Tarraconensis,,,,,True,False,False,False,False,39.479126,-8.089331,Gold,"Rake/comb , Hydraulic Mining",,Domergue 1990: 40-42 .,0,,0,https://oxrep.classics.ox.ac.uk/databases/mines_database/records/1011/,True,,gold,False,,
1123,Río Ponsul,Beiras,Portugal,Hispania Tarraconensis,,,,,True,False,False,False,False,39.740922,-7.323956,Gold,"Rake/comb , Hydraulic Mining",,Domergue 1990: 40-42 .,0,,0,https://oxrep.classics.ox.ac.uk/databases/mines_database/records/1123/,True,,gold,False,,
1422,Furados de Pombeiro,Beiras,Portugal,Hispania Tarraconensis,,,,,True,False,False,False,False,40.196417,-8.187559,Gold,,,Domergue 1990: 40-42 .,0,,0,https://oxrep.classics.ox.ac.uk/databases/mines_database/records/1422/,True,,gold,False,,
1521,Malhada,Beiras,Portugal,Hispania Tarraconensis,,,,,False,True,True,False,False,40.127819,-7.971047,"Lead , Silver",Underground Mining,,Domergue 1990: 40-42 .,1,Mine Shaft,0,https://oxrep.classics.ox.ac.uk/databases/mines_database/records/1521/,True,,silver;lead,False,,
1713,Tage 3,Beiras,Portugal,Hispania Tarraconensis,,,,,True,False,False,False,False,39.468185,-8.400159,Gold,"Hydraulic Mining , Rake/comb",,Domergue 1990: 40-42 .,0,,0,https://oxrep.classics.ox.ac.uk/databases/mines_database/records/1713/,True,,gold,False,,
1345,Estrella (Beiras),Beiras,Spain,Hispania Tarraconensis,,,,,False,True,True,False,False,40.545943,-5.612288,"Lead , Silver",,,Domergue 1990: 40-42 .,0,,0,https://oxrep.classics.ox.ac.uk/databases/mines_database/records/1345/,True,,silver;lead,False,,
1466,Las Cavenes,Beiras,Spain,Hispania Tarraconensis,,,,,True,False,False,False,False,40.567827,-6.134673,Gold,"Rake/comb , Hydraulic Mining",Located in the Salamanca district over 40km of hydraulic channels have been recorded. Dossier IV Mostly exploitation was of the hushing variety but also some open cast and underground mines were exploited. Approximately 2.5million cubic meters of material were moved.,Domergue 1990: 40-42 .,0,,0,https://oxrep.classics.ox.ac.uk/databases/mines_database/records/1466/,True,,gold,False,,
1623,Guijuelo,Beiras,Spain,Hispania Tarraconensis,,,,,False,True,True,False,False,40.555025,-5.67366,"Lead , Silver",,,Domergue 1990: 40-42 .,0,,0,https://oxrep.classics.ox.ac.uk/databases/mines_database/records/1623/,True,,silver;lead,False,,
215,La Belliere,Belliere,France,Gallia Aquitania,,,,,True,False,False,False,False,48.626667,-0.033056,Gold,,,Domergue 2008 .,0,,0,https://oxrep.classics.ox.ac.uk/databases/mines_database/records/215/,True,,gold,False,,
211,Bessa,Bessa,Italy,Alpes Cottiae,,,,,True,False,False,False,False,44.9333,6.8667,Gold,Hydraulic Mining,Large hydraulic system employed with multiple leats. Likely this mine did not continue operations into the imperial period. Roads were built connecting the settlements and mines as well as providing extra regional travel. Nearby are located stone structures which could be workers' hamlets (over 250 groups). Suggestion by Pliny is that no more than 5000 workers were allowed- which might indicate that prior to this rule more had been present.,Domergue 2008: 82 .,0,,0,https://oxrep.classics.ox.ac.uk/databases/mines_database/records/211/,True,,gold,False,,
216,La Bessette,Bessette,France,Gallia Aquitania,,,,,True,False,False,False,False,45.4167,3.8667,Gold,,,Domergue 2008: 81 .,0,,0,https://oxrep.classics.ox.ac.uk/databases/mines_database/records/216/,True,,gold,False,,
240,La Leitosa,Bierzo,Spain,Hispania Tarraconensis,,,,,True,False,False,False,False,42.69765,-6.763433,Gold,"Hydraulic Mining , Ruina Montium , Hushing",,Domergue 1990: 40-44 .,0,,0,https://oxrep.classics.ox.ac.uk/databases/mines_database/records/240/,True,,gold,False,,
315,Los Poliñeiros,Bierzo,Spain,Hispania Tarraconensis,,,,,True,False,False,False,False,42.665111,-6.723729,Gold,,,Domergue 1990: 40-44 .,0,,0,https://oxrep.classics.ox.ac.uk/databases/mines_database/records/315/,True,,gold,False,,
370,Sésamo,Bierzo,Spain,Hispania Tarraconensis,,,,,True,False,False,False,False,42.7333,-6.65,Gold,"Hydraulic Mining , Hushing",,Domergue 1990: 40-44 .,0,,0,https://oxrep.classics.ox.ac.uk/databases/mines_database/records/370/,True,,gold,False,,
385,Paradiña,Bierzo,Spain,Hispania Tarraconensis,,,,,True,False,False,False,False,42.694406,-6.712914,Gold,,,Domergue 1990: 40-44 .,0,,0,https://oxrep.classics.ox.ac.uk/databases/mines_database/records/385/,True,,gold,False,,
731,Couso,Bierzo,Spain,Hispania Tarraconensis,,,,,True,False,False,False,False,42.9667,-7.25,Gold,,,Domergue 1990: 40-44 .,0,,0,https://oxrep.classics.ox.ac.uk/databases/mines_database/records/731/,True,,gold,False,,
767,Río Ancares,Bierzo,Spain,Hispania Tarraconensis,,,,,True,False,False,False,False,42.72382,-6.706224,Gold,,,Domergue 1990: 40-44 .,0,,0,https://oxrep.classics.ox.ac.uk/databases/mines_database/records/767/,True,,gold,False,,
780,Toral de los Vados,Bierzo,Spain,Hispania Tarraconensis,,,,,True,False,False,False,False,42.583333,-6.75,Gold,,,Domergue 1990: 40-44 .,0,,0,https://oxrep.classics.ox.ac.uk/databases/mines_database/records/780/,True,,gold,False,,
812,Río Cabrera,Bierzo,Spain,Hispania Tarraconensis,,,,,True,False,False,False,False,42.406828,-6.707294,Gold,,,Domergue 1990: 40-44 .,0,,0,https://oxrep.classics.ox.ac.uk/databases/mines_database/records/812/,True,,gold,False,,
960,Río Sil 2,Bierzo,Spain,Hispania Tarraconensis,,,,,True,False,False,False,False,42.444415,-6.816281,Gold,"Rake/comb , Hydraulic Mining",,Domergue 1990: 40-44 .,0,,0,https://oxrep.classics.ox.ac.uk/databases/mines_database/records/960/,True,,gold,False,,
1001,Río Sil 1,Bierzo,Spain,Hispania Tarraconensis,,,,,True,False,False,False,False,42.524262,-6.817271,Gold,"Hydraulic Mining , Rake/comb",,Domergue 1990: 40-44 .,0,,0,https://oxrep.classics.ox.ac.uk/databases/mines_database/records/1001/,True,,gold,False,,
1208,El Pedregal,Bierzo,Spain,Hispania Tarraconensis,,,,,True,False,False,False,False,43.3667,-6.3667,Gold,,,Domergue 1990: 40-44 .,0,,0,https://oxrep.classics.ox.ac.uk/databases/mines_database/records/1208/,True,,gold,False,,
1279,Prado de Paradiña,Bierzo,Spain,Hispania Tarraconensis,,,,,True,False,False,False,False,42.7,-6.75,Gold,"Hydraulic Mining , Hushing",,Domergue 1990: 40-44 .,0,,0,https://oxrep.classics.ox.ac.uk/databases/mines_database/records/1279/,True,,gold,False,,
1342,Anguía,Bierzo,Spain,Hispania Tarraconensis,,,,,True,False,False,False,False,42.607658,-6.826137,Gold,,,Domergue 1990: 40-44 .,0,,0,https://oxrep.classics.ox.ac.uk/databases/mines_database/records/1342/,True,,gold,False,,
1382,Ermita de la Estrella,Bierzo,Spain,Hispania Tarraconensis,,,,,True,False,False,False,False,42.523181,-6.773512,Gold,,,Domergue 1990: 40-44 .,0,,0,https://oxrep.classics.ox.ac.uk/databases/mines_database/records/1382/,True,,gold,False,,
1398,Ribón,Bierzo,Spain,Hispania Tarraconensis,,,,,True,False,False,False,False,43.0333,-7.0667,Gold,,,Domergue 1990: 40-44 .,0,,0,https://oxrep.classics.ox.ac.uk/databases/mines_database/records/1398/,True,,gold,False,,
1653,Quilos,Bierzo,Spain,Hispania Tarraconensis,,,,,True,False,False,False,False,42.621459,-6.710705,Gold,,,Domergue 1990: 40-44 .,0,,0,https://oxrep.classics.ox.ac.uk/databases/mines_database/records/1653/,True,,gold,False,,
1778,Paradaseca,Bierzo,Spain,Hispania Tarraconensis,,,,,True,False,False,False,False,42.655745,-6.839648,Gold,,,Domergue 1990: 40-44 .,0,,0,https://oxrep.classics.ox.ac.uk/databases/mines_database/records/1778/,True,,gold,False,,
1854,Pradela,Bierzo,Spain,Hispania Tarraconensis,,,,,True,False,False,False,False,42.6667,-6.85,Gold,"Ruina Montium , Rake/comb , Hydraulic Mining",,Domergue 1990: 40-44 .,0,,0,https://oxrep.classics.ox.ac.uk/databases/mines_database/records/1854/,True,,gold,False,,
1937,Las Médulas,Bierzo,Spain,Hispania Tarraconensis,,,,,True,False,False,False,False,42.458889,-6.76,Gold,"Hushing , Hydraulic Mining , Ruina Montium , Rake/comb",,Domergue 1990: 40-44 ; Sanchez-Palencia 2000 .,0,,0,https://oxrep.classics.ox.ac.uk/databases/mines_database/records/1937/,True,,gold,False,,
1975,Pobladura de Somoza,Bierzo,Spain,Hispania Tarraconensis,,,,,True,False,False,False,False,42.65,-6.7667,Gold,,,Domergue 1990: 40-44 .,0,,0,https://oxrep.classics.ox.ac.uk/databases/mines_database/records/1975/,True,,gold,False,,
1519,Buñola,Buñola,Spain,Hispania Tarraconensis,,,,,False,True,True,False,False,39.696667,2.699722,"Silver , Lead",,,Domergue 1990: 64 .,0,,0,https://oxrep.classics.ox.ac.uk/databases/mines_database/records/1519/,True,,silver;lead,False,,
220,Pioch-Farrus,Cabrieres,France,Gallia Narbonensis,,,,,False,False,False,True,False,,,Copper,,,,0,,0,https://oxrep.classics.ox.ac.uk/databases/mines_database/records/220/,True,,copper,False,,
1636,Mougno,Cabrieres,France,Gallia Narbonensis,,,,,False,False,False,True,False,,,Copper,,,,0,,0,https://oxrep.classics.ox.ac.uk/databases/mines_database/records/1636/,True,,copper,False,,
1877,La Roussignole,Cabrieres,France,Gallia Narbonensis,,,,,False,False,False,True,False,43.578056,3.363333,Copper,Underground Mining,,Orejas 2003 ; Domergue 2008: 116 .,0,,0,https://oxrep.classics.ox.ac.uk/databases/mines_database/records/1877/,True,,copper,False,,
207,Cambo-les-Bains,Cambo-les-Bains,France,Gallia Aquitania,-200.0,,200.0,300.0,True,False,False,False,False,43.358889,-1.400278,Gold,Hydraulic Mining,,Cauuet 2001: 32-37 ; Domergue 2008: 23 .,0,,0,https://oxrep.classics.ox.ac.uk/databases/mines_database/records/207/,True,,gold,True,1.0,1.0
697,Camp de César,Cambo-les-Bains,France,Gallia Aquitania,,,,,True,False,False,False,False,44.119775,4.654039,Gold,Hydraulic Mining,,Cauuet 2001: 38-40 .,0,,0,https://oxrep.classics.ox.ac.uk/databases/mines_database/records/697/,True,,gold,False,,
2070,Landaussia,Cambo-les-Bains,France,Gallia Aquitania,,,,,True,False,False,False,False,,,Gold,Hydraulic Mining,,Cauuet 2001: 32-37 .,0,,0,https://oxrep.classics.ox.ac.uk/databases/mines_database/records/2070/,True,,gold,False,,
2090,Bertartéa,Cambo-les-Bains,France,Gallia Aquitania,,,,,True,False,False,False,False,,,Gold,Hydraulic Mining,,Cauuet 2001: 32-37 .,0,,0,https://oxrep.classics.ox.ac.uk/databases/mines_database/records/2090/,True,,gold,False,,
2054,Vărad,Caraş-Severin,Romania,Dacia,106.0,271.0,106.0,271.0,True,True,False,True,True,,,"Copper , Iron , Silver , Gold",,"Cemeteries dating to the Roman period are located nearby. ""Miner's objects"" were also discovered.",Simion 2004: 142 .,0,,0,https://oxrep.classics.ox.ac.uk/databases/mines_database/records/2054/,True,,gold;silver;copper;iron,True,0.0,1.0
2056,Borlova,Caraş-Severin,Romania,Dacia,106.0,271.0,106.0,271.0,True,False,False,False,False,45.366667,22.35,Gold,,gold washing?,Simion 2004: 134 .,0,,0,https://oxrep.classics.ox.ac.uk/databases/mines_database/records/2056/,True,,gold,True,0.0,1.0
2057,Moldova Nouă,Caraş-Severin,Romania,Dacia,106.0,271.0,106.0,271.0,True,True,True,True,True,44.726451,21.661303,"Lead , Copper , Gold , Silver , Iron",,,Simion 2004: 132 .,0,,0,https://oxrep.classics.ox.ac.uk/databases/mines_database/records/2057/,True,,gold;silver;lead;copper;iron,True,0.0,1.0
2065,Marga,Caraş-Severin,Romania,Dacia,106.0,271.0,106.0,271.0,True,False,False,False,False,45.504625,22.518912,Gold,,Possibly other metals extracted here,Simion 2004: 138 .,0,,0,https://oxrep.classics.ox.ac.uk/databases/mines_database/records/2065/,True,,gold,True,0.0,1.0
2073,Bocşa,Caraş-Severin,Romania,Dacia,106.0,,,271.0,True,True,False,False,True,45.37191,21.719919,"Iron , Gold , Silver",,"Mostly a site of iron mining, but gold, silver, and tin were also exploited. Found nearby were miner's lamps and bricks stamped by the Legio IV Flavia Feliz.",Simion 2004: 134 .,0,,0,https://oxrep.classics.ox.ac.uk/databases/mines_database/records/2073/,True,,gold;silver;iron,True,1.0,1.0
2075,Maidan,Caraş-Severin,Romania,Dacia,106.0,271.0,106.0,271.0,True,False,False,False,False,45.036473,21.70914,Gold,,Possibly other metals exploited here,Simion 2004: 138 .,0,,0,https://oxrep.classics.ox.ac.uk/databases/mines_database/records/2075/,True,,gold,True,0.0,1.0
2079,Surducu Mare,Caraş-Severin,Romania,Dacia,106.0,271.0,106.0,271.0,True,True,True,True,False,45.267017,21.585524,"Copper , Silver , Gold , Lead",,,Simion 2004: 140 .,0,,0,https://oxrep.classics.ox.ac.uk/databases/mines_database/records/2079/,True,,gold;silver;lead;copper,True,0.0,1.0
2080,Dognecea,Caraş-Severin,Romania,Dacia,106.0,271.0,106.0,271.0,True,True,True,True,True,45.266667,21.75,"Silver , Copper , Gold , Lead , Iron",,,Simion 2004: 136 .,0,,0,https://oxrep.classics.ox.ac.uk/databases/mines_database/records/2080/,True,,gold;silver;lead;copper;iron,True,0.0,1.0
2087,Bolvaşniţa,Caraş-Severin,Romania,Dacia,106.0,271.0,106.0,271.0,True,False,False,False,False,45.345189,22.308985,Gold,,"A site of ore washing, perhaps mining as well?",Simion 2004: 134 .,0,,0,https://oxrep.classics.ox.ac.uk/databases/mines_database/records/2087/,True,,gold,True,0.0,1.0
369,Sierra Alamagrera,Cartagena-Mazarrón,Spain,Hispania Tarraconensis,,,,,False,True,True,True,False,37.283333,-1.733333,"Silver , Lead , Copper",,,Domergue 1990: 62-64 ; Domergue 2008: 158 .,0,,0,https://oxrep.classics.ox.ac.uk/databases/mines_database/records/369/,True,,silver;lead;copper,False,,
529,Sierra de Cartagena,Cartagena-Mazarrón,Spain,Hispania Tarraconensis,,,,,False,True,True,True,True,37.603703,-0.888383,"Copper , Iron , Lead , Silver",Underground Mining,,Domergue 1990: 64 .,1,Mine Shaft,0,https://oxrep.classics.ox.ac.uk/databases/mines_database/records/529/,True,,silver;lead;copper;iron,False,,
601,Pilar de Jaravia,Cartagena-Mazarrón,Spain,Hispania Tarraconensis,,,,,False,True,False,False,False,37.393203,-1.692347,Silver,,,Domergue 1990: 62-64 .,0,,0,https://oxrep.classics.ox.ac.uk/databases/mines_database/records/601/,True,,silver,False,,
1180,Cabezo Rajado,Cartagena-Mazarrón,Spain,Hispania Tarraconensis,,,,,False,True,True,False,False,37.602825,-1.014964,"Silver , Lead",Underground Mining,,Domergue 1990: 62-64 .,1,Mine Shaft,0,https://oxrep.classics.ox.ac.uk/databases/mines_database/records/1180/,True,,silver;lead,False,,
1434,Pedreras Viejas,Cartagena-Mazarrón,Spain,Hispania Tarraconensis,,,,,False,True,True,False,False,37.5578,-1.462265,"Lead , Silver",Underground Mining,,Domergue 1990: 62-64 .,1,Mine Shaft,0,https://oxrep.classics.ox.ac.uk/databases/mines_database/records/1434/,True,,silver;lead,False,,
1472,El Charcon,Cartagena-Mazarrón,Spain,Hispania Tarraconensis,,,,,False,True,True,False,False,37.398753,-1.597961,"Silver , Lead",,,Domergue 1990: 63-65 .,0,,0,https://oxrep.classics.ox.ac.uk/databases/mines_database/records/1472/,True,,silver;lead,False,,
1691,Mazarrón,Cartagena-Mazarrón,Spain,Hispania Tarraconensis,,,,,False,True,True,False,False,37.59907,-1.313669,"Lead , Silver",Underground Mining,,Domergue 1990: 64 .,1,Mine Shaft,0,https://oxrep.classics.ox.ac.uk/databases/mines_database/records/1691/,True,,silver;lead,False,,
1977,Coto Fortuna,Cartagena-Mazarrón,Spain,Hispania Tarraconensis,,,,,False,True,True,False,False,37.617571,-1.561421,"Silver , Lead",Underground Mining,"Located in the Mazarron region it was a huge mining region as indicated by the archaeological remains of buildings, workings and mining waste (over 2.4 million tons). It had galleries measuring over 2km in length. It was opened in the republican period and was leased to mining companies.",Domergue 1990: 62-64 .,2,Gallery; Mine Shaft,0,https://oxrep.classics.ox.ac.uk/databases/mines_database/records/1977/,True,,silver;lead,False,,
213,Ceutrons,Ceutrons,France,Alpes Cottiae,,,,,False,False,False,True,False,45.485833,6.534444,Copper,Underground Mining,,Davies 1935: 77-78 ; Domergue 2008: 88 .,0,,0,https://oxrep.classics.ox.ac.uk/databases/mines_database/records/213/,True,,copper,False,,
2055,Băişoara,Cluj,Romania,Dacia,106.0,271.0,106.0,271.0,True,True,False,False,False,46.575556,23.4675,"Silver , Gold",Underground Mining,Originally found were Roman buildings which are no longer existing. Tools and miner's lamps were also found.,Simion 2004: 133 .,0,,0,https://oxrep.classics.ox.ac.uk/databases/mines_database/records/2055/,True,,gold;silver,True,0.0,1.0
2069,Peştera,Cluj,Romania,Dacia,106.0,271.0,,271.0,True,False,False,False,False,,,Gold,,Mine belongs to an unknown period.,Simion 2004: 137 .,0,,0,https://oxrep.classics.ox.ac.uk/databases/mines_database/records/2069/,True,,gold,True,0.0,1.0
1044,Colmenarejo,Colmenarejo,Spain,Hispania Tarraconensis,,,,,False,False,False,True,False,40.560833,-4.016944,Copper,,,Domergue 1990: 64 .,0,,0,https://oxrep.classics.ox.ac.uk/databases/mines_database/records/1044/,True,,copper,False,,
435,Trassierra 1 A,Córdoba,Spain,Hispania Baetica,,,,,False,True,True,False,False,37.92822,-4.88649,"Silver , Lead",,,Domergue 1990: 44-48 .,0,,0,https://oxrep.classics.ox.ac.uk/databases/mines_database/records/435/,True,,silver;lead,False,,
491,Arroyo de Alamo,Córdoba,Spain,Hispania Baetica,,,,,False,False,False,True,False,37.6333,-6.4333,Copper,,,Domergue 1990: 44-48 .,0,,0,https://oxrep.classics.ox.ac.uk/databases/mines_database/records/491/,True,,copper,False,,
634,La Gran Mina,Córdoba,Spain,Hispania Baetica,,,,,False,True,False,True,False,38.078808,-4.951152,"Copper , Silver",,,Domergue 1990: 44-48 .,0,,0,https://oxrep.classics.ox.ac.uk/databases/mines_database/records/634/,True,,silver;copper,False,,
681,Alamadenes del Guadiato,Córdoba,Spain,Hispania Baetica,,,,,False,False,False,True,False,37.969415,-4.902396,Copper,,,Domergue 1990: 44-48 .,0,,0,https://oxrep.classics.ox.ac.uk/databases/mines_database/records/681/,True,,copper,False,,
1082,El Mico,Córdoba,Spain,Hispania Baetica,,,,,False,False,False,True,False,37.982959,-4.812302,Copper,,,Domergue 1990: 44-48 .,0,,0,https://oxrep.classics.ox.ac.uk/databases/mines_database/records/1082/,True,,copper,False,,
1215,Cerro Muriano,Córdoba,Spain,Hispania Baetica,,,,,False,False,False,True,False,37.99516,-4.715843,Copper,Underground Mining,,Domergue 1990: 44-48 .,1,Mine Shaft,0,https://oxrep.classics.ox.ac.uk/databases/mines_database/records/1215/,True,,copper,False,,
1687,Lagar de la Cruz,Córdoba,Spain,Hispania Baetica,,,,,False,False,False,True,False,37.918815,-4.784282,Copper,,,Domergue 1990: 44-48 .,0,,0,https://oxrep.classics.ox.ac.uk/databases/mines_database/records/1687/,True,,copper,False,,
1770,Castilla del Cobe,Córdoba,Spain,Hispania Baetica,,,,,False,False,False,True,False,37.890463,-4.817388,Copper,Underground Mining,,Domergue 1990: 44-48 .,0,,0,https://oxrep.classics.ox.ac.uk/databases/mines_database/records/1770/,True,,copper,False,,
1783,Mirabueno,Córdoba,Spain,Hispania Baetica,,,,,False,True,True,False,False,40.9333,-2.7167,"Silver , Lead",,,Domergue 1990: 44-48 .,0,,0,https://oxrep.classics.ox.ac.uk/databases/mines_database/records/1783/,True,,silver;lead,False,,
1906,Castripicón,Córdoba,Spain,Hispania Baetica,,,,,False,False,False,True,False,37.937832,-4.932822,Copper,Underground Mining,,Domergue 1990: 44-48 .,1,Mine Shaft,0,https://oxrep.classics.ox.ac.uk/databases/mines_database/records/1906/,True,,copper,False,,
610,Dolores,Dolores,Spain,Hispania Baetica,,,,,False,True,True,False,False,39.497996,-4.836688,"Silver , Lead",,,Domergue 1990: 44-48 .,0,,0,https://oxrep.classics.ox.ac.uk/databases/mines_database/records/610/,True,,silver;lead,False,,
1039,El Hondillo,El Hondillo,Spain,Hispania Baetica,,,,,False,False,False,True,False,38.168883,-3.264989,Copper,,,Domergue 1990: 44-48 .,0,,0,https://oxrep.classics.ox.ac.uk/databases/mines_database/records/1039/,True,,copper,False,,
1555,El Judío,El Judío,Spain,Hispania Baetica,,,,,False,True,False,False,False,37.3667,-6.8833,Silver,,,Domergue 1990: 44-48 .,0,,0,https://oxrep.classics.ox.ac.uk/databases/mines_database/records/1555/,True,,silver,False,,
676,El Morte,El Morte,Spain,Hispania Baetica,,,,,False,True,True,False,False,38.294352,-3.009348,"Lead , Silver",,,Domergue 1990: 44-48 .,0,,0,https://oxrep.classics.ox.ac.uk/databases/mines_database/records/676/,True,,silver;lead,False,,
1570,Fombuena,Fombuena,Spain,Hispania Tarraconensis,,,,,False,False,False,True,False,41.15,-1.183333,Copper,,,Domergue 1990: 64 .,0,,0,https://oxrep.classics.ox.ac.uk/databases/mines_database/records/1570/,True,,copper,False,,
1430,Río Miño 4,Galica,Portugal,Hispania Tarraconensis,,,,,True,False,False,False,False,42.069455,-8.498709,Gold,"Rake/comb , Hydraulic Mining",,Domergue 1990: 40-41 .,0,,0,https://oxrep.classics.ox.ac.uk/databases/mines_database/records/1430/,True,,gold,False,,
1767,Río Miño 3,Galica,Portugal,Hispania Tarraconensis,,,,,True,False,False,False,False,42.050053,-8.532026,Gold,"Hydraulic Mining , Rake/comb",,Domergue 1990: 40-41 .,0,,0,https://oxrep.classics.ox.ac.uk/databases/mines_database/records/1767/,True,,gold,False,,
272,Covas,Galica,Spain,Hispania Tarraconensis,,,,,False,False,False,True,False,43.55,-8.2667,Copper,,,Domergue 1990: 40-41 .,0,,0,https://oxrep.classics.ox.ac.uk/databases/mines_database/records/272/,True,,copper,False,,
469,Río Navia 1,Galica,Spain,Hispania Tarraconensis,,,,,True,False,False,False,False,42.964552,-7.003762,Gold,"Rake/comb , Hydraulic Mining",,Domergue 1990: 40-41 .,0,,0,https://oxrep.classics.ox.ac.uk/databases/mines_database/records/469/,True,,gold,False,,
580,Rivas,Galica,Spain,Hispania Tarraconensis,,,,,True,False,False,False,False,42.526755,-8.079178,Gold,,,Domergue 1990: 40-41 .,0,,0,https://oxrep.classics.ox.ac.uk/databases/mines_database/records/580/,True,,gold,False,,
646,Río Sil 3,Galica,Spain,Hispania Tarraconensis,,,,,True,False,False,False,False,42.436016,-6.912041,Gold,"Hydraulic Mining , Rake/comb",,Domergue 1990: 40-41 .,0,,0,https://oxrep.classics.ox.ac.uk/databases/mines_database/records/646/,True,,gold,False,,
652,Lago,Galica,Spain,Hispania Tarraconensis,,,,,True,False,False,False,False,42.402285,-8.049065,Gold,,,Domergue 1990: 40-41 .,0,,0,https://oxrep.classics.ox.ac.uk/databases/mines_database/records/652/,True,,gold,False,,
693,Cobas de Fornas,Galica,Spain,Hispania Tarraconensis,,,,,False,False,False,True,False,42.856662,-8.489275,Copper,,,Domergue 1990: 40-41 .,0,,0,https://oxrep.classics.ox.ac.uk/databases/mines_database/records/693/,True,,copper,False,,
747,Ría de Foz,Galica,Spain,Hispania Tarraconensis,,,,,True,False,False,False,False,43.472786,-7.232011,Gold,"Rake/comb , Hydraulic Mining",,Domergue 1990: 40-41 .,0,,0,https://oxrep.classics.ox.ac.uk/databases/mines_database/records/747/,True,,gold,False,,
808,Sanfitorio,Galica,Spain,Hispania Tarraconensis,,,,,True,False,False,False,False,42.542081,-7.967109,Gold,"Hydraulic Mining , Rake/comb",,Domergue 1990: 40-41 .,0,,0,https://oxrep.classics.ox.ac.uk/databases/mines_database/records/808/,True,,gold,False,,
873,Río Lor 1,Galica,Spain,Hispania Tarraconensis,,,,,True,False,False,False,False,42.528583,-7.396376,Gold,"Rake/comb , Hydraulic Mining",,Domergue 1990: 40-41 .,0,,0,https://oxrep.classics.ox.ac.uk/databases/mines_database/records/873/,True,,gold,False,,
910,Río Miño 1,Galica,Spain,Hispania Tarraconensis,,,,,True,False,False,False,False,42.320783,-8.051554,Gold,"Rake/comb , Hydraulic Mining",,Domergue 1990: 40-41 .,0,,0,https://oxrep.classics.ox.ac.uk/databases/mines_database/records/910/,True,,gold,False,,
947,Río Miño 2,Galica,Spain,Hispania Tarraconensis,,,,,True,False,False,False,False,42.083121,-8.530963,Gold,"Hydraulic Mining , Rake/comb",,Domergue 1990: 40-41 .,0,,0,https://oxrep.classics.ox.ac.uk/databases/mines_database/records/947/,True,,gold,False,,
1012,La Quemada,Galica,Spain,Hispania Tarraconensis,,,,,True,False,False,False,False,42.506786,-7.244445,Gold,,,Domergue 1990: 40-41 .,0,,0,https://oxrep.classics.ox.ac.uk/databases/mines_database/records/1012/,True,,gold,False,,
1025,Espiñeira,Galica,Spain,Hispania Tarraconensis,,,,,True,False,False,False,False,43.457011,-7.349173,Gold,,,Domergue 1990: 40-41 .,0,,0,https://oxrep.classics.ox.ac.uk/databases/mines_database/records/1025/,True,,gold,False,,
1043,Corcoesto,Galica,Spain,Hispania Tarraconensis,,,,,True,False,False,False,False,43.2333,-8.8333,Gold,Underground Mining,,Domergue 1990: 40-41 .,1,Mine Shaft,0,https://oxrep.classics.ox.ac.uk/databases/mines_database/records/1043/,True,,gold,False,,
1142,San Xé,Galica,Spain,Hispania Tarraconensis,,,,,True,False,False,False,False,42.07084,-7.122861,Gold,"Rake/comb , Hydraulic Mining",,Domergue 1990: 40-41 .,0,,0,https://oxrep.classics.ox.ac.uk/databases/mines_database/records/1142/,True,,gold,False,,
1170,Puebla del Brollón,Galica,Spain,Hispania Tarraconensis,,,,,True,False,False,False,False,42.557038,-7.392418,Gold,"Rake/comb , Hydraulic Mining",,Domergue 1990: 40-41 .,0,,0,https://oxrep.classics.ox.ac.uk/databases/mines_database/records/1170/,True,,gold,False,,
1222,Moeche,Galica,Spain,Hispania Tarraconensis,,,,,False,False,False,True,False,43.55,-8.0167,Copper,,,Domergue 1990: 40-41 .,0,,0,https://oxrep.classics.ox.ac.uk/databases/mines_database/records/1222/,True,,copper,False,,
1251,Carris,Galica,Spain,Hispania Tarraconensis,,,,,True,False,False,False,False,43.461036,-7.460805,Gold,,,Domergue 1990: 40-41 .,0,,0,https://oxrep.classics.ox.ac.uk/databases/mines_database/records/1251/,True,,gold,False,,
1259,Barbantes,Galica,Spain,Hispania Tarraconensis,,,,,True,False,False,False,False,42.355861,-8.006884,Gold,,,Domergue 1990: 40-41 .,0,,0,https://oxrep.classics.ox.ac.uk/databases/mines_database/records/1259/,True,,gold,False,,
1268,Montefurado: Boca do Monte,Galica,Spain,Hispania Tarraconensis,,,,,True,False,False,False,False,43.1833,-7.2,Gold,Hydraulic Mining,The river Sil was diverted to expose the placer deposits. Where the river made a sharp turn it was diverted through a rock cut tunnel.,Domergue 1990: 40-41 .,0,,0,https://oxrep.classics.ox.ac.uk/databases/mines_database/records/1268/,True,,gold,False,,
1403,Río Sil 5,Galica,Spain,Hispania Tarraconensis,,,,,True,False,False,False,False,42.415727,-7.026236,Gold,"Rake/comb , Hydraulic Mining",,Domergue 1990: 40-41 .,0,,0,https://oxrep.classics.ox.ac.uk/databases/mines_database/records/1403/,True,,gold,False,,
1541,Pozo Limideiro,Galica,Spain,Hispania Tarraconensis,,,,,True,False,False,False,False,43.010901,-8.935788,Gold,,,Domergue 1990: 40-41 .,0,,0,https://oxrep.classics.ox.ac.uk/databases/mines_database/records/1541/,True,,gold,False,,
1549,Madarnas,Galica,Spain,Hispania Tarraconensis,,,,,True,False,False,False,False,42.371,-8.1025,Gold,,,Domergue 1990: 40-41 .,0,,0,https://oxrep.classics.ox.ac.uk/databases/mines_database/records/1549/,True,,gold,False,,
1631,Fornaza,Galica,Spain,Hispania Tarraconensis,,,,,False,True,True,False,False,43.112735,-6.932643,"Silver , Lead",,,Domergue 1990: 40-41 .,0,,0,https://oxrep.classics.ox.ac.uk/databases/mines_database/records/1631/,True,,silver;lead,False,,
1753,Moncelos,Galica,Spain,Hispania Tarraconensis,,,,,True,False,False,False,False,43.178647,-7.534656,Gold,"Rake/comb , Hydraulic Mining",,Domergue 1990: 40-41 .,0,,0,https://oxrep.classics.ox.ac.uk/databases/mines_database/records/1753/,True,,gold,False,,
1903,Río Sil 4,Galica,Spain,Hispania Tarraconensis,,,,,True,False,False,False,False,42.423063,-6.961543,Gold,"Rake/comb , Hydraulic Mining",,Domergue 1990: 40-41 .,0,,0,https://oxrep.classics.ox.ac.uk/databases/mines_database/records/1903/,True,,gold,False,,
1917,Valados,Galica,Spain,Hispania Tarraconensis,,,,,True,False,False,False,False,42.347589,-8.00313,Gold,,,Domergue 1990: 40-41 .,0,,0,https://oxrep.classics.ox.ac.uk/databases/mines_database/records/1917/,True,,gold,False,,
1934,Río Lor 2,Galica,Spain,Hispania Tarraconensis,,,,,True,False,False,False,False,42.684489,-7.119124,Gold,"Hydraulic Mining , Rake/comb",,Domergue 1990: 40-41 .,0,,0,https://oxrep.classics.ox.ac.uk/databases/mines_database/records/1934/,True,,gold,False,,
1949,Rio Foz,Galica,Spain,Hispania Tarraconensis,,,,,True,False,False,False,False,43.474067,-7.246708,Gold,,,Domergue 1990: 40-41 .,0,,0,https://oxrep.classics.ox.ac.uk/databases/mines_database/records/1949/,True,,gold,False,,
1960,O Penedo,Galica,Spain,Hispania Tarraconensis,,,,,True,False,False,False,False,42.034596,-7.131871,Gold,,,Domergue 1990: 40-41 .,0,,0,https://oxrep.classics.ox.ac.uk/databases/mines_database/records/1960/,True,,gold,False,,
2025,Baralla,Galica,Spain,Hispania Tarraconensis,,,,,True,False,False,False,False,42.892856,-7.253127,Gold,,,Domergue 1990: 40-41 .,0,,0,https://oxrep.classics.ox.ac.uk/databases/mines_database/records/2025/,True,,gold,False,,
833,Gornji Vakuf,Gornji Vakuf,Bosnia and Herzegovina,Dalmatia,,,,,True,True,False,True,True,43.933333,17.583333,"Iron , Copper , Gold , Silver",Underground Mining,,Davies 1935: 186-187 ; Hirt 2010: 72-74 .,0,,0,https://oxrep.classics.ox.ac.uk/databases/mines_database/records/833/,True,,gold;silver;copper;iron,False,,
884,Kreŝevo,Gornji Vakuf,Bosnia and Herzegovina,Dalmatia,,,,,True,False,False,False,True,43.866667,18.05,"Iron , Gold","Hydraulic Mining , Ground Sluicing",,Davies 1935: 186-187 ; Hirt 2010: 72-74 .,0,,0,https://oxrep.classics.ox.ac.uk/databases/mines_database/records/884/,True,,gold;iron,False,,
1320,Fojnica,Gornji Vakuf,Bosnia and Herzegovina,Dalmatia,,,,,True,False,False,False,True,43.966667,17.9,"Iron , Gold","Hydraulic Mining , Ground Sluicing",,Davies 1935: 186-187 ; Hirt 2010: 72-74 .,0,,0,https://oxrep.classics.ox.ac.uk/databases/mines_database/records/1320/,True,,gold;iron,False,,
1460,Ostružnica,Gornji Vakuf,Bosnia and Herzegovina,Dalmatia,,,,,True,False,False,False,True,,,"Gold , Iron","Ground Sluicing , Hydraulic Mining",,Davies 1935: 186-187 ; Hirt 2010: 72-74 .,0,,0,https://oxrep.classics.ox.ac.uk/databases/mines_database/records/1460/,True,,gold;iron,False,,
364,S. Domingos,Huelva,Portugal,Hispania Baetica,,,,,False,True,False,True,False,37.674323,-7.500128,"Silver , Copper",Underground Mining,,Domergue 1990: 49-62 .,1,Mine Shaft,0,https://oxrep.classics.ox.ac.uk/databases/mines_database/records/364/,True,,silver;copper,False,,
1331,Tharsis,Huelva,Portugal,Hispania Baetica,,,,,False,True,False,True,False,37.599822,-7.121341,"Copper , Silver",Underground Mining,"Extraction started at Tharsis in the Iron Age circa 2500 BC. The zenith of production was under Trajan but coins which have been found suggest mining could have continued until AD 350. The site has large slag piles and an estimated 4,000,000 tonnes of slag were produced. Other finds include remains of a water wheel with a rope still attached. After the Visigoths invaded the difficulty in draining the mine may have made it unworkable and been the cause of its closure.",Domergue 1990: 49-62 ; Domergue 2004: 87-105 .,2,Mine Shaft; Water-Lifting System,0,https://oxrep.classics.ox.ac.uk/databases/mines_database/records/1331/,True,,silver;copper,False,,
254,Ponderosa,Huelva,Spain,Hispania Baetica,,,,,False,False,False,True,False,37.746875,-6.654864,Copper,,,Domergue 1990: 49-62 .,0,,0,https://oxrep.classics.ox.ac.uk/databases/mines_database/records/254/,True,,copper,False,,
302,Segunderalejo,Huelva,Spain,Hispania Baetica,,,,,False,False,False,True,False,37.569712,-6.631061,Copper,,,Domergue 1990: 49-62 .,0,,0,https://oxrep.classics.ox.ac.uk/databases/mines_database/records/302/,True,,copper,False,,
416,Minas de Cala,Huelva,Spain,Hispania Baetica,,,,,False,False,False,True,False,37.966667,-6.316667,Copper,Underground Mining,,Domergue 1990: 49-61 .,1,Mine Shaft,0,https://oxrep.classics.ox.ac.uk/databases/mines_database/records/416/,True,,copper,False,,
422,Peña de Hierro,Huelva,Spain,Hispania Baetica,,,,,False,False,False,True,False,37.7167,-6.55,Copper,,,Domergue 1990: 49-62 .,0,,0,https://oxrep.classics.ox.ac.uk/databases/mines_database/records/422/,True,,copper,False,,
459,Los Bueyes,Huelva,Spain,Hispania Baetica,,,,,False,False,False,True,False,37.615075,-6.80189,Copper,,,Domergue 1990: 49-62 .,0,,0,https://oxrep.classics.ox.ac.uk/databases/mines_database/records/459/,True,,copper,False,,
514,Herrerías (Huelva),Huelva,Spain,Hispania Baetica,,,,,False,True,False,True,False,37.6167,-7.2833,"Silver , Copper",Underground Mining,,Domergue 1990: 49-62 .,1,Mine Shaft,0,https://oxrep.classics.ox.ac.uk/databases/mines_database/records/514/,True,,silver;copper,False,,
564,San Eduardo,Huelva,Spain,Hispania Baetica,,,,,False,False,False,True,False,37.767018,-6.654011,Copper,,,Domergue 1990: 49-62 .,0,,0,https://oxrep.classics.ox.ac.uk/databases/mines_database/records/564/,True,,copper,False,,
632,Tinto Santa Rosa,Huelva,Spain,Hispania Baetica,,,,,False,False,False,True,False,37.614778,-6.810404,Copper,,,Domergue 1990: 49-62 .,0,,0,https://oxrep.classics.ox.ac.uk/databases/mines_database/records/632/,True,,copper,False,,
658,La Lancha,Huelva,Spain,Hispania Baetica,,,,,False,False,False,True,False,38.2167,-3.9667,Copper,,,Domergue 1990: 49-62 .,0,,0,https://oxrep.classics.ox.ac.uk/databases/mines_database/records/658/,True,,copper,False,,
710,La Zarza,Huelva,Spain,Hispania Baetica,,,,,False,False,False,True,False,37.712524,-6.853573,Copper,Underground Mining,,Domergue 1990: 49-62 .,1,Mine Shaft,0,https://oxrep.classics.ox.ac.uk/databases/mines_database/records/710/,True,,copper,False,,
764,Vuelta Falsa,Huelva,Spain,Hispania Baetica,,,,,False,False,False,True,False,37.685642,-7.410847,Copper,,,Domergue 1990: 49-62 .,0,,0,https://oxrep.classics.ox.ac.uk/databases/mines_database/records/764/,True,,copper,False,,
788,Cabeza del Agua,Huelva,Spain,Hispania Baetica,,,,,False,False,False,True,False,37.398249,-6.997468,Copper,Underground Mining,,Domergue 1990: 49-62 .,0,,0,https://oxrep.classics.ox.ac.uk/databases/mines_database/records/788/,True,,copper,False,,
829,Castillo Buitrón,Huelva,Spain,Hispania Baetica,,,,,False,False,False,True,False,37.531261,-6.817565,Copper,,,Domergue 1990: 49-62 .,0,,0,https://oxrep.classics.ox.ac.uk/databases/mines_database/records/829/,True,,copper,False,,
830,Concepción,Huelva,Spain,Hispania Baetica,,,,,False,False,False,True,False,37.777404,-6.674632,Copper,Underground Mining,,Domergue 1990: 49-62 .,1,Mine Shaft,0,https://oxrep.classics.ox.ac.uk/databases/mines_database/records/830/,True,,copper,False,,
851,San Telmo,Huelva,Spain,Hispania Baetica,,,,,False,False,False,True,False,37.8,-6.9667,Copper,Underground Mining,,Domergue 1990: 49-62 .,1,Mine Shaft,0,https://oxrep.classics.ox.ac.uk/databases/mines_database/records/851/,True,,copper,False,,
937,Sierrecilla,Huelva,Spain,Hispania Baetica,,,,,False,True,True,True,False,37.599156,-7.269114,"Copper , Lead , Silver",,,Domergue 1990: 49-62 .,0,,0,https://oxrep.classics.ox.ac.uk/databases/mines_database/records/937/,True,,silver;lead;copper,False,,
946,La Reforma,Huelva,Spain,Hispania Baetica,,,,,False,False,False,True,False,37.772061,-6.301944,Copper,,,Domergue 1990: 49-62 .,0,,0,https://oxrep.classics.ox.ac.uk/databases/mines_database/records/946/,True,,copper,False,,
978,La Romanera,Huelva,Spain,Hispania Baetica,,,,,False,False,False,True,False,37.796896,-6.359627,Copper,,,Domergue 1990: 49-62 .,0,,0,https://oxrep.classics.ox.ac.uk/databases/mines_database/records/978/,True,,copper,False,,
1053,Cabezo de los Silos,Huelva,Spain,Hispania Baetica,,,,,False,False,False,True,False,37.662558,-7.401244,Copper,Underground Mining,,Domergue 1990: 49-62 .,1,Mine Shaft,0,https://oxrep.classics.ox.ac.uk/databases/mines_database/records/1053/,True,,copper,False,,
1118,Herrerías de los Confesionarios,Huelva,Spain,Hispania Baetica,,,,,False,False,False,True,False,37.799242,-6.893723,Copper,Underground Mining,,Domergue 1990: 49-62 .,1,Mine Shaft,0,https://oxrep.classics.ox.ac.uk/databases/mines_database/records/1118/,True,,copper,False,,
1145,El Lagunazo,Huelva,Spain,Hispania Baetica,,,,,False,False,False,True,False,37.632184,-7.169982,Copper,Underground Mining,,Domergue 1990: 49-62 .,1,Mine Shaft,0,https://oxrep.classics.ox.ac.uk/databases/mines_database/records/1145/,True,,copper,False,,
1158,Vulcano (Huelva),Huelva,Spain,Hispania Baetica,,,,,False,False,False,True,False,37.559516,-7.112519,Copper,Underground Mining,,Domergue 1990: 49-62 .,1,Mine Shaft,0,https://oxrep.classics.ox.ac.uk/databases/mines_database/records/1158/,True,,copper,False,,
1205,Campanario,Huelva,Spain,Hispania Baetica,,,,,False,False,False,True,False,37.465554,-6.84446,Copper,,,Domergue 1990: 49-62 .,0,,0,https://oxrep.classics.ox.ac.uk/databases/mines_database/records/1205/,True,,copper,False,,
1218,San Miguel (Huelva),Huelva,Spain,Hispania Baetica,,,,,False,False,False,True,False,37.7667,-6.75,Copper,,,Domergue 1990: 49-62 .,0,,0,https://oxrep.classics.ox.ac.uk/databases/mines_database/records/1218/,True,,copper,False,,
1239,Sotiel Coronada,Huelva,Spain,Hispania Baetica,,,,,False,False,False,True,False,37.601456,-6.850437,Copper,Underground Mining,"A large Roman mine noted for its many shafts- 100 twin shafts and 50 single shafts. To drain the mines water lifting devices were used a remains of an archimedes screw and a pump have been found. Smelting activities produced an estimated 40,000 tons of slag.",Domergue 1990: 49-62 ; Hirt 2010: 39 .,1,Mine Shaft,0,https://oxrep.classics.ox.ac.uk/databases/mines_database/records/1239/,True,,copper,False,,
1244,El Carpio,Huelva,Spain,Hispania Baetica,,,,,False,False,False,True,False,37.933333,-4.5,Copper,Underground Mining,,Domergue 1990: 49-62 .,1,Mine Shaft,0,https://oxrep.classics.ox.ac.uk/databases/mines_database/records/1244/,True,,copper,False,,
1272,Aguas Teñidas,Huelva,Spain,Hispania Baetica,,,,,False,False,False,True,False,37.777312,-6.855786,Copper,Underground Mining,,Domergue 1990: 49-62 .,1,Mine Shaft,0,https://oxrep.classics.ox.ac.uk/databases/mines_database/records/1272/,True,,copper,False,,
1287,Prado Vicioso,Huelva,Spain,Hispania Baetica,,,,,False,False,False,True,False,37.567446,-7.06769,Copper,,,Domergue 1990: 49-62 .,0,,0,https://oxrep.classics.ox.ac.uk/databases/mines_database/records/1287/,True,,copper,False,,
1301,Cabezas del Pasto,Huelva,Spain,Hispania Baetica,,,,,False,True,True,True,False,37.6,-7.3333,"Silver , Copper , Lead",Underground Mining,,Domergue 1990: 49-62 .,0,,0,https://oxrep.classics.ox.ac.uk/databases/mines_database/records/1301/,True,,silver;lead;copper,False,,
1317,Castillo de las Guardas,Huelva,Spain,Hispania Baetica,,,,,False,False,False,True,False,37.683333,-6.3,Copper,,,Domergue 1990: 49-62 .,0,,0,https://oxrep.classics.ox.ac.uk/databases/mines_database/records/1317/,True,,copper,False,,
1468,La Lapilla,Huelva,Spain,Hispania Baetica,,,,,False,False,False,True,False,37.57385,-7.116106,Copper,,,Domergue 1990: 49-62 .,0,,0,https://oxrep.classics.ox.ac.uk/databases/mines_database/records/1468/,True,,copper,False,,
1507,La Joya,Huelva,Spain,Hispania Baetica,,,,,False,False,False,True,False,37.7667,-7.0167,Copper,Underground Mining,,Domergue 1990: 49-62 .,1,Mine Shaft,0,https://oxrep.classics.ox.ac.uk/databases/mines_database/records/1507/,True,,copper,False,,
1526,Monte Romero,Huelva,Spain,Hispania Baetica,,,,,False,False,False,True,False,37.769989,-6.799517,Copper,,,Domergue 1990: 49-62 .,0,,0,https://oxrep.classics.ox.ac.uk/databases/mines_database/records/1526/,True,,copper,False,,
1724,Cabezo Hueca,Huelva,Spain,Hispania Baetica,,,,,False,False,False,True,False,37.541257,-7.066825,Copper,Underground Mining,,Domergue 1990: 49-62 .,1,Mine Shaft,0,https://oxrep.classics.ox.ac.uk/databases/mines_database/records/1724/,True,,copper,False,,
1754,Río Corumbel,Huelva,Spain,Hispania Baetica,,,,,False,False,False,True,False,37.468715,-6.495214,Copper,Underground Mining,,Domergue 1990: 49-62 .,0,,0,https://oxrep.classics.ox.ac.uk/databases/mines_database/records/1754/,True,,copper,False,,
1817,Sultana,Huelva,Spain,Hispania Baetica,,,,,False,False,False,True,False,37.956227,-6.295064,Copper,Underground Mining,,Domergue 1990: 49-61 .,1,Mine Shaft,0,https://oxrep.classics.ox.ac.uk/databases/mines_database/records/1817/,True,,copper,False,,
1825,Río Crispinejo,Huelva,Spain,Hispania Baetica,,,,,False,False,False,True,False,37.467,-6.2,Copper,Underground Mining,,Domergue 1990: 49-62 .,1,Mine Shaft,0,https://oxrep.classics.ox.ac.uk/databases/mines_database/records/1825/,True,,copper,False,,
1976,Mina Teular,Huelva,Spain,Hispania Baetica,,,,,False,False,False,True,False,37.93145,-6.285021,Copper,,,Domergue 1990: 49-62 .,0,,0,https://oxrep.classics.ox.ac.uk/databases/mines_database/records/1976/,True,,copper,False,,
1992,Cueva de la Mora,Huelva,Spain,Hispania Baetica,,,,,False,True,False,True,False,37.780037,-6.803109,"Silver , Copper",,,Domergue 1990: 49-62 .,0,,0,https://oxrep.classics.ox.ac.uk/databases/mines_database/records/1992/,True,,silver;copper,False,,
2003,Aurora,Huelva,Spain,Hispania Baetica,,,,,False,True,True,False,False,37.425625,-7.144575,"Silver , Lead",,,Domergue 1990: 49-62 .,0,,0,https://oxrep.classics.ox.ac.uk/databases/mines_database/records/2003/,True,,silver;lead,False,,
2007,Vicaria,Huelva,Spain,Hispania Baetica,,,,,False,False,False,True,False,38.025555,-6.309424,Copper,Underground Mining,,Domergue 1990: 49-62 .,0,,0,https://oxrep.classics.ox.ac.uk/databases/mines_database/records/2007/,True,,copper,False,,
2034,San Platón,Huelva,Spain,Hispania Baetica,,,,,False,False,False,True,False,37.7667,-6.6667,Copper,,,Domergue 1990: 49-62 .,0,,0,https://oxrep.classics.ox.ac.uk/databases/mines_database/records/2034/,True,,copper,False,,
2097,Riotinto,Huelva,Spain,Hispania Baetica,-100.0,,200.0,,False,True,False,True,True,37.693056,-6.595556,"Silver , Iron , Copper",Underground Mining,"Originally a Punic mine Riotinto was one of the largest mines in the Roman empire. It may be the site that Ptolemy refers to as Urium. Silver and copper mine which produced an estimated 16,000,000 tons of slag. 16 pairs of water wheels found in the mine draining depths of 100m. It is surrounded by an extensive settlement with cemeteries.",Jones 1980: 146-165 ; Rothenberg 1981 ; Domergue 1990: 49-62 .,2,Mine Shaft; over 1000 mine shafts (Mine Shaft),0,https://oxrep.classics.ox.ac.uk/databases/mines_database/records/2097/,True,,silver;copper;iron,True,1.0,1.0
2063,Iscroni,Hunedoara,Romania,Dacia,106.0,271.0,106.0,271.0,True,False,False,False,False,45.409798,23.314381,Gold,,Site is mentioned in the Tabulae Imperii Romani.,Simion 2004: 137 .,0,,0,https://oxrep.classics.ox.ac.uk/databases/mines_database/records/2063/,True,,gold,True,0.0,1.0
2064,Mesteacăn,Hunedoara,Romania,Dacia,106.0,271.0,106.0,271.0,True,False,False,False,False,46.148764,22.745731,Gold,,Extraction traces were found here but no solid evidence that the workings were Roman.,Simion 2004: 138 .,0,,0,https://oxrep.classics.ox.ac.uk/databases/mines_database/records/2064/,True,,gold,True,0.0,1.0
2066,Petroşani,Hunedoara,Romania,Dacia,106.0,271.0,106.0,271.0,True,False,False,False,False,45.412222,23.373333,Gold,,The site is mentioned in the Tabulae Imperii Romani. A bust of Ares was found here.,Simion 2004: 139 .,0,,0,https://oxrep.classics.ox.ac.uk/databases/mines_database/records/2066/,True,,gold,True,0.0,1.0
2067,Baia de Criş,Hunedoara,Romania,Dacia,106.0,271.0,106.0,271.0,True,False,False,False,False,46.176799,22.7116,Gold,,The Roman gallery measures 200m long and is .53 x .35m in width and length. Finds include coins of Marcus Aurelius and Antoninus Pius. Nearby is located a Roman mining settlement. At Caraci iron tools possibly Roman were found. Some evidence for water adduction was recorded but it is not clear to what this refers.,Simion 2004: 132 ; Hirt 2010: 72-74 .,1,Mine Shaft,0,https://oxrep.classics.ox.ac.uk/databases/mines_database/records/2067/,True,,gold,True,0.0,1.0
2072,Crăciuneşti,Hunedoara,Romania,Dacia,106.0,271.0,106.0,271.0,True,False,False,False,False,46.012535,22.86816,Gold,,Possible Roman mining occurred here.,Simion 2004: 136 .,0,,0,https://oxrep.classics.ox.ac.uk/databases/mines_database/records/2072/,True,,gold,True,0.0,1.0
2074,Crişcior,Hunedoara,Romania,Dacia,106.0,271.0,106.0,271.0,True,False,False,False,False,46.123472,22.866127,Gold,,,Simion 2004: 136 .,0,,0,https://oxrep.classics.ox.ac.uk/databases/mines_database/records/2074/,True,,gold,True,0.0,1.0
2078,Teliuc,Hunedoara,Romania,Dacia,106.0,271.0,106.0,271.0,True,False,False,False,False,45.724861,22.884746,Gold,,Roman cemetery and mine are located here.,Simion 2004: 141 .,0,,0,https://oxrep.classics.ox.ac.uk/databases/mines_database/records/2078/,True,,gold,True,0.0,1.0
2085,Fizeş,Hunedoara,Romania,Dacia,106.0,271.0,106.0,271.0,True,False,False,False,False,45.996398,22.882238,Gold,,Evidence for Roman mines and settlements found here.,Simion 2004: 137 .,0,,0,https://oxrep.classics.ox.ac.uk/databases/mines_database/records/2085/,True,,gold,True,0.0,1.0
2086,Hărţăgani,Hunedoara,Romania,Dacia,106.0,271.0,106.0,271.0,True,False,False,False,False,46.058208,22.943132,Gold,,unknown metal. Very faint evidence of Roman mining activities.,Simion 2004: 137 .,0,,0,https://oxrep.classics.ox.ac.uk/databases/mines_database/records/2086/,True,,gold,True,0.0,1.0
2088,Băita,Hunedoara,Romania,Dacia,106.0,271.0,106.0,271.0,False,True,False,False,False,45.911944,22.567708,Silver,Underground Mining,"Extensive subterranean silver mine. Roman structures including hydraulic tanks and buildings were recorded in the 19th century but they are no longer visible. Galleries were approximately 2m high and 0.56-0.65 m wide. Finds discovered include mining tools, lamps, mosaics, tiles and mural paintings in the nearby buildings.",Simion 2004: 133 .,2,Gallery; Water-Lifting System,0,https://oxrep.classics.ox.ac.uk/databases/mines_database/records/2088/,True,,silver,True,0.0,1.0
2091,Ţebea,Hunedoara,Romania,Dacia,106.0,271.0,106.0,271.0,True,False,False,False,False,46.165616,22.728298,Gold,,Mines identified one with water draining system,Simion 2004: 141 .,0,,0,https://oxrep.classics.ox.ac.uk/databases/mines_database/records/2091/,True,,gold,True,0.0,1.0
2092,Trestia,Hunedoara,Romania,Dacia,106.0,271.0,106.0,271.0,True,False,False,False,False,46.020016,22.933759,Gold,Underground Mining,Chained skeletons were found in collapsed galleries.,Simion 2004: 141 .,1,Gallery,0,https://oxrep.classics.ox.ac.uk/databases/mines_database/records/2092/,True,,gold,True,0.0,1.0
2093,Caraciu,Hunedoara,Romania,Dacia,106.0,271.0,106.0,271.0,True,False,False,False,False,46.189402,22.701549,Gold,Underground Mining,Roman settlements surround the mine. Piles of debris from washing the gold ore are present on the surface near the mines.,Simion 2004: 136 .,1,Gallery,0,https://oxrep.classics.ox.ac.uk/databases/mines_database/records/2093/,True,,gold,True,0.0,1.0
2094,Câinelul de Sus,Hunedoara,Romania,Dacia,106.0,271.0,106.0,271.0,True,False,False,False,False,46.032466,22.892639,Gold,,Mine workings existed on many of the surrounding hills. Coins and Roman bricks were found as well.,Simion 2004: 135 .,0,,0,https://oxrep.classics.ox.ac.uk/databases/mines_database/records/2094/,True,,gold,True,0.0,1.0
2099,Ruda,Hunedoara,Romania,Dacia,106.0,271.0,106.0,271.0,True,False,False,False,False,45.697868,22.747861,Gold,Underground Mining,"An underground gold mining site with galleries measuring about 1 m high and 60-70 cm wide. The narrow nature of the galleries may suggest child labour. Also found here were tools, coins, and Roman lamps.",Simion 2004: 139 .,3,Gallery; Gallery; Water-Lifting System,0,https://oxrep.classics.ox.ac.uk/databases/mines_database/records/2099/,True,,gold,True,0.0,1.0
2105,Săcărâmb,Hunedoara,Romania,Dacia,106.0,271.0,106.0,271.0,True,False,False,False,False,45.973336,23.041518,Gold,Underground Mining,Underground gold mine. Near by mines have also been recorded though their date is uncertain. Some of the site's galleries ran 25m in length.,Simion 2004: 139 .,1,Gallery,0,https://oxrep.classics.ox.ac.uk/databases/mines_database/records/2105/,True,,gold,True,0.0,1.0
2106,Măgura-Topliţa,Hunedoara,Romania,Dacia,106.0,271.0,106.0,271.0,True,False,False,False,False,45.979816,22.93701,Gold,,Roman funeral urn found here.,Simion 2004: 138 .,0,,0,https://oxrep.classics.ox.ac.uk/databases/mines_database/records/2106/,True,,gold,True,0.0,1.0
2111,Hondol,Hunedoara,Romania,Dacia,106.0,271.0,106.0,271.0,True,False,False,False,False,45.989259,22.984224,Gold,,Săcărâmb mines were part of the same complex as the Hondol mines.,Simion 2004: 137 .,0,,0,https://oxrep.classics.ox.ac.uk/databases/mines_database/records/2111/,True,,gold,True,0.0,1.0
442,Monteponi,Iglesias,Italy,Corsica et Sardinia,,,,,False,True,True,False,False,39.316667,8.533333,"Silver , Lead , Zinc",,,Davies 1935 ; Hirt 2010 .,2,Gallery; Slag Heap,0,https://oxrep.classics.ox.ac.uk/databases/mines_database/records/442/,True,,silver;lead,False,,
850,Fluminimaggiore,Iglesias,Italy,Corsica et Sardinia,,,,,False,True,True,False,False,39.4397,8.4964,"Lead , Silver",,,Hirt 2010: 79-81 .,0,,0,https://oxrep.classics.ox.ac.uk/databases/mines_database/records/850/,True,,silver;lead,False,,
1045,San Giorgo,Iglesias,Italy,Corsica et Sardinia,,,,,False,True,True,False,False,39.0644,8.995,"Lead , Silver",,,Hirt 2010: 79-81 .,0,,0,https://oxrep.classics.ox.ac.uk/databases/mines_database/records/1045/,True,,silver;lead,False,,
1450,Malacalzetta,Iglesias,Italy,Corsica et Sardinia,,,,,False,True,True,False,False,39.374915,8.550768,"Silver , Lead",,,Hirt 2010: 79-80 .,0,,0,https://oxrep.classics.ox.ac.uk/databases/mines_database/records/1450/,True,,silver;lead,False,,
1516,San Giovanni,Iglesias,Italy,Corsica et Sardinia,,,,,False,True,True,False,False,39.11,8.5211,"Lead , Silver",,,Hirt 2010: 79-81 .,0,,0,https://oxrep.classics.ox.ac.uk/databases/mines_database/records/1516/,True,,silver;lead,False,,
1782,Japra,Japra Valley,Bosnia and Herzegovina,Dalmatia,,,,,False,True,True,True,True,45.0306,16.4572,"Silver , Iron , Copper , Lead",Underground Mining,,Davies 1935: 185-186 ; Hirt 2010: 56 .,1,Slag Heap,0,https://oxrep.classics.ox.ac.uk/databases/mines_database/records/1782/,True,,silver;lead;copper;iron,False,,
219,Lascours,L'Orb,France,Gallia Narbonensis,,,,,False,True,True,True,False,44.013706,4.193625,"Copper , Lead , Silver",Underground Mining,"Mining structures have been identified including galleries and shafts, as well as a mining village and instillations for processing ore. Highly organized site with multiple mining companies being employed.",Orejas 2003 ; Domergue 2008: 194 .,2,Gallery; Mine Shaft,0,https://oxrep.classics.ox.ac.uk/databases/mines_database/records/219/,True,,silver;lead;copper,False,,
518,La Argentera,La Argentera,Spain,Hispania Tarraconensis,,,,,False,True,True,False,False,39.091618,1.516678,"Silver , Lead",Underground Mining,,Domergue 1990: 64 .,1,Mine Shaft,0,https://oxrep.classics.ox.ac.uk/databases/mines_database/records/518/,True,,silver;lead,False,,
690,Lanestosa,Lanestosa,Spain,Hispania Tarraconensis,,,,,False,False,True,False,False,43.216667,-3.433333,"Lead , Zinc",Underground Mining,Calamine was also mined here.,Domergue 1990: 64 .,0,,0,https://oxrep.classics.ox.ac.uk/databases/mines_database/records/690/,True,,lead,False,,
204,Le Bleymard,Le Bleymard,France,Gallia Aquitania,,,,,False,True,True,False,False,44.48722,3.73583,"Silver , Lead",,,Domergue 2008: 86 .,0,,0,https://oxrep.classics.ox.ac.uk/databases/mines_database/records/204/,True,,silver;lead,False,,
214,Les Miaules,Les Miaules,France,Gallia Lugdunensis,,,,,True,False,False,False,False,47.899945,-1.034892,Gold,,,Domergue 2008: 89 .,0,,0,https://oxrep.classics.ox.ac.uk/databases/mines_database/records/214/,True,,gold,False,,
320,Compuerto,León,Spain,Hispania Tarraconensis,,,,,True,False,False,False,False,42.891765,-4.697987,Gold,,,Domergue 1990: 40-43 .,0,,0,https://oxrep.classics.ox.ac.uk/databases/mines_database/records/320/,True,,gold,False,,
336,Cimera de la Collada,León,Spain,Hispania Tarraconensis,,,,,True,False,False,False,False,42.704014,-5.913549,Gold,,,Domergue 1990: 40-42 .,0,,0,https://oxrep.classics.ox.ac.uk/databases/mines_database/records/336/,True,,gold,False,,
348,Susañe del Sil,León,Spain,Hispania Tarraconensis,,,,,True,False,False,False,False,42.870301,-6.467642,Gold,,,Domergue 1990: 40-42 .,0,,0,https://oxrep.classics.ox.ac.uk/databases/mines_database/records/348/,True,,gold,False,,
455,Vegas del Condado,León,Spain,Hispania Tarraconensis,,,,,True,False,False,False,False,42.684036,-5.366673,Gold,"Hushing , Hydraulic Mining",,Domergue 1990: 40-42 .,0,,0,https://oxrep.classics.ox.ac.uk/databases/mines_database/records/455/,True,,gold,False,,
633,Villarion,León,Spain,Hispania Tarraconensis,,,,,True,False,False,False,False,42.917454,-6.384248,Gold,,,Domergue 1990: 40-42 .,0,,0,https://oxrep.classics.ox.ac.uk/databases/mines_database/records/633/,True,,gold,False,,
777,Médulas de la Omañas,León,Spain,Hispania Tarraconensis,,,,,True,False,False,False,False,42.683434,-5.869647,Gold,"Hushing , Hydraulic Mining",,Domergue 1990: 40-43 .,0,,0,https://oxrep.classics.ox.ac.uk/databases/mines_database/records/777/,True,,gold,False,,
846,Valle Rabón,León,Spain,Hispania Tarraconensis,,,,,True,False,False,False,False,42.86205,-6.355713,Gold,,,Domergue 1990: 40-42 .,0,,0,https://oxrep.classics.ox.ac.uk/databases/mines_database/records/846/,True,,gold,False,,
862,Alto de las Fornias,León,Spain,Hispania Tarraconensis,,,,,True,False,False,False,False,42.747788,-6.149221,Gold,,,Domergue 1990: 40-42 .,0,,0,https://oxrep.classics.ox.ac.uk/databases/mines_database/records/862/,True,,gold,False,,
1099,Camporredondo,León,Spain,Hispania Tarraconensis,,,,,True,False,False,False,False,42.95885,-4.667762,Gold,,,Domergue 1990: 40-43 .,0,,0,https://oxrep.classics.ox.ac.uk/databases/mines_database/records/1099/,True,,gold,False,,
1144,Peña María,León,Spain,Hispania Tarraconensis,,,,,False,True,True,False,False,42.969148,-4.691778,"Silver , Lead",,,Domergue 1990: 40-43 .,0,,0,https://oxrep.classics.ox.ac.uk/databases/mines_database/records/1144/,True,,silver;lead,False,,
1313,Reguera de las Fuentes,León,Spain,Hispania Tarraconensis,,,,,True,False,False,False,False,42.19407,-5.427862,Gold,"Hydraulic Mining , Rake/comb",,Domergue 1990: 40-42 .,0,,0,https://oxrep.classics.ox.ac.uk/databases/mines_database/records/1313/,True,,gold,False,,
1686,Pozo de la Griega,León,Spain,Hispania Tarraconensis,,,,,True,False,False,False,False,42.683908,-5.760539,Gold,"Hushing , Hydraulic Mining",,Domergue 1990: 40-44 .,0,,0,https://oxrep.classics.ox.ac.uk/databases/mines_database/records/1686/,True,,gold,False,,
1793,Cirujales,León,Spain,Hispania Tarraconensis,,,,,True,False,False,False,False,42.7833,-6.0667,Gold,,,Domergue 1990: 40-43 .,0,,0,https://oxrep.classics.ox.ac.uk/databases/mines_database/records/1793/,True,,gold,False,,
1878,El Ploncion,León,Spain,Hispania Tarraconensis,,,,,True,False,False,False,False,42.729849,-5.943309,Gold,,,Domergue 1990: 40-42 .,0,,0,https://oxrep.classics.ox.ac.uk/databases/mines_database/records/1878/,True,,gold,False,,
1962,Cousos,León,Spain,Hispania Tarraconensis,,,,,True,False,False,False,False,42.766008,-6.045837,Gold,,,Domergue 1990: 40-42 .,0,,0,https://oxrep.classics.ox.ac.uk/databases/mines_database/records/1962/,True,,gold,False,,
231,La Luz (Linares),Linares-La Carolina,Spain,Hispania Tarraconensis,,,,,False,True,True,False,False,38.138349,-3.530212,"Silver , Lead",Underground Mining,,Domergue 1990: 44-48 .,1,Mine Shaft,0,https://oxrep.classics.ox.ac.uk/databases/mines_database/records/231/,True,,silver;lead,False,,
429,Los Alemanes,Linares-La Carolina,Spain,Hispania Tarraconensis,,,,,False,True,True,False,False,38.163971,-3.605042,"Lead , Silver",,,Domergue 1990: 44-48 .,0,,0,https://oxrep.classics.ox.ac.uk/databases/mines_database/records/429/,True,,silver;lead,False,,
971,La Torrecilla,Linares-La Carolina,Spain,Hispania Tarraconensis,,,,,False,True,True,False,False,38.271405,-3.643009,"Silver , Lead",Underground Mining,,Domergue 1990: 44-48 .,0,,0,https://oxrep.classics.ox.ac.uk/databases/mines_database/records/971/,True,,silver;lead,False,,
1075,El Centenillo,Linares-La Carolina,Spain,Hispania Tarraconensis,,,,,False,True,True,False,False,38.3333,-3.7333,"Lead , Silver",Underground Mining,Large underground Roman silver and lead mine. Based on archeaological finds including coins the mining started in the 2nd century BC. Five Archimedes’ screw have been found along with mining tools. The mines went to a depth of 225 metres.,Domergue 1971: 265-363 ; Domergue 1990: 44-48 .,3,Gallery; Mine Shaft; Water-Lifting System,0,https://oxrep.classics.ox.ac.uk/databases/mines_database/records/1075/,True,,silver;lead,False,,
1124,La Cruz,Linares-La Carolina,Spain,Hispania Tarraconensis,,,,,False,True,True,True,False,38.1333,-3.6333,"Lead , Silver , Copper",Underground Mining,,Domergue 1990: 44-48 .,1,Mine Shaft,0,https://oxrep.classics.ox.ac.uk/databases/mines_database/records/1124/,True,,silver;lead;copper,False,,
1201,Los Palazuelos,Linares-La Carolina,Spain,Hispania Tarraconensis,,,,,False,True,True,True,False,38.222591,-3.571231,"Silver , Lead , Copper",Underground Mining,,Domergue 1990: 44-48 .,1,Mine Shaft,0,https://oxrep.classics.ox.ac.uk/databases/mines_database/records/1201/,True,,silver;lead;copper,False,,
1297,El Castillo,Linares-La Carolina,Spain,Hispania Tarraconensis,,,,,False,True,True,False,False,38.318208,-3.565506,"Silver , Lead",Underground Mining,,Domergue 1990: 44-48 .,1,Mine Shaft,0,https://oxrep.classics.ox.ac.uk/databases/mines_database/records/1297/,True,,silver;lead,False,,
1335,Filón del Cobre,Linares-La Carolina,Spain,Hispania Tarraconensis,,,,,False,True,True,True,False,38.117467,-3.670097,"Lead , Silver , Copper",,,Domergue 1990: 44-48 .,0,,0,https://oxrep.classics.ox.ac.uk/databases/mines_database/records/1335/,True,,silver;lead;copper,False,,
1389,Venta Quemada,Linares-La Carolina,Spain,Hispania Tarraconensis,,,,,False,True,True,False,False,37.5833,-2.45,"Lead , Silver",,,Domergue 1990: 44-48 .,0,,0,https://oxrep.classics.ox.ac.uk/databases/mines_database/records/1389/,True,,silver;lead,False,,
1524,San Gabriel,Linares-La Carolina,Spain,Hispania Tarraconensis,,,,,False,True,True,False,False,38.370927,-3.507329,"Silver , Lead",Underground Mining,,Domergue 1990: 44-48 .,0,,0,https://oxrep.classics.ox.ac.uk/databases/mines_database/records/1524/,True,,silver;lead,False,,
1640,Los Arrayanes,Linares-La Carolina,Spain,Hispania Tarraconensis,,,,,False,True,True,True,False,38.147436,-3.550685,"Silver , Lead , Copper",,,Domergue 1990: 44-48 .,0,,0,https://oxrep.classics.ox.ac.uk/databases/mines_database/records/1640/,True,,silver;lead;copper,False,,
1760,San Roque,Linares-La Carolina,Spain,Hispania Tarraconensis,,,,,False,True,True,False,False,38.136764,-3.656335,"Silver , Lead",Underground Mining,,Domergue 1990: 44-48 .,0,,0,https://oxrep.classics.ox.ac.uk/databases/mines_database/records/1760/,True,,silver;lead,False,,
1798,Los Guindos,Linares-La Carolina,Spain,Hispania Tarraconensis,,,,,False,True,True,False,False,38.2833,-3.6833,"Lead , Silver",,,Domergue 1990: 44-48 .,0,,0,https://oxrep.classics.ox.ac.uk/databases/mines_database/records/1798/,True,,silver;lead,False,,
1804,El Chaves,Linares-La Carolina,Spain,Hispania Tarraconensis,,,,,False,False,False,False,False,38.146708,-3.662582,,,,Domergue 1990: 44-48 .,0,,0,https://oxrep.classics.ox.ac.uk/databases/mines_database/records/1804/,True,,,False,,
1315,Los Engarbos,Los Engarbos,Spain,Hispania Baetica,,,,,False,True,True,False,False,38.387631,-3.159799,"Silver , Lead",,,Domergue 1990: 44-48 .,0,,0,https://oxrep.classics.ox.ac.uk/databases/mines_database/records/1315/,True,,silver;lead,False,,
6,Machen,Machen,United Kingdom,Brittannia,,,,,False,True,True,False,False,51.59885,-3.13475,"Lead , Silver",Underground Mining,,Orejas 2003 .,2,Caerphilly; Fort Legio II Augusta,0,https://oxrep.classics.ox.ac.uk/databases/mines_database/records/6/,True,,silver;lead,False,,
555,Noreia,Magdalensberg,Austria,Noricum,,,,,True,False,False,False,True,46.7,14.433333,"Gold , Iron",,,Hirt 2010: 53-56 .,0,,0,https://oxrep.classics.ox.ac.uk/databases/mines_database/records/555/,True,,gold;iron,False,,
404,Massa Marittima,Massa Marittima,Italy,Italia,,,,,False,False,True,True,True,43.05,10.8833,"Zinc , Iron , Copper , Lead",Underground Mining,,Orejas 2003 .,0,,0,https://oxrep.classics.ox.ac.uk/databases/mines_database/records/404/,True,,lead;copper;iron,False,,
2062,Vârciorova,Mehedinţi,Romania,Dacia,106.0,271.0,106.0,271.0,True,False,False,False,False,44.734325,22.375058,Gold,,,Simion 2004: 142 .,0,,0,https://oxrep.classics.ox.ac.uk/databases/mines_database/records/2062/,True,,gold,True,0.0,1.0
14,Charterhouse,Mendips,United Kingdom,Brittannia,49.0,49.0,,,False,True,True,False,False,51.2986,-2.7221,"Lead , Silver",Opencast Mining,"A road leading to town and fort and workings has been identified An imperial freeman's grave indicated imperial control of mines. Inscribed lead ingots have been excavated with the names of companies or of the transporters of the lead. Emperors Claudius, Nero and Vespasian have been named on lead ingots.",Davies 1935: 148-151 ; Orejas 2003 .,3,Amphitheater; Mining pit; Slag Heap,0,https://oxrep.classics.ox.ac.uk/databases/mines_database/records/14/,True,,silver;lead,True,1.0,1.0
15,Chewton,Mendips,United Kingdom,Brittannia,,,,,False,True,True,False,False,51.2755,-2.577,"Lead , Silver",Opencast Mining,,Orejas 2003 .,0,,0,https://oxrep.classics.ox.ac.uk/databases/mines_database/records/15/,True,,silver;lead,False,,
218,La Minaye,Minayre,France,Gallia Aquitania,,,,,False,True,True,False,False,46.194472,2.468392,"Lead , Silver",,,Domergue 2008: 86 .,0,,0,https://oxrep.classics.ox.ac.uk/databases/mines_database/records/218/,True,,silver;lead,False,,
1261,Vitovnica,Mlava Valley,Serbia,Moesia Superior,,,,,False,True,True,False,True,44.75,21.216667,"Lead , Iron , Silver",,A nearby fort exisits and slag large silver slag piles. Roman coins also found,Hirt 2010: 61 .,0,,0,https://oxrep.classics.ox.ac.uk/databases/mines_database/records/1261/,True,,silver;lead;iron,False,,
889,Monte Venero,Monte Venero,Spain,Hispania Baetica,,,,,False,True,True,False,False,38.352816,-3.341385,"Silver , Lead",,,Domergue 1990: 44-48 .,0,,0,https://oxrep.classics.ox.ac.uk/databases/mines_database/records/889/,True,,silver;lead,False,,
446,Huerta de Jaun Abad,Montoro Andújar,Spain,Hispania Baetica,,,,,False,True,True,False,False,38.170695,-4.387394,"Lead , Silver",,,Domergue 1990: 44-48 .,0,,0,https://oxrep.classics.ox.ac.uk/databases/mines_database/records/446/,True,,silver;lead,False,,
728,Los Almandenejos A,Montoro Andújar,Spain,Hispania Baetica,,,,,False,False,False,True,False,38.166864,-4.255014,Copper,,,Domergue 1990: 44-48 .,0,,0,https://oxrep.classics.ox.ac.uk/databases/mines_database/records/728/,True,,copper,False,,
861,Valquemando,Montoro Andújar,Spain,Hispania Baetica,,,,,False,False,False,True,False,38.239311,-4.180972,Copper,,,Domergue 1990: 44-48 .,0,,0,https://oxrep.classics.ox.ac.uk/databases/mines_database/records/861/,True,,copper,False,,
1465,La Herreria,Montoro Andújar,Spain,Hispania Baetica,,,,,False,True,True,True,False,38.225797,-4.47226,"Lead , Silver , Copper",,,Domergue 1990: 44-48 .,0,,0,https://oxrep.classics.ox.ac.uk/databases/mines_database/records/1465/,True,,silver;lead;copper,False,,
1801,Salas de Galiarda,Montoro Andújar,Spain,Hispania Baetica,,,,,False,False,False,True,False,38.210366,-3.848032,Copper,Underground Mining,,Domergue 1990: 44-48 .,1,Mine Shaft,0,https://oxrep.classics.ox.ac.uk/databases/mines_database/records/1801/,True,,copper,False,,
1936,Los Escoriales,Montoro Andújar,Spain,Hispania Baetica,,,,,False,False,False,True,False,38.179566,-3.930001,Copper,Underground Mining,,Domergue 1990: 44-48 .,1,Mine Shaft,0,https://oxrep.classics.ox.ac.uk/databases/mines_database/records/1936/,True,,copper,False,,
386,Nava del Jadraque,Nava del Jadraque,Spain,Hispania Tarraconensis,,,,,True,False,False,False,False,41.086587,-3.139168,Gold,Underground Mining,,Domergue 1990: 64 .,0,,0,https://oxrep.classics.ox.ac.uk/databases/mines_database/records/386/,True,,gold,False,,
208,Eifel,North Rhine,Germany,Germania Inferior,,,,,False,True,True,False,False,50.616667,6.433333,"Lead , Silver",Underground Mining,,Davies 1935: 176-177 ; Domergue 2008: 23 .,0,,0,https://oxrep.classics.ox.ac.uk/databases/mines_database/records/208/,True,,silver;lead,False,,
408,Aachen,North Rhine,Germany,Germania Inferior,,,,,False,True,True,False,True,50.775278,6.082778,"Iron , Silver , Lead",Underground Mining,,Davies 1935: 178-179 .,0,,0,https://oxrep.classics.ox.ac.uk/databases/mines_database/records/408/,True,,silver;lead;iron,False,,
532,Mechernich,North Rhine,Germany,Germania Inferior,,,,,False,True,True,False,False,50.6,6.65,"Zinc , Lead , Silver",Underground Mining,,,1,Gallery,0,https://oxrep.classics.ox.ac.uk/databases/mines_database/records/532/,True,,silver;lead,False,,
1167,Keldenich,North Rhine,Germany,Germania Inferior,,,,,False,True,True,False,False,50.813507,6.969153,"Lead , Silver","Underground Mining , Opencast Mining",,Davies 1935: 176-177 .,0,,0,https://oxrep.classics.ox.ac.uk/databases/mines_database/records/1167/,True,,silver;lead,False,,
1520,Bleiberg,North Rhine,Germany,Germania Inferior,,,,,False,True,True,False,False,51.344337,7.075125,"Silver , Lead",Opencast Mining,,Davies 1935: 178-179 .,0,,0,https://oxrep.classics.ox.ac.uk/databases/mines_database/records/1520/,True,,silver;lead,False,,
1709,Bad Ems,North Rhine,Germany,Germania Inferior,,,,,False,True,True,True,False,50.338056,7.710556,"Lead , Silver , Copper",Opencast Mining,,Davies 1935: 179-180 ; Domergue 2008: 23 .,1,Blaskopf-fortified furnaces (Factory),0,https://oxrep.classics.ox.ac.uk/databases/mines_database/records/1709/,True,,silver;lead;copper,False,,
787,Argentiera,Nurra,Italy,Corsica et Sardinia,,,,,False,True,True,False,False,40.74,8.151111,"Silver , Lead",,,Hirt 2010: 79-81 .,0,,0,https://oxrep.classics.ox.ac.uk/databases/mines_database/records/787/,True,,silver;lead,False,,
1343,Orellana Vieja,Orellana Vieja,Spain,Hispania Baetica,,,,,False,True,True,False,False,39.0,-5.5333,"Silver , Lead",,,Domergue 1990: 44-48 .,0,,0,https://oxrep.classics.ox.ac.uk/databases/mines_database/records/1343/,True,,silver;lead,False,,
327,Canadá,Pedroches,Spain,Hispania Baetica,,,,,False,False,False,True,False,38.356004,-4.964184,Copper,Underground Mining,,Domergue 1990: 44-48 .,1,Mine Shaft,0,https://oxrep.classics.ox.ac.uk/databases/mines_database/records/327/,True,,copper,False,,
438,Chaparro Barrenado,Pedroches,Spain,Hispania Baetica,,,,,False,True,True,True,False,38.296926,-4.977778,"Lead , Copper , Silver",Underground Mining,,Domergue 1990: 44-48 .,1,Mine Shaft,0,https://oxrep.classics.ox.ac.uk/databases/mines_database/records/438/,True,,silver;lead;copper,False,,
624,Fontanar,Pedroches,Spain,Hispania Baetica,,,,,False,False,False,True,False,38.301962,-4.950769,Copper,,,Domergue 1990: 44-48 .,0,,0,https://oxrep.classics.ox.ac.uk/databases/mines_database/records/624/,True,,copper,False,,
673,Sortijón del Cuzna,Pedroches,Spain,Hispania Baetica,,,,,False,True,True,True,False,38.197497,-4.938638,"Silver , Copper , Lead",Underground Mining,,Domergue 1990: 44-48 .,1,Mine Shaft,0,https://oxrep.classics.ox.ac.uk/databases/mines_database/records/673/,True,,silver;lead;copper,False,,
749,Los Pobos,Pedroches,Spain,Hispania Baetica,,,,,False,False,False,True,False,38.262668,-4.585189,Copper,,,Domergue 1990: 44-48 .,0,,0,https://oxrep.classics.ox.ac.uk/databases/mines_database/records/749/,True,,copper,False,,
805,La Atalaya,Pedroches,Spain,Hispania Baetica,,,,,False,True,True,True,False,38.265471,-4.920006,"Silver , Lead , Copper",,,Domergue 1990: 44-48 .,0,,0,https://oxrep.classics.ox.ac.uk/databases/mines_database/records/805/,True,,silver;lead;copper,False,,
855,El Soldado,Pedroches,Spain,Hispania Baetica,,,,,False,True,True,False,False,38.317817,-5.09031,"Silver , Lead",Underground Mining,,Domergue 1990: 44-48 .,1,Mine Shaft,0,https://oxrep.classics.ox.ac.uk/databases/mines_database/records/855/,True,,silver;lead,False,,
896,Arroyo Perecedero,Pedroches,Spain,Hispania Baetica,,,,,False,True,True,False,False,38.313736,-5.073306,"Lead , Silver",Underground Mining,,Domergue 1990: 44-48 .,1,Mine Shaft,0,https://oxrep.classics.ox.ac.uk/databases/mines_database/records/896/,True,,silver;lead,False,,
951,Las Morras,Pedroches,Spain,Hispania Baetica,,,,,False,True,True,False,False,38.650368,-5.018602,"Silver , Lead",Underground Mining,,Domergue 1990: 44-49 .,1,Mine Shaft,0,https://oxrep.classics.ox.ac.uk/databases/mines_database/records/951/,True,,silver;lead,False,,
1090,Los Almadenes,Pedroches,Spain,Hispania Baetica,,,,,False,True,True,False,False,38.403839,-5.120316,"Lead , Silver",Underground Mining,,Domergue 1990: 44-48 .,1,Mine Shaft,0,https://oxrep.classics.ox.ac.uk/databases/mines_database/records/1090/,True,,silver;lead,False,,
1220,Cortijo de Peralbo,Pedroches,Spain,Hispania Baetica,,,,,False,False,False,True,False,38.377806,-4.870703,Copper,,,Domergue 1990: 44-48 .,0,,0,https://oxrep.classics.ox.ac.uk/databases/mines_database/records/1220/,True,,copper,False,,
1286,La Pililla,Pedroches,Spain,Hispania Baetica,,,,,False,False,False,True,False,38.39236,-4.823492,Copper,,,Domergue 1990: 44-48 .,0,,0,https://oxrep.classics.ox.ac.uk/databases/mines_database/records/1286/,True,,copper,False,,
1291,Almadenes del Soberbio,Pedroches,Spain,Hispania Baetica,,,,,False,False,False,True,False,38.298975,-4.749755,Copper,,,Domergue 1990: 44-48 .,0,,0,https://oxrep.classics.ox.ac.uk/databases/mines_database/records/1291/,True,,copper,False,,
1627,Dehesa de Quirós,Pedroches,Spain,Hispania Baetica,,,,,False,False,False,True,False,38.305707,-4.837421,Copper,,,Domergue 1990: 44-48 .,0,,0,https://oxrep.classics.ox.ac.uk/databases/mines_database/records/1627/,True,,copper,False,,
1970,Llano Tabernero,Pedroches,Spain,Hispania Baetica,,,,,False,False,False,True,False,38.35198,-4.83338,Copper,,,Domergue 1990: 44-48 .,0,,0,https://oxrep.classics.ox.ac.uk/databases/mines_database/records/1970/,True,,copper,False,,
7,Pentre,Pentre Flintshire,United Kingdom,Brittannia,,100.0,,,False,False,False,True,False,53.2421,-3.1985,Copper,,"Furnaces recorded in 1840s, Halkyn Mountain",Davies 1935: 158-159 .,0,,0,https://oxrep.classics.ox.ac.uk/databases/mines_database/records/7/,True,,copper,False,,
849,Ruy Gomes,Picos de Arocha,Portugal,Hispania Baetica,,,,,False,False,False,True,False,38.137389,-7.359456,Copper,,,Domergue 1990: 49-61 .,0,,0,https://oxrep.classics.ox.ac.uk/databases/mines_database/records/849/,True,,copper,False,,
864,Minancos,Picos de Arocha,Portugal,Hispania Baetica,,,,,False,False,False,True,False,38.159964,-7.123655,Copper,,,Domergue 1990: 49-61 .,0,,0,https://oxrep.classics.ox.ac.uk/databases/mines_database/records/864/,True,,copper,False,,
1264,Crugeira,Picos de Arocha,Portugal,Hispania Baetica,,,,,False,False,False,True,False,38.125204,-7.487795,Copper,,,Domergue 1990: 49-61 .,0,,0,https://oxrep.classics.ox.ac.uk/databases/mines_database/records/1264/,True,,copper,False,,
444,El Juncal,Picos de Arocha,Spain,Hispania Baetica,,,,,False,False,False,True,False,38.115278,-6.898236,Copper,,,Domergue 1990: 49-61 .,0,,0,https://oxrep.classics.ox.ac.uk/databases/mines_database/records/444/,True,,copper,False,,
569,El Campillo,Picos de Arocha,Spain,Hispania Baetica,,,,,False,False,False,True,False,37.6833,-6.6333,Copper,,,Domergue 1990: 49-61 .,0,,0,https://oxrep.classics.ox.ac.uk/databases/mines_database/records/569/,True,,copper,False,,
577,Pico del Aguila,Picos de Arocha,Spain,Hispania Baetica,,,,,False,False,False,True,False,38.030233,-6.911932,Copper,,,Domergue 1990: 49-61 .,0,,0,https://oxrep.classics.ox.ac.uk/databases/mines_database/records/577/,True,,copper,False,,
667,Los Guijarros,Picos de Arocha,Spain,Hispania Baetica,,,,,False,False,False,True,False,38.151779,-6.919323,Copper,,,Domergue 1990: 49-61 .,0,,0,https://oxrep.classics.ox.ac.uk/databases/mines_database/records/667/,True,,copper,False,,
921,Cueva de la Lapa,Picos de Arocha,Spain,Hispania Baetica,,,,,False,False,False,True,False,38.12745,-6.939841,Copper,,,Domergue 1990: 49-61 .,0,,0,https://oxrep.classics.ox.ac.uk/databases/mines_database/records/921/,True,,copper,False,,
1442,Los Culeritos,Picos de Arocha,Spain,Hispania Baetica,,,,,False,False,False,True,False,38.079846,-6.946248,Copper,,,Domergue 1990: 49-61 .,0,,0,https://oxrep.classics.ox.ac.uk/databases/mines_database/records/1442/,True,,copper,False,,
2042,Kučajna,Pincus Valley,Serbia,Moesia Superior,,,,,True,True,False,True,True,44.4514,21.6536,"Copper , Silver , Gold , Iron",,,Davies 1935: 217-218 .,0,,0,https://oxrep.classics.ox.ac.uk/databases/mines_database/records/2042/,True,,gold;silver;copper;iron,False,,
2060,Majdanpek,Pincus Valley,Serbia,Moesia Superior,,,,,True,False,False,True,False,44.416667,21.933333,"Copper , Gold",Underground Mining,,Davies 1935: 218-221 .,2,Gallery; Mining pit,0,https://oxrep.classics.ox.ac.uk/databases/mines_database/records/2060/,True,,gold;copper,False,,
212,La Plagne,Plagne,France,Alpes Cottiae,,,,,False,True,True,False,False,46.1833,5.7333,"Silver , Lead",Underground Mining,,Domergue 2008: 86 .,1,Gallery,0,https://oxrep.classics.ox.ac.uk/databases/mines_database/records/212/,True,,silver;lead,False,,
316,El Ingertal,Posadas,Spain,Hispania Baetica,,,,,False,True,True,False,False,37.853869,-4.939302,"Lead , Silver",Underground Mining,,Domergue 1990: 44-48 .,1,Mine Shaft,0,https://oxrep.classics.ox.ac.uk/databases/mines_database/records/316/,True,,silver;lead,False,,
398,El Francés,Posadas,Spain,Hispania Baetica,,,,,False,True,True,True,False,37.4667,-2.6667,"Silver , Copper , Lead",Underground Mining,,Domergue 1990: 44-48 .,1,Mine Shaft,0,https://oxrep.classics.ox.ac.uk/databases/mines_database/records/398/,True,,silver;lead;copper,False,,
520,El Rincón,Posadas,Spain,Hispania Baetica,,,,,False,True,True,False,False,37.848822,-5.298148,"Silver , Lead",,,Domergue 1990: 44-48 .,0,,0,https://oxrep.classics.ox.ac.uk/databases/mines_database/records/520/,True,,silver;lead,False,,
525,Calamón,Posadas,Spain,Hispania Baetica,,,,,False,True,True,False,False,37.879737,-5.113082,"Lead , Silver",,,Domergue 1990: 44-48 .,0,,0,https://oxrep.classics.ox.ac.uk/databases/mines_database/records/525/,True,,silver;lead,False,,
654,Sta Bárbara,Posadas,Spain,Hispania Baetica,,,,,False,True,True,False,False,37.89104,-5.127974,"Silver , Lead",,,Domergue 1990: 44-48 .,0,,0,https://oxrep.classics.ox.ac.uk/databases/mines_database/records/654/,True,,silver;lead,False,,
705,Dehesa de Covatillas,Posadas,Spain,Hispania Baetica,,,,,False,True,True,False,False,37.860391,-4.994697,"Lead , Silver",Underground Mining,,Domergue 1990: 44-48 .,1,Mine Shaft,0,https://oxrep.classics.ox.ac.uk/databases/mines_database/records/705/,True,,silver;lead,False,,
882,Peña del Águila,Posadas,Spain,Hispania Baetica,,,,,False,True,True,True,False,37.811217,-5.040841,"Lead , Silver , Copper",Underground Mining,,Domergue 1990: 44-48 .,0,,0,https://oxrep.classics.ox.ac.uk/databases/mines_database/records/882/,True,,silver;lead;copper,False,,
965,Cádiz,Posadas,Spain,Hispania Baetica,,,,,False,True,True,False,False,37.824256,-5.088872,"Silver , Lead",,,Domergue 1990: 44-48 .,0,,0,https://oxrep.classics.ox.ac.uk/databases/mines_database/records/965/,True,,silver;lead,False,,
1134,Andrés,Posadas,Spain,Hispania Baetica,,,,,False,True,True,False,False,37.867226,-5.060802,"Silver , Lead",,,Domergue 1990: 44-48 .,0,,0,https://oxrep.classics.ox.ac.uk/databases/mines_database/records/1134/,True,,silver;lead,False,,
1277,Madereros,Posadas,Spain,Hispania Baetica,,,,,False,True,True,True,False,37.850864,-5.007473,"Copper , Lead , Silver",Underground Mining,,Domergue 1990: 44-48 .,1,Mine Shaft,0,https://oxrep.classics.ox.ac.uk/databases/mines_database/records/1277/,True,,silver;lead;copper,False,,
1611,Cerro Castaño,Posadas,Spain,Hispania Baetica,,,,,False,False,False,True,False,37.832286,-5.253652,Copper,,,Domergue 1990: 44-48 .,0,,0,https://oxrep.classics.ox.ac.uk/databases/mines_database/records/1611/,True,,copper,False,,
1897,Cerro del Esparto,Posadas,Spain,Hispania Baetica,,,,,False,False,False,True,False,37.901251,-5.296458,Copper,,,Domergue 1990: 44-48 .,0,,0,https://oxrep.classics.ox.ac.uk/databases/mines_database/records/1897/,True,,copper,False,,
1990,Regia,Regia,Spain,Hispania Tarraconensis,,,,,False,False,True,False,False,41.311137,0.763652,Lead,,,Domergue 1990: 64 .,0,,0,https://oxrep.classics.ox.ac.uk/databases/mines_database/records/1990/,True,,lead,False,,
337,Reocín,Reocín,Spain,Hispania Tarraconensis,,,,,False,False,True,False,False,43.342704,-4.095558,Lead,,Calamine also mined here,Domergue 1990: 64 .,0,,0,https://oxrep.classics.ox.ac.uk/databases/mines_database/records/337/,True,,lead,False,,
1895,Río Ciurana,Rio Ciurana,Spain,Hispania Tarraconensis,,,,,False,False,True,False,False,41.253952,0.50692,Lead,Underground Mining,,Domergue 1990: 64 .,1,Mine Shaft,0,https://oxrep.classics.ox.ac.uk/databases/mines_database/records/1895/,True,,lead,False,,
1952,Rocabruna,Rocabruna,Spain,Hispania Tarraconensis,,,,,True,False,False,True,False,42.3333,2.45,"Gold , Copper",,,Domergue 1990: 64 .,0,,0,https://oxrep.classics.ox.ac.uk/databases/mines_database/records/1952/,True,,gold;copper,False,,
217,La Rodde,Rodde,France,Gallia Narbonensis,,,,,False,True,True,False,False,45.85,2.6333,"Lead , Silver",,,Domergue 2008: 86 .,0,,0,https://oxrep.classics.ox.ac.uk/databases/mines_database/records/217/,True,,silver;lead,False,,
1712,Jezero,Rudnik,Serbia,Moesia Superior,,,,,False,True,True,True,False,44.133333,20.5,"Lead , Copper , Silver",Underground Mining,While this is described as a mine by many scholars there is no archaeological evidence of mining despite the high probability that it was worked. However some inscriptions mention a procurator residing here.,Davies 1935 ; Hirt 2010: 59-61 .,1,Gallery,0,https://oxrep.classics.ox.ac.uk/databases/mines_database/records/1712/,True,,silver;lead;copper,False,,
200,Sauerland,Sauerland,Germany,Germania Inferior,,,,,False,True,True,True,False,53.333333,-3.855556,"Lead , Copper , Silver",,"Difficult to tell extent of Roman workings, given that there was prehistoric mining as well. The local mining villages had imported shells and bowls from the 2nd and 3rd centuries. New infrastructure was created for the mines including roads, settlements and forts. Specialist contractors brought in after military establishment. The opidum was involved in mine workings but whether this was under imperial control is unknown",Domergue 2008: 23 .,0,,0,https://oxrep.classics.ox.ac.uk/databases/mines_database/records/200/,True,"coordinates fall in N Wales, inconsistent with Germany/Germania Inferior - likely source error",silver;lead;copper,False,,
460,El Galayo,Sevilla,Spain,Hispania Baetica,,,,,False,True,True,False,False,37.828569,-5.469669,"Silver , Lead",Underground Mining,,Domergue 1990: 44-48 .,1,Mine Shaft,0,https://oxrep.classics.ox.ac.uk/databases/mines_database/records/460/,True,,silver;lead,False,,
500,Pozo Rico (Sevilla),Sevilla,Spain,Hispania Baetica,,,,,False,True,False,True,False,38.152536,-5.78203,"Copper , Silver",,,Domergue 1990: 44-48 .,0,,0,https://oxrep.classics.ox.ac.uk/databases/mines_database/records/500/,True,,silver;copper,False,,
563,La Onza,Sevilla,Spain,Hispania Baetica,,,,,False,True,True,True,False,38.053977,-5.551836,"Lead , Copper , Silver",Underground Mining,,Domergue 1990: 44-48 .,1,Mine Shaft,0,https://oxrep.classics.ox.ac.uk/databases/mines_database/records/563/,True,,silver;lead;copper,False,,
1191,Gibla,Sevilla,Spain,Hispania Baetica,,,,,False,False,False,True,False,37.989658,-5.575578,Copper,Underground Mining,,Domergue 1990: 44-48 .,1,Mine Shaft,0,https://oxrep.classics.ox.ac.uk/databases/mines_database/records/1191/,True,,copper,False,,
1234,Potosí,Sevilla,Spain,Hispania Baetica,,,,,False,False,False,True,False,38.10841,-5.851321,Copper,,,Domergue 1990: 44-48 .,0,,0,https://oxrep.classics.ox.ac.uk/databases/mines_database/records/1234/,True,,copper,False,,
1295,San Miguel (Sevilla),Sevilla,Spain,Hispania Baetica,,,,,False,True,False,True,False,37.850834,-5.981045,"Copper , Silver",Underground Mining,,Domergue 1990: 44-48 .,0,,0,https://oxrep.classics.ox.ac.uk/databases/mines_database/records/1295/,True,,silver;copper,False,,
1409,Suerte,Sevilla,Spain,Hispania Baetica,,,,,False,True,True,False,False,37.687715,-6.160882,"Silver , Lead",,,Domergue 1990: 44-48 .,0,,0,https://oxrep.classics.ox.ac.uk/databases/mines_database/records/1409/,True,,silver;lead,False,,
1943,Diana,Sevilla,Spain,Hispania Baetica,,,,,False,True,True,False,False,37.659697,-6.250944,"Silver , Lead",,,Domergue 1990: 44-48 .,0,,0,https://oxrep.classics.ox.ac.uk/databases/mines_database/records/1943/,True,,silver;lead,False,,
8,Shelve,Shelve Hill,United Kingdom,Brittannia,,,,,False,True,True,False,False,51.294342,-2.827615,"Lead , Silver",,Coins of Antonius Pius found as well as Hadrianic ingots have been found.,Davies 1935: 159 .,0,,0,https://oxrep.classics.ox.ac.uk/databases/mines_database/records/8/,True,,silver;lead,False,,
210,Siviez,Siviez,Switzerland,Alpes Cottiae,,,,,False,True,True,False,False,46.136611,7.316032,"Lead , Silver",,,Domergue 2008: 86 .,0,,0,https://oxrep.classics.ox.ac.uk/databases/mines_database/records/210/,True,,silver;lead,False,,
1060,Thorikos,Thorikos,Greece,Graecia,,,,,False,True,True,False,False,37.7,24.05,"Silver , Lead",Underground Mining,,Orejas 2003 .,1,Gallery,0,https://oxrep.classics.ox.ac.uk/databases/mines_database/records/1060/,True,,silver;lead,False,,
334,Rusman,Timacum Minus,Serbia,Dalmatia,,,,,True,False,True,True,False,,,"Gold , Copper , Lead",,,Hirt 2010: 68 .,0,,0,https://oxrep.classics.ox.ac.uk/databases/mines_database/records/334/,True,,gold;lead;copper,False,,
351,Gradiste,Timacum Minus,Serbia,Dalmatia,,,,,True,False,False,False,True,43.70363,21.746307,"Gold , Iron",,,Hirt 2010: 68 .,0,,0,https://oxrep.classics.ox.ac.uk/databases/mines_database/records/351/,True,,gold;iron,False,,
590,Valakonje,Timacum Minus,Serbia,Dalmatia,,,,,False,False,False,True,False,43.881032,22.000131,Copper,,,Hirt 2010: 68 .,0,,0,https://oxrep.classics.ox.ac.uk/databases/mines_database/records/590/,True,,copper,False,,
707,Lukovo,Timacum Minus,Serbia,Dalmatia,,,,,False,True,True,False,False,43.802302,21.841408,"Silver , Lead",,,Hirt 2010: 68 .,0,,0,https://oxrep.classics.ox.ac.uk/databases/mines_database/records/707/,True,,silver;lead,False,,
1224,Gorni Lom,Timacum Minus,Serbia,Dalmatia,,,,,False,False,False,True,True,43.48357,22.745145,"Copper , Iron",,,Hirt 2010: 68 .,0,,0,https://oxrep.classics.ox.ac.uk/databases/mines_database/records/1224/,True,,copper;iron,False,,
1996,Zlot,Timacum Minus,Serbia,Dalmatia,,,,,True,True,False,True,False,44.015644,21.975555,"Silver , Gold , Copper",,,Hirt 2010: 68 .,0,,0,https://oxrep.classics.ox.ac.uk/databases/mines_database/records/1996/,True,,gold;silver;copper,False,,
2027,Bor,Timacum Minus,Serbia,Dalmatia,,,,,True,False,False,False,True,44.078333,22.095278,"Gold , Iron",,,Hirt 2010: 68 .,0,,0,https://oxrep.classics.ox.ac.uk/databases/mines_database/records/2027/,True,,gold;iron,False,,
354,Janjevo,Toplica Valley,Kosovo,Moesia Superior,,,,,False,True,True,False,False,42.58363,21.25634,"Silver , Lead",,,Hirt 2010: 57-58 .,0,,0,https://oxrep.classics.ox.ac.uk/databases/mines_database/records/354/,True,,silver;lead,False,,
1508,Lece,Toplica Valley,Kosovo,Moesia Superior,,,,,False,True,True,False,False,42.9042,21.5239,"Silver , Lead",,,Hirt 2010: 57-58 .,0,,0,https://oxrep.classics.ox.ac.uk/databases/mines_database/records/1508/,True,,silver;lead,False,,
1659,Novo Brdo,Toplica Valley,Kosovo,Moesia Superior,,,,,True,True,True,False,False,42.616123,21.435097,"Gold , Silver , Lead",,,Hirt 2010: 57-58 .,0,,0,https://oxrep.classics.ox.ac.uk/databases/mines_database/records/1659/,True,,gold;silver;lead,False,,
9,Agrokipia,Troodos Mountians,Cyprus,Cyprus,,,,,False,False,False,True,False,35.044444,33.155,Copper,Underground Mining,,Orejas 2003 .,0,,0,https://oxrep.classics.ox.ac.uk/databases/mines_database/records/9/,True,,copper,False,,
11,Apliki,Troodos Mountians,Cyprus,Cyprus,,,,,False,False,False,True,False,34.930833,33.116944,Copper,,,Orejas 2001 .,0,,0,https://oxrep.classics.ox.ac.uk/databases/mines_database/records/11/,True,,copper,False,,
12,Asproyia,Troodos Mountians,Cyprus,Cyprus,,,,,False,False,False,True,False,34.921944,32.615556,Copper,,,Orejas 2001 .,0,,0,https://oxrep.classics.ox.ac.uk/databases/mines_database/records/12/,True,,copper,False,,
13,Ayios Mamas,Troodos Mountians,Cyprus,Cyprus,,,,,False,False,False,True,False,34.85,32.95,Copper,,,Orejas 2001 .,0,,0,https://oxrep.classics.ox.ac.uk/databases/mines_database/records/13/,True,,copper,False,,
17,Kalavassos,Troodos Mountians,Cyprus,Cyprus,,,,,False,False,False,True,False,34.916667,33.633333,Copper,,,Orejas 2001 .,0,,0,https://oxrep.classics.ox.ac.uk/databases/mines_database/records/17/,True,,copper,False,,
18,Kambia,Troodos Mountians,Cyprus,Cyprus,,,,,False,False,False,True,False,34.825,32.741667,Copper,,,Orejas 2001 .,0,,0,https://oxrep.classics.ox.ac.uk/databases/mines_database/records/18/,True,,copper,False,,
19,Kinousa,Troodos Mountians,Cyprus,Cyprus,,,,,False,False,False,True,False,,,Copper,,,Orejas 2001 .,0,,0,https://oxrep.classics.ox.ac.uk/databases/mines_database/records/19/,True,,copper,False,,
20,Limni,Troodos Mountians,Cyprus,Cyprus,,,,,False,False,False,True,False,,,Copper,,,Orejas 2001 .,0,,0,https://oxrep.classics.ox.ac.uk/databases/mines_database/records/20/,True,,copper,False,,
23,Mathiatis,Troodos Mountians,Cyprus,Cyprus,,,,,False,False,False,True,False,34.962778,33.336111,Copper,,,Orejas 2001 .,0,,0,https://oxrep.classics.ox.ac.uk/databases/mines_database/records/23/,True,,copper,False,,
24,Mavrovouni,Troodos Mountians,Cyprus,Cyprus,,,,,False,False,False,True,False,,,Copper,,,Orejas 2001 .,0,,0,https://oxrep.classics.ox.ac.uk/databases/mines_database/records/24/,True,,copper,False,,
25,Mazokambos,Troodos Mountians,Cyprus,Cyprus,,,,,False,False,False,True,False,,,Copper,,,Orejas 2001 .,0,,0,https://oxrep.classics.ox.ac.uk/databases/mines_database/records/25/,True,,copper,False,,
26,Mitsero,Troodos Mountians,Cyprus,Cyprus,,,,,False,False,False,True,False,35.042222,33.126944,Copper,,,Orejas 2001 .,0,,0,https://oxrep.classics.ox.ac.uk/databases/mines_database/records/26/,True,,copper,False,,
29,Sha,Troodos Mountians,Cyprus,Cyprus,,,,,False,False,False,True,False,34.954722,33.39,Copper,,,Orejas 2001 .,0,,0,https://oxrep.classics.ox.ac.uk/databases/mines_database/records/29/,True,,copper,False,,
30,Skouriotissa,Troodos Mountians,Cyprus,Cyprus,,,,,False,False,False,True,False,35.091111,32.884722,Copper,,,Orejas 2001 .,0,,0,https://oxrep.classics.ox.ac.uk/databases/mines_database/records/30/,True,,copper,False,,
31,Troulli,Troodos Mountians,Cyprus,Cyprus,,,,,False,False,False,True,False,35.030848,33.616178,Copper,,,Orejas 2001 .,0,,0,https://oxrep.classics.ox.ac.uk/databases/mines_database/records/31/,True,,copper,False,,
232,Poço das Freitas,Trás-os-montes,Portugal,Hispania Tarraconensis,,,,,True,False,False,False,False,41.791607,-7.742692,Gold,,,Domergue 1990: 40-41 .,0,,0,https://oxrep.classics.ox.ac.uk/databases/mines_database/records/232/,True,,gold,False,,
401,Trincheiras,Trás-os-montes,Portugal,Hispania Tarraconensis,,,,,True,False,False,False,False,41.766238,-7.586093,Gold,,,Domergue 1990: 40-41 .,0,,0,https://oxrep.classics.ox.ac.uk/databases/mines_database/records/401/,True,,gold,False,,
916,Serra de Santa Justa,Trás-os-montes,Portugal,Hispania Tarraconensis,,,,,True,False,False,False,False,41.244628,-8.57505,Gold,Underground Mining,,Domergue 1990: 40-41 .,1,Mine Shaft,0,https://oxrep.classics.ox.ac.uk/databases/mines_database/records/916/,True,,gold,False,,
1255,Três Minas,Trás-os-montes,Portugal,Hispania Tarraconensis,,,,,True,False,False,False,False,41.4833,-7.5167,Gold,"Underground Mining , Opencast Mining","Work started shortly after conquest in the 1st century then lasted until the 3rd century. Two main areas worked Corta de Ribeirinha (370m in length, 2.5 million m3 removed) and Corta de Covas (430 m in length 2.3 million m³ removed). Peak extraction dates to first half of second century. Remains which may be part of a water powered ore crushing machine have been found.",Domergue 1990: 40-41 ; Wahl 1993: 123-157 .,1,Gallery,0,https://oxrep.classics.ox.ac.uk/databases/mines_database/records/1255/,True,,gold,False,,
1759,Jales,Trás-os-montes,Portugal,Hispania Tarraconensis,,,,,True,False,False,False,False,41.238762,-8.412027,Gold,Underground Mining,,Domergue 1990: 40-41 .,1,Mine Shaft,0,https://oxrep.classics.ox.ac.uk/databases/mines_database/records/1759/,True,,gold,False,,
1955,Serra de Banjas,Trás-os-montes,Portugal,Hispania Tarraconensis,,,,,True,False,False,False,False,41.238762,-8.412027,Gold,,,Domergue 1990: 40-41 .,0,,0,https://oxrep.classics.ox.ac.uk/databases/mines_database/records/1955/,True,,gold,False,,
269,Valdeconejos,Trás-os-montes,Spain,Hispania Tarraconensis,,,,,False,True,True,False,False,41.768692,-5.707399,"Lead , Silver",,,Domergue 1990: 40-41 .,0,,0,https://oxrep.classics.ox.ac.uk/databases/mines_database/records/269/,True,,silver;lead,False,,
1461,Lozacio,Trás-os-montes,Spain,Hispania Tarraconensis,,,,,False,True,True,False,False,41.699935,-5.789636,"Silver , Lead",Underground Mining,,Domergue 1990: 40-41 .,0,,0,https://oxrep.classics.ox.ac.uk/databases/mines_database/records/1461/,True,,silver;lead,False,,
1868,Udías,Udias,Spain,Hispania Tarraconensis,,,,,False,False,True,False,False,43.338333,-4.246941,Lead,,Calamine also mined here,Domergue 1990: 64 .,0,,0,https://oxrep.classics.ox.ac.uk/databases/mines_database/records/1868/,True,,lead,False,,
205,Vialas,Vialas,France,Gallia Narbonensis,,,,,False,True,True,False,False,44.33444,3.89667,"Lead , Silver",,,Domergue 2008: 23 .,0,,0,https://oxrep.classics.ox.ac.uk/databases/mines_database/records/205/,True,,silver;lead,False,,
206,Villefranche-de-Rouergue,Villefranche-de-Rouergue,France,Gallia Aquitania,,,,,False,True,True,False,False,44.353333,2.035,"Silver , Lead",Underground Mining,,Domergue 2008: 86 .,0,,0,https://oxrep.classics.ox.ac.uk/databases/mines_database/records/206/,True,,silver;lead,False,,
953,Wadi Amram,Wadi Arabah,Israel,Iudaea,,,,,False,False,False,True,False,29.651714,34.937005,Copper,Underground Mining,,Rothenberg 1999: 162-166 .,1,Gallery,0,https://oxrep.classics.ox.ac.uk/databases/mines_database/records/953/,True,,copper,False,,
1620,Timna,Wadi Arabah,Israel,Iudaea,,,,,False,False,False,True,False,29.787778,34.988889,Copper,Underground Mining,,Rothenberg 1999: 162-163 .,1,Slag Heap,0,https://oxrep.classics.ox.ac.uk/databases/mines_database/records/1620/,True,,copper,False,,
2053,Faynan,Wadi Arabah,Jordan,Arabia Petraea,106.0,271.0,600.0,,False,False,False,True,False,30.627084,35.493837,Copper,"Opencast Mining , Underground Mining","Known as Phaeno in Roman times. A copper mining site located in the Wadi Faynan off the Wadi ‘Arabah. Peak production was in the fourth century which is later than most mining sites especially those in the western empire. The underground mining was extensive and the mine of Umm al-Amad is one of the largest known mine galleries in the Roman empire. An estimated 2,500-7,000 tons of copper were produced here.",Barker 2007: 307-348 .,2,Gallery; Mine Shaft,0,https://oxrep.classics.ox.ac.uk/databases/mines_database/records/2053/,True,,copper,True,0.0,1.0
267,Baramiya,,Egypt,Aegyptus,,,,,True,False,False,False,False,,,Gold,,,,0,,0,https://oxrep.classics.ox.ac.uk/databases/mines_database/records/267/,True,,gold,False,,
488,Bukhalug,,Egypt,Aegyptus,,,,,True,False,False,False,False,,,Gold,,,,0,,0,https://oxrep.classics.ox.ac.uk/databases/mines_database/records/488/,True,,gold,False,,
516,Sukkari,,Egypt,Aegyptus,,,,,True,False,False,False,False,24.949286,34.716337,Gold,,,,0,,0,https://oxrep.classics.ox.ac.uk/databases/mines_database/records/516/,True,,gold,False,,
826,Siqdit,,Egypt,Aegyptus,,,,,True,False,False,False,False,,,Gold,,,,0,,0,https://oxrep.classics.ox.ac.uk/databases/mines_database/records/826/,True,,gold,False,,
919,Abu Zawal,,Egypt,Aegyptus,,,,,True,False,False,False,False,26.666667,33.233333,Gold,,,,0,,0,https://oxrep.classics.ox.ac.uk/databases/mines_database/records/919/,True,,gold,False,,
1076,Atalla,,Egypt,Aegyptus,,,,,True,False,False,False,False,,,Gold,,,,0,,0,https://oxrep.classics.ox.ac.uk/databases/mines_database/records/1076/,True,,gold,False,,
1132,Samut,,Egypt,Aegyptus,,,,,True,False,False,False,False,24.8394,33.9488,Gold,,,,0,,0,https://oxrep.classics.ox.ac.uk/databases/mines_database/records/1132/,True,,gold,False,,
1443,Dunqash,,Egypt,Aegyptus,,,,,True,False,False,False,False,24.933333,33.866667,Gold,,,,0,,0,https://oxrep.classics.ox.ac.uk/databases/mines_database/records/1443/,True,,gold,False,,
1527,Bir Umm Fawakhir,,Egypt,Aegyptus,,,,,True,False,False,False,False,24.952795,34.711604,Gold,Underground Mining,"A Byzantine gold mining site surveyed by archaeologists in detail. 216 buildings have been identified housing an estimated labor force of 1,000. Given the sites remote nature almost all supplies had to be transported and similar to the quarry sites Mons Claudianus and Porphyrites documents record the supply contacts with the Nile valley. To be profitable it had to be a large state run mine.",Meyer 1998: 259-275 .,1,Mine Shaft,0,https://oxrep.classics.ox.ac.uk/databases/mines_database/records/1527/,True,,gold,False,,
1663,Gelli,,Egypt,Aegyptus,,,,,True,False,False,False,False,,,Gold,,,,0,,0,https://oxrep.classics.ox.ac.uk/databases/mines_database/records/1663/,True,,gold,False,,
1694,Ghuzza,,Egypt,Aegyptus,,,,,True,False,False,False,False,,,Gold,,,,0,,0,https://oxrep.classics.ox.ac.uk/databases/mines_database/records/1694/,True,,gold,False,,
1844,Eridiya,,Egypt,Aegyptus,,,,,True,False,False,False,False,,,Gold,,,,0,,0,https://oxrep.classics.ox.ac.uk/databases/mines_database/records/1844/,True,,gold,False,,
2018,Persou,,Egypt,Aegyptus,,,,,True,False,False,False,False,,,Gold,,,,0,,0,https://oxrep.classics.ox.ac.uk/databases/mines_database/records/2018/,True,,gold,False,,
1908,Thasos (mountains),,Greece,Graecia,,,,,False,False,False,True,False,40.716667,24.766667,Copper,"Opencast Mining , Underground Mining",,Domergue 2008: 106-108 .,0,,0,https://oxrep.classics.ox.ac.uk/databases/mines_database/records/1908/,True,,copper,False,,
1846,Cerro da Mina,,Portugal,Lusitania,,,,,False,False,False,True,False,37.44998,-7.750004,Copper,,,Domergue 1990: 49-62 .,0,,0,https://oxrep.classics.ox.ac.uk/databases/mines_database/records/1846/,True,,copper,False,,
2047,Santo Estevão,,Portugal,Lusitania,,,,,False,False,False,True,False,38.859618,-8.744744,Copper,,,Domergue 1990: 49-62 .,0,,0,https://oxrep.classics.ox.ac.uk/databases/mines_database/records/2047/,True,,copper,False,,
2108,Boicza,,Romania,Dacia,106.0,271.0,106.0,271.0,True,False,False,False,False,,,Gold,,,Davies 1935: 202 .,1,Gallery,0,https://oxrep.classics.ox.ac.uk/databases/mines_database/records/2108/,True,,gold,True,0.0,1.0
2101,Kosmaj,,Serbia,Moesia Superior,,,,,False,True,True,False,False,44.466667,20.566667,"Lead , Silver",Underground Mining,,Merkel 2007: 39-78 ; Hirt 2010 .,3,Gallery; Mining pit; Slag Heap,0,https://oxrep.classics.ox.ac.uk/databases/mines_database/records/2101/,True,,silver;lead,False,,
247,Miraflores,,Spain,Hispania Baetica,,,,,False,True,True,True,False,38.778342,-5.599583,"Lead , Copper , Silver",Underground Mining,,Domergue 1990: 44-48 .,1,Mine Shaft,0,https://oxrep.classics.ox.ac.uk/databases/mines_database/records/247/,True,,silver;lead;copper,False,,
359,Barrio Nuevo,,Spain,Hispania Baetica,,,,,False,True,True,False,False,38.770187,-5.612944,"Silver , Lead",,,Domergue 1990: 44-48 .,0,,0,https://oxrep.classics.ox.ac.uk/databases/mines_database/records/359/,True,,silver;lead,False,,
457,Pico de Lirio,,Spain,Hispania Baetica,,,,,False,True,True,False,False,38.784564,-5.617517,"Silver , Lead",,,Domergue 1990: 44-48 .,0,,0,https://oxrep.classics.ox.ac.uk/databases/mines_database/records/457/,True,,silver;lead,False,,
639,Santo Cristo,,Spain,Hispania Baetica,,,,,False,True,True,False,False,38.634095,-5.785174,"Lead , Silver",Underground Mining,,Domergue 1990: 44-48 .,1,Mine Shaft,0,https://oxrep.classics.ox.ac.uk/databases/mines_database/records/639/,True,,silver;lead,False,,
732,Fuente la Zarza,,Spain,Hispania Baetica,,,,,False,True,True,False,False,38.646649,-5.281374,"Lead , Silver",,,Domergue 1990: 44-48 .,0,,0,https://oxrep.classics.ox.ac.uk/databases/mines_database/records/732/,True,,silver;lead,False,,
875,Cerro de la Mina,,Spain,Hispania Baetica,,,,,False,True,True,False,False,38.495211,-6.541096,"Lead , Silver",Underground Mining,,Domergue 1990: 44-48 .,1,Mine Shaft,0,https://oxrep.classics.ox.ac.uk/databases/mines_database/records/875/,True,,silver;lead,False,,
990,Arroyo Chamazo,,Spain,Hispania Baetica,,,,,False,True,True,False,False,38.760284,-5.914305,"Silver , Lead",,,Domergue 1990: 44-48 .,0,,0,https://oxrep.classics.ox.ac.uk/databases/mines_database/records/990/,True,,silver;lead,False,,
1048,Rebelde Julia,,Spain,Hispania Baetica,,,,,False,True,True,False,False,38.760907,-5.587222,"Lead , Silver",Underground Mining,,Domergue 1990: 44-48 .,1,Mine Shaft,0,https://oxrep.classics.ox.ac.uk/databases/mines_database/records/1048/,True,,silver;lead,False,,
1148,Lomo de Perro,,Spain,Hispania Baetica,,,,,False,True,True,True,False,38.774722,-5.456813,"Copper , Lead , Silver",Underground Mining,,Domergue 1990: 44-48 .,1,Mine Shaft,0,https://oxrep.classics.ox.ac.uk/databases/mines_database/records/1148/,True,,silver;lead;copper,False,,
1150,El Buho,,Spain,Hispania Baetica,,,,,False,True,True,False,False,38.707427,-5.616804,"Lead , Silver",Underground Mining,,Domergue 1990: 44-48 .,1,Mine Shaft,0,https://oxrep.classics.ox.ac.uk/databases/mines_database/records/1150/,True,,silver;lead,False,,
1211,Triunfo Nueva Estrella,,Spain,Hispania Baetica,,,,,False,True,True,False,False,38.785458,-5.562787,"Silver , Lead",,,Domergue 1990: 44-48 .,0,,0,https://oxrep.classics.ox.ac.uk/databases/mines_database/records/1211/,True,,silver;lead,False,,
1226,Arroyo de las Minetas,,Spain,Hispania Baetica,,,,,False,True,True,False,False,38.792634,-6.082369,"Lead , Silver",,,Domergue 1990: 44-48 .,0,,0,https://oxrep.classics.ox.ac.uk/databases/mines_database/records/1226/,True,,silver;lead,False,,
1437,Cancho Blanco,,Spain,Hispania Baetica,,,,,False,True,True,False,False,38.600937,-5.81707,"Lead , Silver",,,Domergue 1990: 44-48 .,0,,0,https://oxrep.classics.ox.ac.uk/databases/mines_database/records/1437/,True,,silver;lead,False,,
1580,Gamonita,,Spain,Hispania Baetica,,,,,False,True,True,False,False,38.708465,-5.560633,"Lead , Silver",Underground Mining,,Domergue 1990: 44-48 .,0,,0,https://oxrep.classics.ox.ac.uk/databases/mines_database/records/1580/,True,,silver;lead,False,,
1621,Tamarindo,,Spain,Hispania Baetica,,,,,False,True,True,False,False,38.752084,-5.534783,"Lead , Silver",Underground Mining,,Domergue 1990: 44-48 .,1,Mine Shaft,0,https://oxrep.classics.ox.ac.uk/databases/mines_database/records/1621/,True,,silver;lead,False,,
1667,Majada Hermosa,,Spain,Hispania Baetica,,,,,False,True,True,False,False,38.698903,-5.357016,"Lead , Silver",,,Domergue 1990: 44-48 .,0,,0,https://oxrep.classics.ox.ac.uk/databases/mines_database/records/1667/,True,,silver;lead,False,,
1742,Antoñita,,Spain,Hispania Baetica,,,,,False,True,True,True,False,38.775136,-5.552935,"Lead , Copper , Silver",,,Domergue 1990: 44-48 .,0,,0,https://oxrep.classics.ox.ac.uk/databases/mines_database/records/1742/,True,,silver;lead;copper,False,,
1747,La Perdiz,,Spain,Hispania Baetica,,,,,False,True,True,False,False,38.79091,-6.005756,"Lead , Silver",,,Domergue 1990: 44-48 .,0,,0,https://oxrep.classics.ox.ac.uk/databases/mines_database/records/1747/,True,,silver;lead,False,,
1883,La Matilla,,Spain,Hispania Baetica,,,,,False,True,True,False,False,38.495499,-5.993158,"Silver , Lead",,,Domergue 1990: 44-48 .,0,,0,https://oxrep.classics.ox.ac.uk/databases/mines_database/records/1883/,True,,silver;lead,False,,
1948,Atollar de los Frailes,,Spain,Hispania Baetica,,,,,False,True,True,False,False,38.624862,-5.610548,"Silver , Lead",,,Domergue 1990: 44-48 .,0,,0,https://oxrep.classics.ox.ac.uk/databases/mines_database/records/1948/,True,,silver;lead,False,,
1958,Quinto Rascarroña,,Spain,Hispania Baetica,,,,,False,True,True,False,False,38.82907,-5.25235,"Lead , Silver",Underground Mining,,Domergue 1990: 44-48 .,0,,0,https://oxrep.classics.ox.ac.uk/databases/mines_database/records/1958/,True,,silver;lead,False,,
1991,Cerro de la Cruces,,Spain,Hispania Baetica,,,,,False,True,True,False,False,38.550307,-6.068925,"Silver , Lead",,,Domergue 1990: 44-48 .,0,,0,https://oxrep.classics.ox.ac.uk/databases/mines_database/records/1991/,True,,silver;lead,False,,
2001,La Alondra,,Spain,Hispania Baetica,,,,,False,True,True,False,False,38.767287,-5.586174,"Silver , Lead",Underground Mining,,Domergue 1990: 44-48 .,1,Mine Shaft,0,https://oxrep.classics.ox.ac.uk/databases/mines_database/records/2001/,True,,silver;lead,False,,
292,Monterroso,,Spain,Hispania Tarraconensis,,,,,True,False,False,False,False,43.128778,-6.765377,Gold,,,Domergue 1990: 40-42 .,0,,0,https://oxrep.classics.ox.ac.uk/databases/mines_database/records/292/,True,,gold,False,,
357,La Mortera,,Spain,Hispania Tarraconensis,,,,,True,False,False,False,False,43.322709,-6.58308,Gold,,,Domergue 1990: 40-42 .,0,,0,https://oxrep.classics.ox.ac.uk/databases/mines_database/records/357/,True,,gold,False,,
476,Fastias,,Spain,Hispania Tarraconensis,,,,,True,False,False,False,False,43.4049,-6.444853,Gold,,,Domergue 1990: 40-42 .,0,,0,https://oxrep.classics.ox.ac.uk/databases/mines_database/records/476/,True,,gold,False,,
506,El Bachicón,,Spain,Hispania Tarraconensis,,,,,True,False,False,False,False,43.267883,-6.705021,Gold,,,Domergue 1990: 40-42 .,1,Opencast Mining,0,https://oxrep.classics.ox.ac.uk/databases/mines_database/records/506/,True,,gold,False,,
568,Agüera,,Spain,Hispania Tarraconensis,,,,,True,False,False,False,False,43.445796,-6.503673,Gold,,,Domergue 1990: 40-42 .,0,,0,https://oxrep.classics.ox.ac.uk/databases/mines_database/records/568/,True,,gold,False,,
609,Alto del Palo,,Spain,Hispania Tarraconensis,,,,,True,False,False,False,False,43.315181,-6.62104,Gold,,,Domergue 1990: 40-42 .,0,,0,https://oxrep.classics.ox.ac.uk/databases/mines_database/records/609/,True,,gold,False,,
744,Lanz,,Spain,Hispania Tarraconensis,,,,,False,False,False,True,False,42.998148,-1.620067,Copper,,,Domergue 1990: 64 .,0,,0,https://oxrep.classics.ox.ac.uk/databases/mines_database/records/744/,True,,copper,False,,
771,Pico Montouto,,Spain,Hispania Tarraconensis,,,,,True,False,False,False,False,43.331134,-6.635069,Gold,,,Domergue 1990: 40-42 .,0,,0,https://oxrep.classics.ox.ac.uk/databases/mines_database/records/771/,True,,gold,False,,
865,Penedela,,Spain,Hispania Tarraconensis,,,,,False,True,True,False,False,42.996921,-6.796154,"Silver , Lead",,,Domergue 1990: 40-42 .,0,,0,https://oxrep.classics.ox.ac.uk/databases/mines_database/records/865/,True,,silver;lead,False,,
879,Navelgas,,Spain,Hispania Tarraconensis,,,,,True,False,False,False,False,43.405794,-6.543346,Gold,,,Domergue 1990: 40-42 .,0,,0,https://oxrep.classics.ox.ac.uk/databases/mines_database/records/879/,True,,gold,False,,
908,Ermita de Andamies,,Spain,Hispania Tarraconensis,,,,,True,False,False,False,False,43.391727,-6.473667,Gold,,,Domergue 1990: 40-42 .,0,,0,https://oxrep.classics.ox.ac.uk/databases/mines_database/records/908/,True,,gold,False,,
1006,Río del Oro,,Spain,Hispania Tarraconensis,,,,,True,False,False,False,False,43.273884,-6.828116,Gold,,,Domergue 1990: 40-42 .,0,,0,https://oxrep.classics.ox.ac.uk/databases/mines_database/records/1006/,True,,gold,False,,
1072,Lavadoira,,Spain,Hispania Tarraconensis,,,,,True,False,False,False,False,43.300541,-6.647281,Gold,,,Domergue 1990: 40-42 .,0,,0,https://oxrep.classics.ox.ac.uk/databases/mines_database/records/1072/,True,,gold,False,,
1073,Porciles,,Spain,Hispania Tarraconensis,,,,,True,False,False,False,False,43.302398,-6.59967,Gold,,,Domergue 1990: 40-42 .,0,,0,https://oxrep.classics.ox.ac.uk/databases/mines_database/records/1073/,True,,gold,False,,
1087,Santiago Cerredo,,Spain,Hispania Tarraconensis,,,,,True,False,False,False,False,43.334847,-6.57764,Gold,,,Domergue 1990: 40-42 .,0,,0,https://oxrep.classics.ox.ac.uk/databases/mines_database/records/1087/,True,,gold,False,,
1152,Pumar,,Spain,Hispania Tarraconensis,,,,,True,False,False,False,False,43.172329,-6.747015,Gold,,,Domergue 1990: 40-42 .,0,,0,https://oxrep.classics.ox.ac.uk/databases/mines_database/records/1152/,True,,gold,False,,
1174,Río Navia 2,,Spain,Hispania Tarraconensis,,,,,True,False,False,False,False,43.519675,-6.738616,Gold,"Hydraulic Mining , Rake/comb",,Domergue 1990: 40-42 .,0,,0,https://oxrep.classics.ox.ac.uk/databases/mines_database/records/1174/,True,,gold,False,,
1334,Sierra de Begega,,Spain,Hispania Tarraconensis,,,,,True,False,False,False,False,43.3,-6.266667,Gold,,,Domergue 1990: 40-42 .,0,,0,https://oxrep.classics.ox.ac.uk/databases/mines_database/records/1334/,True,,gold,False,,
1352,Estrella,,Spain,Hispania Tarraconensis,,,,,False,True,False,True,False,41.027754,-1.879932,"Copper , Silver",,Remains of a mine and smelteries found.,Domergue 1990: 64 .,0,,0,https://oxrep.classics.ox.ac.uk/databases/mines_database/records/1352/,True,,silver;copper,False,,
1406,Lagos de Silva,,Spain,Hispania Tarraconensis,,,,,True,False,False,False,False,43.542166,-6.901318,Gold,,,Domergue 1990: 40-42 .,0,,0,https://oxrep.classics.ox.ac.uk/databases/mines_database/records/1406/,True,,gold,False,,
1429,Hervederas,,Spain,Hispania Tarraconensis,,,,,True,False,False,False,False,43.348637,-6.540533,Gold,,,Domergue 1990: 40-42 .,0,,0,https://oxrep.classics.ox.ac.uk/databases/mines_database/records/1429/,True,,gold,False,,
1503,Ibollo,,Spain,Hispania Tarraconensis,,,,,True,False,False,False,False,43.232455,-6.72536,Gold,,,Domergue 1990: 40-42 .,0,,0,https://oxrep.classics.ox.ac.uk/databases/mines_database/records/1503/,True,,gold,False,,
1540,Arroyo del Oro,,Spain,Hispania Tarraconensis,,,,,True,False,False,False,False,43.358683,-6.684119,Gold,,,Domergue 1990: 40-42 .,0,,0,https://oxrep.classics.ox.ac.uk/databases/mines_database/records/1540/,True,,gold,False,,
1599,Faidiel,,Spain,Hispania Tarraconensis,,,,,True,False,False,False,False,43.202362,-6.731678,Gold,,,Domergue 1990: 40-42 .,0,,0,https://oxrep.classics.ox.ac.uk/databases/mines_database/records/1599/,True,,gold,False,,
1822,Carcabón de Orrúa,,Spain,Hispania Tarraconensis,,,,,True,False,False,False,False,43.332875,-6.761223,Gold,,,Domergue 1990: 40-42 .,0,,0,https://oxrep.classics.ox.ac.uk/databases/mines_database/records/1822/,True,,gold,False,,
1843,Solmayor,,Spain,Hispania Tarraconensis,,,,,True,False,False,False,False,43.42047,-7.120685,Gold,,,Domergue 1990: 40-42 .,0,,0,https://oxrep.classics.ox.ac.uk/databases/mines_database/records/1843/,True,,gold,False,,
1856,Arganza,,Spain,Hispania Tarraconensis,,,,,True,False,False,False,False,43.238064,-6.540513,Gold,,,Domergue 1990: 40-42 .,0,,0,https://oxrep.classics.ox.ac.uk/databases/mines_database/records/1856/,True,,gold,False,,
1907,Río Ibias,,Spain,Hispania Tarraconensis,,,,,True,False,False,False,False,43.033094,-6.866902,Gold,,,Domergue 1990: 40-42 .,0,,0,https://oxrep.classics.ox.ac.uk/databases/mines_database/records/1907/,True,,gold,False,,
1982,San Félix de Las Montañas,,Spain,Hispania Tarraconensis,,,,,True,False,False,False,False,43.264214,-6.536641,Gold,,,Domergue 1990: 40-42 .,0,,0,https://oxrep.classics.ox.ac.uk/databases/mines_database/records/1982/,True,,gold,False,,
1999,Ablaneda,,Spain,Hispania Tarraconensis,,,,,True,False,False,False,False,43.375336,-6.260581,Gold,,,Domergue 1990: 40-42 .,0,,0,https://oxrep.classics.ox.ac.uk/databases/mines_database/records/1999/,True,,gold,False,,
2015,Riodeporcos,,Spain,Hispania Tarraconensis,,,,,False,True,True,False,False,43.093857,-6.85472,"Lead , Silver",,,Domergue 1990: 40-42 .,0,,0,https://oxrep.classics.ox.ac.uk/databases/mines_database/records/2015/,True,,silver;lead,False,,
2010,Gumuldur,,Turkey,Asia,,,,,False,True,True,False,False,38.076393,27.02204,"Silver , Lead",,,,0,,0,https://oxrep.classics.ox.ac.uk/databases/mines_database/records/2010/,True,,silver;lead,False,,
16,Dolaucothi,,United Kingdom,Brittannia,70.0,150.0,,,True,False,False,False,False,52.0446,-3.9498,Gold,"Opencast Mining , Ground Sluicing , Underground Mining , Hushing","A Roman gold mine located in Pumsaint, Wales operating from the first through the third century. The nearby fort (2ha) likely oversaw the mining operation and suggest imperial control of the mines. However civilian contractors likely worked the mines later after establishment. A large hydraulic system was set up with multiple tanks and 5 aqueducts one over 11km in length for exploiting the open cast pits. Underground mining also took place to considerable depths and pieces of a water wheel used to drain the mines were found in the 1930’s. Bath house ans workshops found nearby mines.",Davies 1935: 154-156 ; Orejas 2003 ; Burnham - Burnham 2004 ; Domergue 2008: 23 .,6,Aqueduct; Gallery; Hushing Tank; Opencast Mining; Water Wheel (Water-Lifting System); undefined location,0,https://oxrep.classics.ox.ac.uk/databases/mines_database/records/16/,True,,gold,True,1.0,1.0
21,Llanymynech,,United Kingdom,Brittannia,,,,,False,False,False,True,False,52.781339,-3.09027,Copper,Underground Mining,"Roads, settlements and forts created by specialist contractors brought in after military establishment. 33 denarii of Antonius Pius and coins of Constantine were found. Roads and track ways leading between Great Orme and the Chester (Deva) fort.",Davies 1935: 160-161 ; Orejas 2003 .,2,Gallery; Mine Shaft,0,https://oxrep.classics.ox.ac.uk/databases/mines_database/records/21/,True,,copper,False,,
22,Matlock,,United Kingdom,Brittannia,,,,,False,True,True,False,False,53.08389,-1.47908,"Lead , Silver",Opencast Mining,,Orejas 2003 .,0,,0,https://oxrep.classics.ox.ac.uk/databases/mines_database/records/22/,True,,silver;lead,False,,
27,Parys Mountain,,United Kingdom,Brittannia,43.0,,,,False,False,False,True,False,53.382222,-4.3525,Copper,Underground Mining,"The creation of roads, settlements and forts suggests novo specialist contractors brought in after establishment by military. Towers and a fort, Caer Gybi, are located nearby as well as a Fort at Chester (Deva) to the east this indicates a high degree of military control. However there is evidence that civilians were involved in the mining.",Orejas 2003 ; Orejas 2003 .,2,Gallery; Mine Shaft,0,https://oxrep.classics.ox.ac.uk/databases/mines_database/records/27/,True,,copper,True,1.0,1.0
32,Victumlae,,United Kingdom,Brittannia,,,,,False,False,False,False,False,,,,,,,0,,0,https://oxrep.classics.ox.ac.uk/databases/mines_database/records/32/,True,,,False,,
752,Wirksworth,,United Kingdom,Brittannia,,,,,False,True,True,False,False,53.08,-1.57,"Lead , Silver",Opencast Mining,,Orejas 2003 .,0,,0,https://oxrep.classics.ox.ac.uk/databases/mines_database/records/752/,True,,silver;lead,False,,
